department,category,subcategory,name_slug,primary_sku,color_variant_skus,num_colors,product_url,image_url_guess
남성,가방,모두보기,aren-boston-bag-in-bandana-visetos,MMBDATA02BK001,MMBDATA02BK001,1,https://kr.mcmworldwide.com/ko_KR/%EB%82%A8%EC%84%B1/%EA%B0%80%EB%B0%A9/%EB%AA%A8%EB%91%90%EB%B3%B4%EA%B8%B0/aren-boston-bag-in-bandana-visetos/MMBDATA02BK001.html,https://images.mcmworldwide.com/i/mcmworldwide/MMBDATA02BK001_01/MMBDATA02BK001/aren-boston-bag-in-bandana-visetos?$large$&fmt=auto&qlt=default
남성,가방,모두보기,stark-비세토스-사이드-스터드--베베-부--백팩,MMKEAVE17PZ001,MMKEAVE17PZ001,1,https://kr.mcmworldwide.com/ko_KR/%EB%82%A8%EC%84%B1/%EA%B0%80%EB%B0%A9/%EB%AA%A8%EB%91%90%EB%B3%B4%EA%B8%B0/stark-%EB%B9%84%EC%84%B8%ED%86%A0%EC%8A%A4-%EC%82%AC%EC%9D%B4%EB%93%9C-%EC%8A%A4%ED%84%B0%EB%93%9C--%EB%B2%A0%EB%B2%A0-%EB%B6%80--%EB%B0%B1%ED%8C%A9/MMKEAVE17PZ001.html,https://images.mcmworldwide.com/i/mcmworldwide/MMKEAVE17PZ001_01/MMKEAVE17PZ001/stark-비세토스-사이드-스터드--베베-부--백팩?$large$&fmt=auto&qlt=default
남성,가방,백팩,aren-econyl®과-가죽을-사용한-백팩,MMKFATA01K8001,MMKFATA01K8001,1,https://kr.mcmworldwide.com/ko_KR/%EB%82%A8%EC%84%B1/%EA%B0%80%EB%B0%A9/%EB%B0%B1%ED%8C%A9/aren-econyl%C2%AE%EA%B3%BC-%EA%B0%80%EC%A3%BD%EC%9D%84-%EC%82%AC%EC%9A%A9%ED%95%9C-%EB%B0%B1%ED%8C%A9/MMKFATA01K8001.html,https://images.mcmworldwide.com/i/mcmworldwide/MMKFATA01K8001_01/MMKFATA01K8001/aren-econyl®과-가죽을-사용한-백팩?$large$&fmt=auto&qlt=default
남성,가방,백팩,aren-노바-모노그램-econyl®-백팩,MMKGATA02BK001,MMKGATA02BK001,1,https://kr.mcmworldwide.com/ko_KR/%EB%82%A8%EC%84%B1/%EA%B0%80%EB%B0%A9/%EB%B0%B1%ED%8C%A9/aren-%EB%85%B8%EB%B0%94-%EB%AA%A8%EB%85%B8%EA%B7%B8%EB%9E%A8-econyl%C2%AE-%EB%B0%B1%ED%8C%A9/MMKGATA02BK001.html,https://images.mcmworldwide.com/i/mcmworldwide/MMKGATA02BK001_01/MMKGATA02BK001/aren-노바-모노그램-econyl®-백팩?$large$&fmt=auto&qlt=default
남성,가방,백팩,aren-비세토스-멀티-백팩,MMKEATA02CO001,MMKEATA02CO001,1,https://kr.mcmworldwide.com/ko_KR/%EB%82%A8%EC%84%B1/%EA%B0%80%EB%B0%A9/%EB%B0%B1%ED%8C%A9/aren-%EB%B9%84%EC%84%B8%ED%86%A0%EC%8A%A4-%EB%A9%80%ED%8B%B0-%EB%B0%B1%ED%8C%A9/MMKEATA02CO001.html,https://images.mcmworldwide.com/i/mcmworldwide/MMKEATA02CO001_01/MMKEATA02CO001/aren-비세토스-멀티-백팩?$large$&fmt=auto&qlt=default
남성,가방,백팩,aren-모노그램-데님-자카드-멀티-백팩,MMKFATA02HD001,MMKFATA02HD001,1,https://kr.mcmworldwide.com/ko_KR/%EB%82%A8%EC%84%B1/%EA%B0%80%EB%B0%A9/%EB%B0%B1%ED%8C%A9/aren-%EB%AA%A8%EB%85%B8%EA%B7%B8%EB%9E%A8-%EB%8D%B0%EB%8B%98-%EC%9E%90%EC%B9%B4%EB%93%9C-%EB%A9%80%ED%8B%B0-%EB%B0%B1%ED%8C%A9/MMKFATA02HD001.html,https://images.mcmworldwide.com/i/mcmworldwide/MMKFATA02HD001_01/MMKFATA02HD001/aren-모노그램-데님-자카드-멀티-백팩?$large$&fmt=auto&qlt=default
남성,가방,백팩,aren-다이아몬드-퀼팅-레더-백팩,MMKGATA01BK001,MMKGATA01BK001,1,https://kr.mcmworldwide.com/ko_KR/%EB%82%A8%EC%84%B1/%EA%B0%80%EB%B0%A9/%EB%B0%B1%ED%8C%A9/aren-%EB%8B%A4%EC%9D%B4%EC%95%84%EB%AA%AC%EB%93%9C-%ED%80%BC%ED%8C%85-%EB%A0%88%EB%8D%94-%EB%B0%B1%ED%8C%A9/MMKGATA01BK001.html,https://images.mcmworldwide.com/i/mcmworldwide/MMKGATA01BK001_01/MMKGATA01BK001/aren-다이아몬드-퀼팅-레더-백팩?$large$&fmt=auto&qlt=default
남성,가방,백팩,aren-노바-나일론-백팩,MMKGATA03MT001,MMKGATA03MT001,1,https://kr.mcmworldwide.com/ko_KR/%EB%82%A8%EC%84%B1/%EA%B0%80%EB%B0%A9/%EB%B0%B1%ED%8C%A9/aren-%EB%85%B8%EB%B0%94-%EB%82%98%EC%9D%BC%EB%A1%A0-%EB%B0%B1%ED%8C%A9/MMKGATA03MT001.html,https://images.mcmworldwide.com/i/mcmworldwide/MMKGATA03MT001_01/MMKGATA03MT001/aren-노바-나일론-백팩?$large$&fmt=auto&qlt=default
남성,가방,백팩,aren-비세토스-슬링,MMLFSTA01CO001,MMLFSTA01CO001;MMLFSTA06CO001;MMLGSTA03BK001,3,https://kr.mcmworldwide.com/ko_KR/%EB%82%A8%EC%84%B1/%EA%B0%80%EB%B0%A9/%EB%B0%B1%ED%8C%A9/aren-%EB%B9%84%EC%84%B8%ED%86%A0%EC%8A%A4-%EC%8A%AC%EB%A7%81/MMLFSTA01CO001.html,https://images.mcmworldwide.com/i/mcmworldwide/MMLFSTA01CO001_01/MMLFSTA01CO001/aren-비세토스-슬링?$large$&fmt=auto&qlt=default
남성,가방,백팩,aren-리사이클-나일론-슬링백,MMLFSTA07BK001,MMLFSTA07BK001,1,https://kr.mcmworldwide.com/ko_KR/%EB%82%A8%EC%84%B1/%EA%B0%80%EB%B0%A9/%EB%B0%B1%ED%8C%A9/aren-%EB%A6%AC%EC%82%AC%EC%9D%B4%ED%81%B4-%EB%82%98%EC%9D%BC%EB%A1%A0-%EC%8A%AC%EB%A7%81%EB%B0%B1/MMLFSTA07BK001.html,https://images.mcmworldwide.com/i/mcmworldwide/MMLFSTA07BK001_01/MMLFSTA07BK001/aren-리사이클-나일론-슬링백?$large$&fmt=auto&qlt=default
남성,가방,백팩,aren-엠보스드-모노그램-레더-슬링백,MMLGATA02BK001,MMLGATA02BK001,1,https://kr.mcmworldwide.com/ko_KR/%EB%82%A8%EC%84%B1/%EA%B0%80%EB%B0%A9/%EB%B0%B1%ED%8C%A9/aren-%EC%97%A0%EB%B3%B4%EC%8A%A4%EB%93%9C-%EB%AA%A8%EB%85%B8%EA%B7%B8%EB%9E%A8-%EB%A0%88%EB%8D%94-%EC%8A%AC%EB%A7%81%EB%B0%B1/MMLGATA02BK001.html,https://images.mcmworldwide.com/i/mcmworldwide/MMLGATA02BK001_01/MMLGATA02BK001/aren-엠보스드-모노그램-레더-슬링백?$large$&fmt=auto&qlt=default
남성,가방,백팩,aren-비세토스-슬링백,MMLGATA03CO001,MMLGATA03CO001;MMLGATA04CO001;MMLGATA05K8001,3,https://kr.mcmworldwide.com/ko_KR/%EB%82%A8%EC%84%B1/%EA%B0%80%EB%B0%A9/%EB%B0%B1%ED%8C%A9/aren-%EB%B9%84%EC%84%B8%ED%86%A0%EC%8A%A4-%EC%8A%AC%EB%A7%81%EB%B0%B1/MMLGATA03CO001.html,https://images.mcmworldwide.com/i/mcmworldwide/MMLGATA03CO001_01/MMLGATA03CO001/aren-비세토스-슬링백?$large$&fmt=auto&qlt=default
남성,가방,백팩,mcm-x-ateez-with-mingi-stark-비세토스-사이드-스터드-백팩,MMKGAUP02BK001,MMKGAUP02BK001,1,https://kr.mcmworldwide.com/ko_KR/%EB%82%A8%EC%84%B1/%EA%B0%80%EB%B0%A9/%EB%B0%B1%ED%8C%A9/mcm-x-ateez-with-mingi-stark-%EB%B9%84%EC%84%B8%ED%86%A0%EC%8A%A4-%EC%82%AC%EC%9D%B4%EB%93%9C-%EC%8A%A4%ED%84%B0%EB%93%9C-%EB%B0%B1%ED%8C%A9/MMKGAUP02BK001.html,https://images.mcmworldwide.com/i/mcmworldwide/MMKGAUP02BK001_01/MMKGAUP02BK001/mcm-x-ateez-with-mingi-stark-비세토스-사이드-스터드-백팩?$large$&fmt=auto&qlt=default
남성,가방,백팩,mcm-x-we-the-best-stark-비세토스-백팩,MMKGAVE09CO001,MMKGAVE09CO001;MMKGAVE10CO001,2,https://kr.mcmworldwide.com/ko_KR/%EB%82%A8%EC%84%B1/%EA%B0%80%EB%B0%A9/%EB%B0%B1%ED%8C%A9/mcm-x-we-the-best-stark-%EB%B9%84%EC%84%B8%ED%86%A0%EC%8A%A4-%EB%B0%B1%ED%8C%A9/MMKGAVE09CO001.html,https://images.mcmworldwide.com/i/mcmworldwide/MMKGAVE09CO001_01/MMKGAVE09CO001/mcm-x-we-the-best-stark-비세토스-백팩?$large$&fmt=auto&qlt=default
남성,가방,백팩,맥시-모노그램-레더-스타크-백팩,MMKDAVE02BK001,MMKDAVE02BK001,1,https://kr.mcmworldwide.com/ko_KR/%EB%82%A8%EC%84%B1/%EA%B0%80%EB%B0%A9/%EB%B0%B1%ED%8C%A9/%EB%A7%A5%EC%8B%9C-%EB%AA%A8%EB%85%B8%EA%B7%B8%EB%9E%A8-%EB%A0%88%EB%8D%94-%EC%8A%A4%ED%83%80%ED%81%AC-%EB%B0%B1%ED%8C%A9/MMKDAVE02BK001.html,https://images.mcmworldwide.com/i/mcmworldwide/MMKDAVE02BK001_01/MMKDAVE02BK001/맥시-모노그램-레더-스타크-백팩?$large$&fmt=auto&qlt=default
남성,가방,백팩,스타크-모노그램-나일론-패커블-백팩,MMKEAVE05CO001,MMKEAVE05CO001,1,https://kr.mcmworldwide.com/ko_KR/%EB%82%A8%EC%84%B1/%EA%B0%80%EB%B0%A9/%EB%B0%B1%ED%8C%A9/%EC%8A%A4%ED%83%80%ED%81%AC-%EB%AA%A8%EB%85%B8%EA%B7%B8%EB%9E%A8-%EB%82%98%EC%9D%BC%EB%A1%A0-%ED%8C%A8%EC%BB%A4%EB%B8%94-%EB%B0%B1%ED%8C%A9/MMKEAVE05CO001.html,https://images.mcmworldwide.com/i/mcmworldwide/MMKEAVE05CO001_01/MMKEAVE05CO001/스타크-모노그램-나일론-패커블-백팩?$large$&fmt=auto&qlt=default
남성,가방,백팩,스타크-사이드-스터드-비세토스-백팩,MMKEAVE14BK001,MMKEAVE14BK001;MMKEAVE14CO001;MMKEAVE15BK001;MMKEAVE15CO001;MMKEAVE15IG001;MMKEAVE15WT001,6,https://kr.mcmworldwide.com/ko_KR/%EB%82%A8%EC%84%B1/%EA%B0%80%EB%B0%A9/%EB%B0%B1%ED%8C%A9/%EC%8A%A4%ED%83%80%ED%81%AC-%EC%82%AC%EC%9D%B4%EB%93%9C-%EC%8A%A4%ED%84%B0%EB%93%9C-%EB%B9%84%EC%84%B8%ED%86%A0%EC%8A%A4-%EB%B0%B1%ED%8C%A9/MMKEAVE14BK001.html,https://images.mcmworldwide.com/i/mcmworldwide/MMKEAVE14BK001_01/MMKEAVE14BK001/스타크-사이드-스터드-비세토스-백팩?$large$&fmt=auto&qlt=default
남성,가방,백팩,스타크-베베-부-사이드-스터드-비세토스-백팩,MMKEAVE17WT001,MMKEAVE17WT001,1,https://kr.mcmworldwide.com/ko_KR/%EB%82%A8%EC%84%B1/%EA%B0%80%EB%B0%A9/%EB%B0%B1%ED%8C%A9/%EC%8A%A4%ED%83%80%ED%81%AC-%EB%B2%A0%EB%B2%A0-%EB%B6%80-%EC%82%AC%EC%9D%B4%EB%93%9C-%EC%8A%A4%ED%84%B0%EB%93%9C-%EB%B9%84%EC%84%B8%ED%86%A0%EC%8A%A4-%EB%B0%B1%ED%8C%A9/MMKEAVE17WT001.html,https://images.mcmworldwide.com/i/mcmworldwide/MMKEAVE17WT001_01/MMKEAVE17WT001/스타크-베베-부-사이드-스터드-비세토스-백팩?$large$&fmt=auto&qlt=default
남성,가방,백팩,비세토스-브랜든버그-백팩,MMKFSBG01CO001,MMKFSBG01CO001,1,https://kr.mcmworldwide.com/ko_KR/%EB%82%A8%EC%84%B1/%EA%B0%80%EB%B0%A9/%EB%B0%B1%ED%8C%A9/%EB%B9%84%EC%84%B8%ED%86%A0%EC%8A%A4-%EB%B8%8C%EB%9E%9C%EB%93%A0%EB%B2%84%EA%B7%B8-%EB%B0%B1%ED%8C%A9/MMKFSBG01CO001.html,https://images.mcmworldwide.com/i/mcmworldwide/MMKFSBG01CO001_01/MMKFSBG01CO001/비세토스-브랜든버그-백팩?$large$&fmt=auto&qlt=default
남성,가방,백팩,비세토스-스타크-백팩,MMKFSVE05CO001,MMKFSVE05CO001,1,https://kr.mcmworldwide.com/ko_KR/%EB%82%A8%EC%84%B1/%EA%B0%80%EB%B0%A9/%EB%B0%B1%ED%8C%A9/%EB%B9%84%EC%84%B8%ED%86%A0%EC%8A%A4-%EC%8A%A4%ED%83%80%ED%81%AC-%EB%B0%B1%ED%8C%A9/MMKFSVE05CO001.html,https://images.mcmworldwide.com/i/mcmworldwide/MMKFSVE05CO001_01/MMKFSVE05CO001/비세토스-스타크-백팩?$large$&fmt=auto&qlt=default
남성,가방,백팩,리사이클-나일론-소재의-스타크-백팩,MMKFSVE06BK001,MMKFSVE06BK001,1,https://kr.mcmworldwide.com/ko_KR/%EB%82%A8%EC%84%B1/%EA%B0%80%EB%B0%A9/%EB%B0%B1%ED%8C%A9/%EB%A6%AC%EC%82%AC%EC%9D%B4%ED%81%B4-%EB%82%98%EC%9D%BC%EB%A1%A0-%EC%86%8C%EC%9E%AC%EC%9D%98-%EC%8A%A4%ED%83%80%ED%81%AC-%EB%B0%B1%ED%8C%A9/MMKFSVE06BK001.html,https://images.mcmworldwide.com/i/mcmworldwide/MMKFSVE06BK001_01/MMKFSVE06BK001/리사이클-나일론-소재의-스타크-백팩?$large$&fmt=auto&qlt=default
남성,가방,백팩,비세토스-stark-사이드-스터드-백팩,MMKAAVE09WT001,MMKAAVE09WT001,1,https://kr.mcmworldwide.com/ko_KR/%EB%82%A8%EC%84%B1/%EA%B0%80%EB%B0%A9/%EB%B0%B1%ED%8C%A9/%EB%B9%84%EC%84%B8%ED%86%A0%EC%8A%A4-stark-%EC%82%AC%EC%9D%B4%EB%93%9C-%EC%8A%A4%ED%84%B0%EB%93%9C-%EB%B0%B1%ED%8C%A9/MMKAAVE09WT001.html,https://images.mcmworldwide.com/i/mcmworldwide/MMKAAVE09WT001_01/MMKAAVE09WT001/비세토스-stark-사이드-스터드-백팩?$large$&fmt=auto&qlt=default
남성,가방,백팩,맥시-모노그램-레더-stark-백팩,MMKDAVE02VC001,MMKDAVE02VC001,1,https://kr.mcmworldwide.com/ko_KR/%EB%82%A8%EC%84%B1/%EA%B0%80%EB%B0%A9/%EB%B0%B1%ED%8C%A9/%EB%A7%A5%EC%8B%9C-%EB%AA%A8%EB%85%B8%EA%B7%B8%EB%9E%A8-%EB%A0%88%EB%8D%94-stark-%EB%B0%B1%ED%8C%A9/MMKDAVE02VC001.html,https://images.mcmworldwide.com/i/mcmworldwide/MMKDAVE02VC001_01/MMKDAVE02VC001/맥시-모노그램-레더-stark-백팩?$large$&fmt=auto&qlt=default
남성,가방,백팩,stark-사이드-스터드-비세토스-백팩,MMKEAVE12BK001,MMKEAVE12BK001;MMKEAVE12CO001;MMKEAVE12IG001,3,https://kr.mcmworldwide.com/ko_KR/%EB%82%A8%EC%84%B1/%EA%B0%80%EB%B0%A9/%EB%B0%B1%ED%8C%A9/stark-%EC%82%AC%EC%9D%B4%EB%93%9C-%EC%8A%A4%ED%84%B0%EB%93%9C-%EB%B9%84%EC%84%B8%ED%86%A0%EC%8A%A4-%EB%B0%B1%ED%8C%A9/MMKEAVE12BK001.html,https://images.mcmworldwide.com/i/mcmworldwide/MMKEAVE12BK001_01/MMKEAVE12BK001/stark-사이드-스터드-비세토스-백팩?$large$&fmt=auto&qlt=default
남성,가방,백팩,stark-스터디드-메가-헤링본-비세토스-백팩,MMKFAVE03CO001,MMKFAVE03CO001,1,https://kr.mcmworldwide.com/ko_KR/%EB%82%A8%EC%84%B1/%EA%B0%80%EB%B0%A9/%EB%B0%B1%ED%8C%A9/stark-%EC%8A%A4%ED%84%B0%EB%94%94%EB%93%9C-%EB%A9%94%EA%B0%80-%ED%97%A4%EB%A7%81%EB%B3%B8-%EB%B9%84%EC%84%B8%ED%86%A0%EC%8A%A4-%EB%B0%B1%ED%8C%A9/MMKFAVE03CO001.html,https://images.mcmworldwide.com/i/mcmworldwide/MMKFAVE03CO001_01/MMKFAVE03CO001/stark-스터디드-메가-헤링본-비세토스-백팩?$large$&fmt=auto&qlt=default
남성,가방,백팩,stark-모노그램-데님-자카드-백팩,MMKFAVE04HD001,MMKFAVE04HD001,1,https://kr.mcmworldwide.com/ko_KR/%EB%82%A8%EC%84%B1/%EA%B0%80%EB%B0%A9/%EB%B0%B1%ED%8C%A9/stark-%EB%AA%A8%EB%85%B8%EA%B7%B8%EB%9E%A8-%EB%8D%B0%EB%8B%98-%EC%9E%90%EC%B9%B4%EB%93%9C-%EB%B0%B1%ED%8C%A9/MMKFAVE04HD001.html,https://images.mcmworldwide.com/i/mcmworldwide/MMKFAVE04HD001_01/MMKFAVE04HD001/stark-모노그램-데님-자카드-백팩?$large$&fmt=auto&qlt=default
남성,가방,백팩,stark-비세토스-백팩,MMKFAVE09K8001,MMKFAVE09K8001,1,https://kr.mcmworldwide.com/ko_KR/%EB%82%A8%EC%84%B1/%EA%B0%80%EB%B0%A9/%EB%B0%B1%ED%8C%A9/stark-%EB%B9%84%EC%84%B8%ED%86%A0%EC%8A%A4-%EB%B0%B1%ED%8C%A9/MMKFAVE09K8001.html,https://images.mcmworldwide.com/i/mcmworldwide/MMKFAVE09K8001_01/MMKFAVE09K8001/stark-비세토스-백팩?$large$&fmt=auto&qlt=default
남성,가방,백팩,stark-디스코-비세토스-백팩,MMKGAVE02CO001,MMKGAVE02CO001,1,https://kr.mcmworldwide.com/ko_KR/%EB%82%A8%EC%84%B1/%EA%B0%80%EB%B0%A9/%EB%B0%B1%ED%8C%A9/stark-%EB%94%94%EC%8A%A4%EC%BD%94-%EB%B9%84%EC%84%B8%ED%86%A0%EC%8A%A4-%EB%B0%B1%ED%8C%A9/MMKGAVE02CO001.html,https://images.mcmworldwide.com/i/mcmworldwide/MMKGAVE02CO001_01/MMKGAVE02CO001/stark-디스코-비세토스-백팩?$large$&fmt=auto&qlt=default
남성,가방,백팩,stark-비세토스-사이드-스터드-백팩,MMKGSVE01K8001,MMKGSVE01K8001;MMKGSVE034B001,2,https://kr.mcmworldwide.com/ko_KR/%EB%82%A8%EC%84%B1/%EA%B0%80%EB%B0%A9/%EB%B0%B1%ED%8C%A9/stark-%EB%B9%84%EC%84%B8%ED%86%A0%EC%8A%A4-%EC%82%AC%EC%9D%B4%EB%93%9C-%EC%8A%A4%ED%84%B0%EB%93%9C-%EB%B0%B1%ED%8C%A9/MMKGSVE01K8001.html,https://images.mcmworldwide.com/i/mcmworldwide/MMKGSVE01K8001_01/MMKGSVE01K8001/stark-비세토스-사이드-스터드-백팩?$large$&fmt=auto&qlt=default
남성,가방,백팩,stark-맥시-모노그램-레더-백팩,MMKGSVE04BK001,MMKGSVE04BK001,1,https://kr.mcmworldwide.com/ko_KR/%EB%82%A8%EC%84%B1/%EA%B0%80%EB%B0%A9/%EB%B0%B1%ED%8C%A9/stark-%EB%A7%A5%EC%8B%9C-%EB%AA%A8%EB%85%B8%EA%B7%B8%EB%9E%A8-%EB%A0%88%EB%8D%94-%EB%B0%B1%ED%8C%A9/MMKGSVE04BK001.html,https://images.mcmworldwide.com/i/mcmworldwide/MMKGSVE04BK001_01/MMKGSVE04BK001/stark-맥시-모노그램-레더-백팩?$large$&fmt=auto&qlt=default
남성,가방,백팩,stark-갤러틱-갈라-양가죽-백팩,MMKGSVE05BK001,MMKGSVE05BK001,1,https://kr.mcmworldwide.com/ko_KR/%EB%82%A8%EC%84%B1/%EA%B0%80%EB%B0%A9/%EB%B0%B1%ED%8C%A9/stark-%EA%B0%A4%EB%9F%AC%ED%8B%B1-%EA%B0%88%EB%9D%BC-%EC%96%91%EA%B0%80%EC%A3%BD-%EB%B0%B1%ED%8C%A9/MMKGSVE05BK001.html,https://images.mcmworldwide.com/i/mcmworldwide/MMKGSVE05BK001_01/MMKGSVE05BK001/stark-갤러틱-갈라-양가죽-백팩?$large$&fmt=auto&qlt=default
남성,가방,백팩,stark-라봇-비세토스-백팩,MMKGSVE06BK001,MMKGSVE06BK001;MMKGSVE08CO001,2,https://kr.mcmworldwide.com/ko_KR/%EB%82%A8%EC%84%B1/%EA%B0%80%EB%B0%A9/%EB%B0%B1%ED%8C%A9/stark-%EB%9D%BC%EB%B4%87-%EB%B9%84%EC%84%B8%ED%86%A0%EC%8A%A4-%EB%B0%B1%ED%8C%A9/MMKGSVE06BK001.html,https://images.mcmworldwide.com/i/mcmworldwide/MMKGSVE06BK001_01/MMKGSVE06BK001/stark-라봇-비세토스-백팩?$large$&fmt=auto&qlt=default
남성,가방,백팩,stark-모노그램-나일론-패커블-백팩,MMKGSVE09BK001,MMKGSVE09BK001,1,https://kr.mcmworldwide.com/ko_KR/%EB%82%A8%EC%84%B1/%EA%B0%80%EB%B0%A9/%EB%B0%B1%ED%8C%A9/stark-%EB%AA%A8%EB%85%B8%EA%B7%B8%EB%9E%A8-%EB%82%98%EC%9D%BC%EB%A1%A0-%ED%8C%A8%EC%BB%A4%EB%B8%94-%EB%B0%B1%ED%8C%A9/MMKGSVE09BK001.html,https://images.mcmworldwide.com/i/mcmworldwide/MMKGSVE09BK001_01/MMKGSVE09BK001/stark-모노그램-나일론-패커블-백팩?$large$&fmt=auto&qlt=default
남성,가방,벨트백,fursten-맥시-모노그램-레더-벨트백,MMZESFI01BK001,MMZESFI01BK001;MMZGSFI02BK001,2,https://kr.mcmworldwide.com/ko_KR/%EB%82%A8%EC%84%B1/%EA%B0%80%EB%B0%A9/%EB%B2%A8%ED%8A%B8%EB%B0%B1/fursten-%EB%A7%A5%EC%8B%9C-%EB%AA%A8%EB%85%B8%EA%B7%B8%EB%9E%A8-%EB%A0%88%EB%8D%94-%EB%B2%A8%ED%8A%B8%EB%B0%B1/MMZESFI01BK001.html,https://images.mcmworldwide.com/i/mcmworldwide/MMZESFI01BK001_01/MMZESFI01BK001/fursten-맥시-모노그램-레더-벨트백?$large$&fmt=auto&qlt=default
남성,가방,벨트백,fursten-리사이클-나일론-벨트-백,MMZFSFI03BK001,MMZFSFI03BK001,1,https://kr.mcmworldwide.com/ko_KR/%EB%82%A8%EC%84%B1/%EA%B0%80%EB%B0%A9/%EB%B2%A8%ED%8A%B8%EB%B0%B1/fursten-%EB%A6%AC%EC%82%AC%EC%9D%B4%ED%81%B4-%EB%82%98%EC%9D%BC%EB%A1%A0-%EB%B2%A8%ED%8A%B8-%EB%B0%B1/MMZFSFI03BK001.html,https://images.mcmworldwide.com/i/mcmworldwide/MMZFSFI03BK001_01/MMZFSFI03BK001/fursten-리사이클-나일론-벨트-백?$large$&fmt=auto&qlt=default
남성,가방,벨트백,fursten-비세토스-벨트-백,MMZGAFI01K8001,MMZGAFI01K8001,1,https://kr.mcmworldwide.com/ko_KR/%EB%82%A8%EC%84%B1/%EA%B0%80%EB%B0%A9/%EB%B2%A8%ED%8A%B8%EB%B0%B1/fursten-%EB%B9%84%EC%84%B8%ED%86%A0%EC%8A%A4-%EB%B2%A8%ED%8A%B8-%EB%B0%B1/MMZGAFI01K8001.html,https://images.mcmworldwide.com/i/mcmworldwide/MMZGAFI01K8001_01/MMZGAFI01K8001/fursten-비세토스-벨트-백?$large$&fmt=auto&qlt=default
남성,가방,벨트백,fursten-모노그램-나일론-벨트백,MMZGSFI01BK001,MMZGSFI01BK001,1,https://kr.mcmworldwide.com/ko_KR/%EB%82%A8%EC%84%B1/%EA%B0%80%EB%B0%A9/%EB%B2%A8%ED%8A%B8%EB%B0%B1/fursten-%EB%AA%A8%EB%85%B8%EA%B7%B8%EB%9E%A8-%EB%82%98%EC%9D%BC%EB%A1%A0-%EB%B2%A8%ED%8A%B8%EB%B0%B1/MMZGSFI01BK001.html,https://images.mcmworldwide.com/i/mcmworldwide/MMZGSFI01BK001_01/MMZGSFI01BK001/fursten-모노그램-나일론-벨트백?$large$&fmt=auto&qlt=default
남성,가방,벨트백,fursten-라봇-비세토스-벨트-백,MMZGSFI03CO001,MMZGSFI03CO001,1,https://kr.mcmworldwide.com/ko_KR/%EB%82%A8%EC%84%B1/%EA%B0%80%EB%B0%A9/%EB%B2%A8%ED%8A%B8%EB%B0%B1/fursten-%EB%9D%BC%EB%B4%87-%EB%B9%84%EC%84%B8%ED%86%A0%EC%8A%A4-%EB%B2%A8%ED%8A%B8-%EB%B0%B1/MMZGSFI03CO001.html,https://images.mcmworldwide.com/i/mcmworldwide/MMZGSFI03CO001_01/MMZGSFI03CO001/fursten-라봇-비세토스-벨트-백?$large$&fmt=auto&qlt=default
남성,가방,벨트백,비세토스-프루스튼-벨트백,MMZAAFI01BK001,MMZAAFI01BK001;MMZAAFI01CO001;MMZAAFI04BK001;MMZAAFI04CO001,4,https://kr.mcmworldwide.com/ko_KR/%EB%82%A8%EC%84%B1/%EA%B0%80%EB%B0%A9/%EB%B2%A8%ED%8A%B8%EB%B0%B1/%EB%B9%84%EC%84%B8%ED%86%A0%EC%8A%A4-%ED%94%84%EB%A3%A8%EC%8A%A4%ED%8A%BC-%EB%B2%A8%ED%8A%B8%EB%B0%B1/MMZAAFI01BK001.html,https://images.mcmworldwide.com/i/mcmworldwide/MMZAAFI01BK001_01/MMZAAFI01BK001/비세토스-프루스튼-벨트백?$large$&fmt=auto&qlt=default
남성,가방,크로스백,aren-econyl®과-가죽을-사용한-크로스바디,MMRFATA02K8001,MMRFATA02K8001,1,https://kr.mcmworldwide.com/ko_KR/%EB%82%A8%EC%84%B1/%EA%B0%80%EB%B0%A9/%ED%81%AC%EB%A1%9C%EC%8A%A4%EB%B0%B1/aren-econyl%C2%AE%EA%B3%BC-%EA%B0%80%EC%A3%BD%EC%9D%84-%EC%82%AC%EC%9A%A9%ED%95%9C-%ED%81%AC%EB%A1%9C%EC%8A%A4%EB%B0%94%EB%94%94/MMRFATA02K8001.html,https://images.mcmworldwide.com/i/mcmworldwide/MMRFATA02K8001_01/MMRFATA02K8001/aren-econyl®과-가죽을-사용한-크로스바디?$large$&fmt=auto&qlt=default
남성,가방,크로스백,aren-노바-모노그램-econyl®-크로스바디,MMRGATA07BK001,MMRGATA07BK001,1,https://kr.mcmworldwide.com/ko_KR/%EB%82%A8%EC%84%B1/%EA%B0%80%EB%B0%A9/%ED%81%AC%EB%A1%9C%EC%8A%A4%EB%B0%B1/aren-%EB%85%B8%EB%B0%94-%EB%AA%A8%EB%85%B8%EA%B7%B8%EB%9E%A8-econyl%C2%AE-%ED%81%AC%EB%A1%9C%EC%8A%A4%EB%B0%94%EB%94%94/MMRGATA07BK001.html,https://images.mcmworldwide.com/i/mcmworldwide/MMRGATA07BK001_01/MMRGATA07BK001/aren-노바-모노그램-econyl®-크로스바디?$large$&fmt=auto&qlt=default
남성,가방,크로스백,aren-비세토스-메신저-백,MMMEATA02BK001,MMMEATA02BK001;MMMEATA02CO001;MMRDSTA01BK001,3,https://kr.mcmworldwide.com/ko_KR/%EB%82%A8%EC%84%B1/%EA%B0%80%EB%B0%A9/%ED%81%AC%EB%A1%9C%EC%8A%A4%EB%B0%B1/aren-%EB%B9%84%EC%84%B8%ED%86%A0%EC%8A%A4-%EB%A9%94%EC%8B%A0%EC%A0%80-%EB%B0%B1/MMMEATA02BK001.html,https://images.mcmworldwide.com/i/mcmworldwide/MMMEATA02BK001_01/MMMEATA02BK001/aren-비세토스-메신저-백?$large$&fmt=auto&qlt=default
남성,가방,크로스백,aren-비세토스-메신저,MMMEATA02K8001,MMMEATA02K8001;MMMFSTA06BK001;MMMFSTA06CO001;MMMFSTA06K8001,4,https://kr.mcmworldwide.com/ko_KR/%EB%82%A8%EC%84%B1/%EA%B0%80%EB%B0%A9/%ED%81%AC%EB%A1%9C%EC%8A%A4%EB%B0%B1/aren-%EB%B9%84%EC%84%B8%ED%86%A0%EC%8A%A4-%EB%A9%94%EC%8B%A0%EC%A0%80/MMMEATA02K8001.html,https://images.mcmworldwide.com/i/mcmworldwide/MMMEATA02K8001_01/MMMEATA02K8001/aren-비세토스-메신저?$large$&fmt=auto&qlt=default
남성,가방,크로스백,aren-비세토스-크로스바디,MMRAAKC02BK001,MMRAAKC02BK001;MMRAAKC02CO001;MMRAAKC03CO001;MMRFSTA05BK001;MMRFSTA05CO001;MMRGATA04CO001;MMRGSTA07PZ001,7,https://kr.mcmworldwide.com/ko_KR/%EB%82%A8%EC%84%B1/%EA%B0%80%EB%B0%A9/%ED%81%AC%EB%A1%9C%EC%8A%A4%EB%B0%B1/aren-%EB%B9%84%EC%84%B8%ED%86%A0%EC%8A%A4-%ED%81%AC%EB%A1%9C%EC%8A%A4%EB%B0%94%EB%94%94/MMRAAKC02BK001.html,https://images.mcmworldwide.com/i/mcmworldwide/MMRAAKC02BK001_01/MMRAAKC02BK001/aren-비세토스-크로스바디?$large$&fmt=auto&qlt=default
남성,가방,크로스백,aren-맥시-모노그램-레더-메신저-백,MMRDATA05BK001,MMRDATA05BK001,1,https://kr.mcmworldwide.com/ko_KR/%EB%82%A8%EC%84%B1/%EA%B0%80%EB%B0%A9/%ED%81%AC%EB%A1%9C%EC%8A%A4%EB%B0%B1/aren-%EB%A7%A5%EC%8B%9C-%EB%AA%A8%EB%85%B8%EA%B7%B8%EB%9E%A8-%EB%A0%88%EB%8D%94-%EB%A9%94%EC%8B%A0%EC%A0%80-%EB%B0%B1/MMRDATA05BK001.html,https://images.mcmworldwide.com/i/mcmworldwide/MMRDATA05BK001_01/MMRDATA05BK001/aren-맥시-모노그램-레더-메신저-백?$large$&fmt=auto&qlt=default
남성,가방,크로스백,aren-비세토스-스탠딩-크로스바디-파우치,MMRFATA01CO001,MMRFATA01CO001,1,https://kr.mcmworldwide.com/ko_KR/%EB%82%A8%EC%84%B1/%EA%B0%80%EB%B0%A9/%ED%81%AC%EB%A1%9C%EC%8A%A4%EB%B0%B1/aren-%EB%B9%84%EC%84%B8%ED%86%A0%EC%8A%A4-%EC%8A%A4%ED%83%A0%EB%94%A9-%ED%81%AC%EB%A1%9C%EC%8A%A4%EB%B0%94%EB%94%94-%ED%8C%8C%EC%9A%B0%EC%B9%98/MMRFATA01CO001.html,https://images.mcmworldwide.com/i/mcmworldwide/MMRFATA01CO001_01/MMRFATA01CO001/aren-비세토스-스탠딩-크로스바디-파우치?$large$&fmt=auto&qlt=default
남성,가방,크로스백,aren-비세토스-로켓-크로스바디,MMRFATA03CO001,MMRFATA03CO001;MMRGSTA06SV001,2,https://kr.mcmworldwide.com/ko_KR/%EB%82%A8%EC%84%B1/%EA%B0%80%EB%B0%A9/%ED%81%AC%EB%A1%9C%EC%8A%A4%EB%B0%B1/aren-%EB%B9%84%EC%84%B8%ED%86%A0%EC%8A%A4-%EB%A1%9C%EC%BC%93-%ED%81%AC%EB%A1%9C%EC%8A%A4%EB%B0%94%EB%94%94/MMRFATA03CO001.html,https://images.mcmworldwide.com/i/mcmworldwide/MMRFATA03CO001_01/MMRFATA03CO001/aren-비세토스-로켓-크로스바디?$large$&fmt=auto&qlt=default
남성,가방,크로스백,aren-리사이클-나일론-크로스바,MMRFSTA06BK001,MMRFSTA06BK001,1,https://kr.mcmworldwide.com/ko_KR/%EB%82%A8%EC%84%B1/%EA%B0%80%EB%B0%A9/%ED%81%AC%EB%A1%9C%EC%8A%A4%EB%B0%B1/aren-%EB%A6%AC%EC%82%AC%EC%9D%B4%ED%81%B4-%EB%82%98%EC%9D%BC%EB%A1%A0-%ED%81%AC%EB%A1%9C%EC%8A%A4%EB%B0%94/MMRFSTA06BK001.html,https://images.mcmworldwide.com/i/mcmworldwide/MMRFSTA06BK001_01/MMRFSTA06BK001/aren-리사이클-나일론-크로스바?$large$&fmt=auto&qlt=default
남성,가방,크로스백,aren-다이아몬드-퀼팅-레더-크로스바디,MMRGATA05BK001,MMRGATA05BK001,1,https://kr.mcmworldwide.com/ko_KR/%EB%82%A8%EC%84%B1/%EA%B0%80%EB%B0%A9/%ED%81%AC%EB%A1%9C%EC%8A%A4%EB%B0%B1/aren-%EB%8B%A4%EC%9D%B4%EC%95%84%EB%AA%AC%EB%93%9C-%ED%80%BC%ED%8C%85-%EB%A0%88%EB%8D%94-%ED%81%AC%EB%A1%9C%EC%8A%A4%EB%B0%94%EB%94%94/MMRGATA05BK001.html,https://images.mcmworldwide.com/i/mcmworldwide/MMRGATA05BK001_01/MMRGATA05BK001/aren-다이아몬드-퀼팅-레더-크로스바디?$large$&fmt=auto&qlt=default
남성,가방,크로스백,aren-비세토스-스탠딩-크로스-바디-파우치,MMRGSTA05BK001,MMRGSTA05BK001,1,https://kr.mcmworldwide.com/ko_KR/%EB%82%A8%EC%84%B1/%EA%B0%80%EB%B0%A9/%ED%81%AC%EB%A1%9C%EC%8A%A4%EB%B0%B1/aren-%EB%B9%84%EC%84%B8%ED%86%A0%EC%8A%A4-%EC%8A%A4%ED%83%A0%EB%94%A9-%ED%81%AC%EB%A1%9C%EC%8A%A4-%EB%B0%94%EB%94%94-%ED%8C%8C%EC%9A%B0%EC%B9%98/MMRGSTA05BK001.html,https://images.mcmworldwide.com/i/mcmworldwide/MMRGSTA05BK001_01/MMRGSTA05BK001/aren-비세토스-스탠딩-크로스-바디-파우치?$large$&fmt=auto&qlt=default
남성,가방,크로스백,말의-해를-기념하는-aren-비세토스-크로스바디,MMRGSUP01BK001,MMRGSUP01BK001,1,https://kr.mcmworldwide.com/ko_KR/%EB%82%A8%EC%84%B1/%EA%B0%80%EB%B0%A9/%ED%81%AC%EB%A1%9C%EC%8A%A4%EB%B0%B1/%EB%A7%90%EC%9D%98-%ED%95%B4%EB%A5%BC-%EA%B8%B0%EB%85%90%ED%95%98%EB%8A%94-aren-%EB%B9%84%EC%84%B8%ED%86%A0%EC%8A%A4-%ED%81%AC%EB%A1%9C%EC%8A%A4%EB%B0%94%EB%94%94/MMRGSUP01BK001.html,https://images.mcmworldwide.com/i/mcmworldwide/MMRGSUP01BK001_01/MMRGSUP01BK001/말의-해를-기념하는-aren-비세토스-크로스바디?$large$&fmt=auto&qlt=default
남성,가방,크로스백,aren-zip-hobo-in-visetos,MMHGATA01CO001,MMHGATA01CO001,1,https://kr.mcmworldwide.com/ko_KR/%EB%82%A8%EC%84%B1/%EA%B0%80%EB%B0%A9/%ED%81%AC%EB%A1%9C%EC%8A%A4%EB%B0%B1/aren-zip-hobo-in-visetos/MMHGATA01CO001.html,https://images.mcmworldwide.com/i/mcmworldwide/MMHGATA01CO001_01/MMHGATA01CO001/aren-zip-hobo-in-visetos?$large$&fmt=auto&qlt=default
남성,가방,크로스백,diamant-비세토스-레더-믹스-3d-크로스바디,MMRGSAK01BK001,MMRGSAK01BK001;MMRGSAK01CO001;MMRGSAK02BK001;MMRGSAK02CO001,4,https://kr.mcmworldwide.com/ko_KR/%EB%82%A8%EC%84%B1/%EA%B0%80%EB%B0%A9/%ED%81%AC%EB%A1%9C%EC%8A%A4%EB%B0%B1/diamant-%EB%B9%84%EC%84%B8%ED%86%A0%EC%8A%A4-%EB%A0%88%EB%8D%94-%EB%AF%B9%EC%8A%A4-3d-%ED%81%AC%EB%A1%9C%EC%8A%A4%EB%B0%94%EB%94%94/MMRGSAK01BK001.html,https://images.mcmworldwide.com/i/mcmworldwide/MMRGSAK01BK001_01/MMRGSAK01BK001/diamant-비세토스-레더-믹스-3d-크로스바디?$large$&fmt=auto&qlt=default
남성,가방,크로스백,diamond-맥시-모노그램-레더-카메라-백,MMRFAAK01BK001,MMRFAAK01BK001,1,https://kr.mcmworldwide.com/ko_KR/%EB%82%A8%EC%84%B1/%EA%B0%80%EB%B0%A9/%ED%81%AC%EB%A1%9C%EC%8A%A4%EB%B0%B1/diamond-%EB%A7%A5%EC%8B%9C-%EB%AA%A8%EB%85%B8%EA%B7%B8%EB%9E%A8-%EB%A0%88%EB%8D%94-%EC%B9%B4%EB%A9%94%EB%9D%BC-%EB%B0%B1/MMRFAAK01BK001.html,https://images.mcmworldwide.com/i/mcmworldwide/MMRFAAK01BK001_01/MMRFAAK01BK001/diamond-맥시-모노그램-레더-카메라-백?$large$&fmt=auto&qlt=default
남성,가방,크로스백,klassik-맥시-모노그램-레더-메신저,MMMESKK01BK001,MMMESKK01BK001,1,https://kr.mcmworldwide.com/ko_KR/%EB%82%A8%EC%84%B1/%EA%B0%80%EB%B0%A9/%ED%81%AC%EB%A1%9C%EC%8A%A4%EB%B0%B1/klassik-%EB%A7%A5%EC%8B%9C-%EB%AA%A8%EB%85%B8%EA%B7%B8%EB%9E%A8-%EB%A0%88%EB%8D%94-%EB%A9%94%EC%8B%A0%EC%A0%80/MMMESKK01BK001.html,https://images.mcmworldwide.com/i/mcmworldwide/MMMESKK01BK001_01/MMMESKK01BK001/klassik-맥시-모노그램-레더-메신저?$large$&fmt=auto&qlt=default
남성,가방,크로스백,klassik-맥시-모노그램-레더-크로스바디,MMRESKK02BK001,MMRESKK02BK001;MMRESKK02VC001,2,https://kr.mcmworldwide.com/ko_KR/%EB%82%A8%EC%84%B1/%EA%B0%80%EB%B0%A9/%ED%81%AC%EB%A1%9C%EC%8A%A4%EB%B0%B1/klassik-%EB%A7%A5%EC%8B%9C-%EB%AA%A8%EB%85%B8%EA%B7%B8%EB%9E%A8-%EB%A0%88%EB%8D%94-%ED%81%AC%EB%A1%9C%EC%8A%A4%EB%B0%94%EB%94%94/MMRESKK02BK001.html,https://images.mcmworldwide.com/i/mcmworldwide/MMRESKK02BK001_01/MMRESKK02BK001/klassik-맥시-모노그램-레더-크로스바디?$large$&fmt=auto&qlt=default
남성,가방,크로스백,mcm-x-ateez-with-mingi-aren-비세토스-크로스바디,MMRGAUP01BK001,MMRGAUP01BK001,1,https://kr.mcmworldwide.com/ko_KR/%EB%82%A8%EC%84%B1/%EA%B0%80%EB%B0%A9/%ED%81%AC%EB%A1%9C%EC%8A%A4%EB%B0%B1/mcm-x-ateez-with-mingi-aren-%EB%B9%84%EC%84%B8%ED%86%A0%EC%8A%A4-%ED%81%AC%EB%A1%9C%EC%8A%A4%EB%B0%94%EB%94%94/MMRGAUP01BK001.html,https://images.mcmworldwide.com/i/mcmworldwide/MMRGAUP01BK001_01/MMRGAUP01BK001/mcm-x-ateez-with-mingi-aren-비세토스-크로스바디?$large$&fmt=auto&qlt=default
남성,가방,크로스백,다이아몬드-비세토스-카메라-백,MMRFAAK02BK001,MMRFAAK02BK001;MMRFAAK02CO001,2,https://kr.mcmworldwide.com/ko_KR/%EB%82%A8%EC%84%B1/%EA%B0%80%EB%B0%A9/%ED%81%AC%EB%A1%9C%EC%8A%A4%EB%B0%B1/%EB%8B%A4%EC%9D%B4%EC%95%84%EB%AA%AC%EB%93%9C-%EB%B9%84%EC%84%B8%ED%86%A0%EC%8A%A4-%EC%B9%B4%EB%A9%94%EB%9D%BC-%EB%B0%B1/MMRFAAK02BK001.html,https://images.mcmworldwide.com/i/mcmworldwide/MMRFAAK02BK001_01/MMRFAAK02BK001/다이아몬드-비세토스-카메라-백?$large$&fmt=auto&qlt=default
남성,가방,토트백,aren-노바-모노그램-econyl®-토트,MMTGATA01BK001,MMTGATA01BK001,1,https://kr.mcmworldwide.com/ko_KR/%EB%82%A8%EC%84%B1/%EA%B0%80%EB%B0%A9/%ED%86%A0%ED%8A%B8%EB%B0%B1/aren-%EB%85%B8%EB%B0%94-%EB%AA%A8%EB%85%B8%EA%B7%B8%EB%9E%A8-econyl%C2%AE-%ED%86%A0%ED%8A%B8/MMTGATA01BK001.html,https://images.mcmworldwide.com/i/mcmworldwide/MMTGATA01BK001_01/MMTGATA01BK001/aren-노바-모노그램-econyl®-토트?$large$&fmt=auto&qlt=default
남성,가방,토트백,aren-econyl®-노바-토트,MMTGATA03BK001,MMTGATA03BK001,1,https://kr.mcmworldwide.com/ko_KR/%EB%82%A8%EC%84%B1/%EA%B0%80%EB%B0%A9/%ED%86%A0%ED%8A%B8%EB%B0%B1/aren-econyl%C2%AE-%EB%85%B8%EB%B0%94-%ED%86%A0%ED%8A%B8/MMTGATA03BK001.html,https://images.mcmworldwide.com/i/mcmworldwide/MMTGATA03BK001_01/MMTGATA03BK001/aren-econyl®-노바-토트?$large$&fmt=auto&qlt=default
남성,가방,토트백,aren-비세토스-토트,MMTAAKC02CO001,MMTAAKC02CO001;MMTCSKC03BK001;MMTCSKC03CO001,3,https://kr.mcmworldwide.com/ko_KR/%EB%82%A8%EC%84%B1/%EA%B0%80%EB%B0%A9/%ED%86%A0%ED%8A%B8%EB%B0%B1/aren-%EB%B9%84%EC%84%B8%ED%86%A0%EC%8A%A4-%ED%86%A0%ED%8A%B8/MMTAAKC02CO001.html,https://images.mcmworldwide.com/i/mcmworldwide/MMTAAKC02CO001_01/MMTAAKC02CO001/aren-비세토스-토트?$large$&fmt=auto&qlt=default
남성,가방,토트백,aren-노바-나일론-토트,MMTGATA02MT001,MMTGATA02MT001,1,https://kr.mcmworldwide.com/ko_KR/%EB%82%A8%EC%84%B1/%EA%B0%80%EB%B0%A9/%ED%86%A0%ED%8A%B8%EB%B0%B1/aren-%EB%85%B8%EB%B0%94-%EB%82%98%EC%9D%BC%EB%A1%A0-%ED%86%A0%ED%8A%B8/MMTGATA02MT001.html,https://images.mcmworldwide.com/i/mcmworldwide/MMTGATA02MT001_01/MMTGATA02MT001/aren-노바-나일론-토트?$large$&fmt=auto&qlt=default
남성,가방,토트백,aren-비세토스-패커블-토트,MMTGSTA02CO001,MMTGSTA02CO001,1,https://kr.mcmworldwide.com/ko_KR/%EB%82%A8%EC%84%B1/%EA%B0%80%EB%B0%A9/%ED%86%A0%ED%8A%B8%EB%B0%B1/aren-%EB%B9%84%EC%84%B8%ED%86%A0%EC%8A%A4-%ED%8C%A8%EC%BB%A4%EB%B8%94-%ED%86%A0%ED%8A%B8/MMTGSTA02CO001.html,https://images.mcmworldwide.com/i/mcmworldwide/MMTGSTA02CO001_01/MMTGSTA02CO001/aren-비세토스-패커블-토트?$large$&fmt=auto&qlt=default
남성,가방,토트백,dia-카프스킨-쇼퍼,MMPGADC01BK001,MMPGADC01BK001,1,https://kr.mcmworldwide.com/ko_KR/%EB%82%A8%EC%84%B1/%EA%B0%80%EB%B0%A9/%ED%86%A0%ED%8A%B8%EB%B0%B1/dia-%EC%B9%B4%ED%94%84%EC%8A%A4%ED%82%A8-%EC%87%BC%ED%8D%BC/MMPGADC01BK001.html,https://images.mcmworldwide.com/i/mcmworldwide/MMPGADC01BK001_01/MMPGADC01BK001/dia-카프스킨-쇼퍼?$large$&fmt=auto&qlt=default
남성,가방,토트백,dia-비세토스-레더-믹스-쇼퍼,MMPGSDC01CO001,MMPGSDC01CO001,1,https://kr.mcmworldwide.com/ko_KR/%EB%82%A8%EC%84%B1/%EA%B0%80%EB%B0%A9/%ED%86%A0%ED%8A%B8%EB%B0%B1/dia-%EB%B9%84%EC%84%B8%ED%86%A0%EC%8A%A4-%EB%A0%88%EB%8D%94-%EB%AF%B9%EC%8A%A4-%EC%87%BC%ED%8D%BC/MMPGSDC01CO001.html,https://images.mcmworldwide.com/i/mcmworldwide/MMPGSDC01CO001_01/MMPGSDC01CO001/dia-비세토스-레더-믹스-쇼퍼?$large$&fmt=auto&qlt=default
남성,가방,토트백,dia-비세토스-카프-스킨-레더-쇼퍼,MMPGSDC02BK001,MMPGSDC02BK001,1,https://kr.mcmworldwide.com/ko_KR/%EB%82%A8%EC%84%B1/%EA%B0%80%EB%B0%A9/%ED%86%A0%ED%8A%B8%EB%B0%B1/dia-%EB%B9%84%EC%84%B8%ED%86%A0%EC%8A%A4-%EC%B9%B4%ED%94%84-%EC%8A%A4%ED%82%A8-%EB%A0%88%EB%8D%94-%EC%87%BC%ED%8D%BC/MMPGSDC02BK001.html,https://images.mcmworldwide.com/i/mcmworldwide/MMPGSDC02BK001_01/MMPGSDC02BK001/dia-비세토스-카프-스킨-레더-쇼퍼?$large$&fmt=auto&qlt=default
남성,가방,토트백,klassik-맥시-모노그램-레더-브리프케이스,MMTESKK01BK001,MMTESKK01BK001,1,https://kr.mcmworldwide.com/ko_KR/%EB%82%A8%EC%84%B1/%EA%B0%80%EB%B0%A9/%ED%86%A0%ED%8A%B8%EB%B0%B1/klassik-%EB%A7%A5%EC%8B%9C-%EB%AA%A8%EB%85%B8%EA%B7%B8%EB%9E%A8-%EB%A0%88%EB%8D%94-%EB%B8%8C%EB%A6%AC%ED%94%84%EC%BC%80%EC%9D%B4%EC%8A%A4/MMTESKK01BK001.html,https://images.mcmworldwide.com/i/mcmworldwide/MMTESKK01BK001_01/MMTESKK01BK001/klassik-맥시-모노그램-레더-브리프케이스?$large$&fmt=auto&qlt=default
남성,가방,토트백,klassik-비세토스-브리프케이스,MMTFAKK01BK001,MMTFAKK01BK001,1,https://kr.mcmworldwide.com/ko_KR/%EB%82%A8%EC%84%B1/%EA%B0%80%EB%B0%A9/%ED%86%A0%ED%8A%B8%EB%B0%B1/klassik-%EB%B9%84%EC%84%B8%ED%86%A0%EC%8A%A4-%EB%B8%8C%EB%A6%AC%ED%94%84%EC%BC%80%EC%9D%B4%EC%8A%A4/MMTFAKK01BK001.html,https://images.mcmworldwide.com/i/mcmworldwide/MMTFAKK01BK001_01/MMTFAKK01BK001/klassik-비세토스-브리프케이스?$large$&fmt=auto&qlt=default
남성,가방,토트백/aren-비세토스-n,s-토트,MMTFATA01BK001,MMTFATA01BK001;MMTGSTA01CO001;MMTGSTA04BK001;MMTGSTA04CO001,4,https://kr.mcmworldwide.com/ko_KR/%EB%82%A8%EC%84%B1/%EA%B0%80%EB%B0%A9/%ED%86%A0%ED%8A%B8%EB%B0%B1/aren-%EB%B9%84%EC%84%B8%ED%86%A0%EC%8A%A4-n%2Fs-%ED%86%A0%ED%8A%B8/MMTFATA01BK001.html,https://images.mcmworldwide.com/i/mcmworldwide/MMTFATA01BK001_01/MMTFATA01BK001/s-토트?$large$&fmt=auto&qlt=default
남성,가방,토트백/aren-비세토스-레더-믹스-e,x-토트,MMTGSTA05CO001,MMTGSTA05CO001,1,https://kr.mcmworldwide.com/ko_KR/%EB%82%A8%EC%84%B1/%EA%B0%80%EB%B0%A9/%ED%86%A0%ED%8A%B8%EB%B0%B1/aren-%EB%B9%84%EC%84%B8%ED%86%A0%EC%8A%A4-%EB%A0%88%EB%8D%94-%EB%AF%B9%EC%8A%A4-e%2Fx-%ED%86%A0%ED%8A%B8/MMTGSTA05CO001.html,https://images.mcmworldwide.com/i/mcmworldwide/MMTGSTA05CO001_01/MMTGSTA05CO001/x-토트?$large$&fmt=auto&qlt=default
남성,가방,토트백/다이아몬드-비세토스-e,w-토트,MMTFAAK01BK001,MMTFAAK01BK001;MMTFAAK01CO001,2,https://kr.mcmworldwide.com/ko_KR/%EB%82%A8%EC%84%B1/%EA%B0%80%EB%B0%A9/%ED%86%A0%ED%8A%B8%EB%B0%B1/%EB%8B%A4%EC%9D%B4%EC%95%84%EB%AA%AC%EB%93%9C-%EB%B9%84%EC%84%B8%ED%86%A0%EC%8A%A4-e%2Fw-%ED%86%A0%ED%8A%B8/MMTFAAK01BK001.html,https://images.mcmworldwide.com/i/mcmworldwide/MMTFAAK01BK001_01/MMTFAAK01BK001/w-토트?$large$&fmt=auto&qlt=default
남성,가방,파우치-클러치,aren-맥시-모노그램-레더-손목-스트랩-지퍼-파우치,MXZDATA06BK001,MXZDATA06BK001;MXZDATA06FF001,2,https://kr.mcmworldwide.com/ko_KR/%EB%82%A8%EC%84%B1/%EA%B0%80%EB%B0%A9/%ED%8C%8C%EC%9A%B0%EC%B9%98-%ED%81%B4%EB%9F%AC%EC%B9%98/aren-%EB%A7%A5%EC%8B%9C-%EB%AA%A8%EB%85%B8%EA%B7%B8%EB%9E%A8-%EB%A0%88%EB%8D%94-%EC%86%90%EB%AA%A9-%EC%8A%A4%ED%8A%B8%EB%9E%A9-%EC%A7%80%ED%8D%BC-%ED%8C%8C%EC%9A%B0%EC%B9%98/MXZDATA06BK001.html,https://images.mcmworldwide.com/i/mcmworldwide/MXZDATA06BK001_01/MXZDATA06BK001/aren-맥시-모노그램-레더-손목-스트랩-지퍼-파우치?$large$&fmt=auto&qlt=default
남성,가방,파우치-클러치,aren-맥시-모노그램-가죽-파우치,MXZFATA13BK001,MXZFATA13BK001,1,https://kr.mcmworldwide.com/ko_KR/%EB%82%A8%EC%84%B1/%EA%B0%80%EB%B0%A9/%ED%8C%8C%EC%9A%B0%EC%B9%98-%ED%81%B4%EB%9F%AC%EC%B9%98/aren-%EB%A7%A5%EC%8B%9C-%EB%AA%A8%EB%85%B8%EA%B7%B8%EB%9E%A8-%EA%B0%80%EC%A3%BD-%ED%8C%8C%EC%9A%B0%EC%B9%98/MXZFATA13BK001.html,https://images.mcmworldwide.com/i/mcmworldwide/MXZFATA13BK001_01/MXZFATA13BK001/aren-맥시-모노그램-가죽-파우치?$large$&fmt=auto&qlt=default
남성,가방,파우치-클러치,diamond-비세토스-손목-스트랩-파우치,MXZGSAK02BK001,MXZGSAK02BK001,1,https://kr.mcmworldwide.com/ko_KR/%EB%82%A8%EC%84%B1/%EA%B0%80%EB%B0%A9/%ED%8C%8C%EC%9A%B0%EC%B9%98-%ED%81%B4%EB%9F%AC%EC%B9%98/diamond-%EB%B9%84%EC%84%B8%ED%86%A0%EC%8A%A4-%EC%86%90%EB%AA%A9-%EC%8A%A4%ED%8A%B8%EB%9E%A9-%ED%8C%8C%EC%9A%B0%EC%B9%98/MXZGSAK02BK001.html,https://images.mcmworldwide.com/i/mcmworldwide/MXZGSAK02BK001_01/MXZGSAK02BK001/diamond-비세토스-손목-스트랩-파우치?$large$&fmt=auto&qlt=default
남성,가방,파우치-클러치,다이아몬드-비세토스-손목-파우치,MXZFAAK01CO001,MXZFAAK01CO001,1,https://kr.mcmworldwide.com/ko_KR/%EB%82%A8%EC%84%B1/%EA%B0%80%EB%B0%A9/%ED%8C%8C%EC%9A%B0%EC%B9%98-%ED%81%B4%EB%9F%AC%EC%B9%98/%EB%8B%A4%EC%9D%B4%EC%95%84%EB%AA%AC%EB%93%9C-%EB%B9%84%EC%84%B8%ED%86%A0%EC%8A%A4-%EC%86%90%EB%AA%A9-%ED%8C%8C%EC%9A%B0%EC%B9%98/MXZFAAK01CO001.html,https://images.mcmworldwide.com/i/mcmworldwide/MXZFAAK01CO001_01/MXZFAAK01CO001/다이아몬드-비세토스-손목-파우치?$large$&fmt=auto&qlt=default
남성,슈즈,로퍼-부츠,누벅-모노그램-프린트-가죽-엥클-부츠,MESFAMM01CO036,MESFAMM01CO036;MESFAMM01CO037;MESFAMM01CO038;MEXFAMM02BK041;MEXFAMM02BK042,5,https://kr.mcmworldwide.com/ko_KR/%EB%82%A8%EC%84%B1/%EC%8A%88%EC%A6%88/%EB%A1%9C%ED%8D%BC-%EB%B6%80%EC%B8%A0/%EB%88%84%EB%B2%85-%EB%AA%A8%EB%85%B8%EA%B7%B8%EB%9E%A8-%ED%94%84%EB%A6%B0%ED%8A%B8-%EA%B0%80%EC%A3%BD-%EC%97%A5%ED%81%B4-%EB%B6%80%EC%B8%A0/MESFAMM01CO036.html,https://images.mcmworldwide.com/i/mcmworldwide/MESFAMM01CO036_01/MESFAMM01CO036/누벅-모노그램-프린트-가죽-엥클-부츠?$large$&fmt=auto&qlt=default
남성,슈즈,모두보기,mcm-x-crocs-메가-크러쉬-클로그와-벨트백-브레이슬릿,MEXDAMM08BK465,MEXDAMM08BK465;MEXDAMM08WT465,2,https://kr.mcmworldwide.com/ko_KR/%EB%82%A8%EC%84%B1/%EC%8A%88%EC%A6%88/%EB%AA%A8%EB%91%90%EB%B3%B4%EA%B8%B0/mcm-x-crocs-%EB%A9%94%EA%B0%80-%ED%81%AC%EB%9F%AC%EC%89%AC-%ED%81%B4%EB%A1%9C%EA%B7%B8%EC%99%80-%EB%B2%A8%ED%8A%B8%EB%B0%B1-%EB%B8%8C%EB%A0%88%EC%9D%B4%EC%8A%AC%EB%A6%BF/MEXDAMM08BK465.html,https://images.mcmworldwide.com/i/mcmworldwide/MEXDAMM08BK465_01/MEXDAMM08BK465/mcm-x-crocs-메가-크러쉬-클로그와-벨트백-브레이슬릿?$large$&fmt=auto&qlt=default
남성,슈즈,모두보기,mcm-x-crocs-클래식-클로그와-벨트백-브레이슬릿,MEXDSMM09I7465,MEXDSMM09I7465;MEXDSMM09I7485;MEXDSMM10WT465;MEXDSMM10WT485,4,https://kr.mcmworldwide.com/ko_KR/%EB%82%A8%EC%84%B1/%EC%8A%88%EC%A6%88/%EB%AA%A8%EB%91%90%EB%B3%B4%EA%B8%B0/mcm-x-crocs-%ED%81%B4%EB%9E%98%EC%8B%9D-%ED%81%B4%EB%A1%9C%EA%B7%B8%EC%99%80-%EB%B2%A8%ED%8A%B8%EB%B0%B1-%EB%B8%8C%EB%A0%88%EC%9D%B4%EC%8A%AC%EB%A6%BF/MEXDSMM09I7465.html,https://images.mcmworldwide.com/i/mcmworldwide/MEXDSMM09I7465_01/MEXDSMM09I7465/mcm-x-crocs-클래식-클로그와-벨트백-브레이슬릿?$large$&fmt=auto&qlt=default
남성,슈즈,모두보기,mcm-x-puma-slipstream-큐빅-레더-스니커즈,MEXCAMM15BK400,MEXCAMM15BK400;MEXCAMM15BK425,2,https://kr.mcmworldwide.com/ko_KR/%EB%82%A8%EC%84%B1/%EC%8A%88%EC%A6%88/%EB%AA%A8%EB%91%90%EB%B3%B4%EA%B8%B0/mcm-x-puma-slipstream-%ED%81%90%EB%B9%85-%EB%A0%88%EB%8D%94-%EC%8A%A4%EB%8B%88%EC%BB%A4%EC%A6%88/MEXCAMM15BK400.html,https://images.mcmworldwide.com/i/mcmworldwide/MEXCAMM15BK400_01/MEXCAMM15BK400/mcm-x-puma-slipstream-큐빅-레더-스니커즈?$large$&fmt=auto&qlt=default
남성,슈즈,샌들-슬라이드,모노그램-프린트-양가죽-크로스-샌들,MEXESMM01CO037,MEXESMM01CO037;MEXESMM01CO038;MEXESMM01CO040;MEXESMM01CO041;MEXESMM01CO042,5,https://kr.mcmworldwide.com/ko_KR/%EB%82%A8%EC%84%B1/%EC%8A%88%EC%A6%88/%EC%83%8C%EB%93%A4-%EC%8A%AC%EB%9D%BC%EC%9D%B4%EB%93%9C/%EB%AA%A8%EB%85%B8%EA%B7%B8%EB%9E%A8-%ED%94%84%EB%A6%B0%ED%8A%B8-%EC%96%91%EA%B0%80%EC%A3%BD-%ED%81%AC%EB%A1%9C%EC%8A%A4-%EC%83%8C%EB%93%A4/MEXESMM01CO037.html,https://images.mcmworldwide.com/i/mcmworldwide/MEXESMM01CO037_01/MEXESMM01CO037/모노그램-프린트-양가죽-크로스-샌들?$large$&fmt=auto&qlt=default
남성,슈즈,샌들-슬라이드,비세토스-슬라이드-샌들,MEXESMM05CO037,MEXESMM05CO037;MEXESMM05CO038;MEXESMM05CO041;MEXESMM05CO042,4,https://kr.mcmworldwide.com/ko_KR/%EB%82%A8%EC%84%B1/%EC%8A%88%EC%A6%88/%EC%83%8C%EB%93%A4-%EC%8A%AC%EB%9D%BC%EC%9D%B4%EB%93%9C/%EB%B9%84%EC%84%B8%ED%86%A0%EC%8A%A4-%EC%8A%AC%EB%9D%BC%EC%9D%B4%EB%93%9C-%EC%83%8C%EB%93%A4/MEXESMM05CO037.html,https://images.mcmworldwide.com/i/mcmworldwide/MEXESMM05CO037_01/MEXESMM05CO037/비세토스-슬라이드-샌들?$large$&fmt=auto&qlt=default
남성,슈즈,샌들-슬라이드,비세토스-샌들,MEXFSMM02BK036,MEXFSMM02BK036;MEXFSMM02BK037;MEXFSMM02BK038;MEXFSMM02BK039;MEXFSMM02BK040;MEXFSMM02BK041;MEXFSMM02BK042;MEXFSMM02BK043;MEXFSMM02CO036;MEXFSMM02CO037;MEXFSMM02CO038;MEXFSMM02CO039;MEXFSMM02CO040;MEXFSMM02CO041;MEXFSMM02CO042;MEXFSMM02CO043,16,https://kr.mcmworldwide.com/ko_KR/%EB%82%A8%EC%84%B1/%EC%8A%88%EC%A6%88/%EC%83%8C%EB%93%A4-%EC%8A%AC%EB%9D%BC%EC%9D%B4%EB%93%9C/%EB%B9%84%EC%84%B8%ED%86%A0%EC%8A%A4-%EC%83%8C%EB%93%A4/MEXFSMM02BK036.html,https://images.mcmworldwide.com/i/mcmworldwide/MEXFSMM02BK036_01/MEXFSMM02BK036/비세토스-샌들?$large$&fmt=auto&qlt=default
남성,슈즈,샌들-슬라이드,quilted-diamond-rubber-slides,MEXGAMM02BK046,MEXGAMM02BK046,1,https://kr.mcmworldwide.com/ko_KR/%EB%82%A8%EC%84%B1/%EC%8A%88%EC%A6%88/%EC%83%8C%EB%93%A4-%EC%8A%AC%EB%9D%BC%EC%9D%B4%EB%93%9C/quilted-diamond-rubber-slides/MEXGAMM02BK046.html,https://images.mcmworldwide.com/i/mcmworldwide/MEXGAMM02BK046_01/MEXGAMM02BK046/quilted-diamond-rubber-slides?$large$&fmt=auto&qlt=default
남성,슈즈,스니커즈,네오-터레인-모노그램-레더-로우탑-스니커즈,MESEAAJ02WG036,MESEAAJ02WG036;MESEAAJ02WG037;MESEAAJ02WG038;MESEAAJ02WG039;MEXEAAJ01WG040;MEXEAAJ01WG041;MEXEAAJ01WG042;MEXEAAJ01WG043,8,https://kr.mcmworldwide.com/ko_KR/%EB%82%A8%EC%84%B1/%EC%8A%88%EC%A6%88/%EC%8A%A4%EB%8B%88%EC%BB%A4%EC%A6%88/%EB%84%A4%EC%98%A4-%ED%84%B0%EB%A0%88%EC%9D%B8-%EB%AA%A8%EB%85%B8%EA%B7%B8%EB%9E%A8-%EB%A0%88%EB%8D%94-%EB%A1%9C%EC%9A%B0%ED%83%91-%EC%8A%A4%EB%8B%88%EC%BB%A4%EC%A6%88/MESEAAJ02WG036.html,https://images.mcmworldwide.com/i/mcmworldwide/MESEAAJ02WG036_01/MESEAAJ02WG036/네오-터레인-모노그램-레더-로우탑-스니커즈?$large$&fmt=auto&qlt=default
남성,슈즈,스니커즈,비세토스-스카이완더-로-스니커즈,MESESAH02CO036,MESESAH02CO036;MESESAH02CO038,2,https://kr.mcmworldwide.com/ko_KR/%EB%82%A8%EC%84%B1/%EC%8A%88%EC%A6%88/%EC%8A%A4%EB%8B%88%EC%BB%A4%EC%A6%88/%EB%B9%84%EC%84%B8%ED%86%A0%EC%8A%A4-%EC%8A%A4%EC%B9%B4%EC%9D%B4%EC%99%84%EB%8D%94-%EB%A1%9C-%EC%8A%A4%EB%8B%88%EC%BB%A4%EC%A6%88/MESESAH02CO036.html,https://images.mcmworldwide.com/i/mcmworldwide/MESESAH02CO036_01/MESESAH02CO036/비세토스-스카이완더-로-스니커즈?$large$&fmt=auto&qlt=default
남성,슈즈,스니커즈,비세토스-네오-터레인-로-스니커즈,MESESAJ03BW036,MESESAJ03BW036;MESESAJ03BW037;MESESAJ03BW038;MESESAJ03CO039;MESFSAJ01CO036;MESFSAJ01CO037;MESFSAJ01CO038;MESFSAJ01CO039;MEXESAJ03BW042;MEXESAJ03BW043;MEXFSAJ01CO040;MEXFSAJ01CO041;MEXFSAJ01CO042;MEXFSAJ01CO043,14,https://kr.mcmworldwide.com/ko_KR/%EB%82%A8%EC%84%B1/%EC%8A%88%EC%A6%88/%EC%8A%A4%EB%8B%88%EC%BB%A4%EC%A6%88/%EB%B9%84%EC%84%B8%ED%86%A0%EC%8A%A4-%EB%84%A4%EC%98%A4-%ED%84%B0%EB%A0%88%EC%9D%B8-%EB%A1%9C-%EC%8A%A4%EB%8B%88%EC%BB%A4%EC%A6%88/MESESAJ03BW036.html,https://images.mcmworldwide.com/i/mcmworldwide/MESESAJ03BW036_01/MESESAJ03BW036/비세토스-네오-터레인-로-스니커즈?$large$&fmt=auto&qlt=default
남성,슈즈,스니커즈,비세토스-레더-믹스-네오-터레인-스니커즈,MESESAJ03PZ035,MESESAJ03PZ035;MESESAJ03PZ036;MESESAJ03PZ037;MESESAJ03PZ038;MESESAJ03PZ039;MESESAJ03PZ040;MESESAJ03PZ041,7,https://kr.mcmworldwide.com/ko_KR/%EB%82%A8%EC%84%B1/%EC%8A%88%EC%A6%88/%EC%8A%A4%EB%8B%88%EC%BB%A4%EC%A6%88/%EB%B9%84%EC%84%B8%ED%86%A0%EC%8A%A4-%EB%A0%88%EB%8D%94-%EB%AF%B9%EC%8A%A4-%EB%84%A4%EC%98%A4-%ED%84%B0%EB%A0%88%EC%9D%B8-%EC%8A%A4%EB%8B%88%EC%BB%A4%EC%A6%88/MESESAJ03PZ035.html,https://images.mcmworldwide.com/i/mcmworldwide/MESESAJ03PZ035_01/MESESAJ03PZ035/비세토스-레더-믹스-네오-터레인-스니커즈?$large$&fmt=auto&qlt=default
남성,슈즈,스니커즈,비세토스-네오-터레인-스니커즈,MESFSAJ014B037,MESFSAJ014B037;MESFSAJ014B039;MESFSAJ014B040,3,https://kr.mcmworldwide.com/ko_KR/%EB%82%A8%EC%84%B1/%EC%8A%88%EC%A6%88/%EC%8A%A4%EB%8B%88%EC%BB%A4%EC%A6%88/%EB%B9%84%EC%84%B8%ED%86%A0%EC%8A%A4-%EB%84%A4%EC%98%A4-%ED%84%B0%EB%A0%88%EC%9D%B8-%EC%8A%A4%EB%8B%88%EC%BB%A4%EC%A6%88/MESFSAJ014B037.html,https://images.mcmworldwide.com/i/mcmworldwide/MESFSAJ014B037_01/MESFSAJ014B037/비세토스-네오-터레인-스니커즈?$large$&fmt=auto&qlt=default
남성,슈즈,스니커즈,모노그램-레더-네오-터레인-로-스니커즈,MEXEAAJ01BK040,MEXEAAJ01BK040;MEXEAAJ01BK041;MEXEAAJ01BK042;MEXEAAJ01BK043,4,https://kr.mcmworldwide.com/ko_KR/%EB%82%A8%EC%84%B1/%EC%8A%88%EC%A6%88/%EC%8A%A4%EB%8B%88%EC%BB%A4%EC%A6%88/%EB%AA%A8%EB%85%B8%EA%B7%B8%EB%9E%A8-%EB%A0%88%EB%8D%94-%EB%84%A4%EC%98%A4-%ED%84%B0%EB%A0%88%EC%9D%B8-%EB%A1%9C-%EC%8A%A4%EB%8B%88%EC%BB%A4%EC%A6%88/MEXEAAJ01BK040.html,https://images.mcmworldwide.com/i/mcmworldwide/MEXEAAJ01BK040_01/MEXEAAJ01BK040/모노그램-레더-네오-터레인-로-스니커즈?$large$&fmt=auto&qlt=default
남성,슈즈,스니커즈,neo-terrain-비세토스-로우탑-스니커즈,MESESAJ03CO036,MESESAJ03CO036;MESESAJ03CO038;MEXESAJ03BW040;MEXESAJ03BW041;MEXESAJ03CO041;MEXESAJ03CO042;MEXESAJ03CO043,7,https://kr.mcmworldwide.com/ko_KR/%EB%82%A8%EC%84%B1/%EC%8A%88%EC%A6%88/%EC%8A%A4%EB%8B%88%EC%BB%A4%EC%A6%88/neo-terrain-%EB%B9%84%EC%84%B8%ED%86%A0%EC%8A%A4-%EB%A1%9C%EC%9A%B0%ED%83%91-%EC%8A%A4%EB%8B%88%EC%BB%A4%EC%A6%88/MESESAJ03CO036.html,https://images.mcmworldwide.com/i/mcmworldwide/MESESAJ03CO036_01/MESESAJ03CO036/neo-terrain-비세토스-로우탑-스니커즈?$large$&fmt=auto&qlt=default
남성,슈즈,스니커즈,skywander-비세토스-로우탑-스니커즈,MESESAH02CO037,MESESAH02CO037;MEXESAH02CO040;MEXESAH02CO042,3,https://kr.mcmworldwide.com/ko_KR/%EB%82%A8%EC%84%B1/%EC%8A%88%EC%A6%88/%EC%8A%A4%EB%8B%88%EC%BB%A4%EC%A6%88/skywander-%EB%B9%84%EC%84%B8%ED%86%A0%EC%8A%A4-%EB%A1%9C%EC%9A%B0%ED%83%91-%EC%8A%A4%EB%8B%88%EC%BB%A4%EC%A6%88/MESESAH02CO037.html,https://images.mcmworldwide.com/i/mcmworldwide/MESESAH02CO037_01/MESESAH02CO037/skywander-비세토스-로우탑-스니커즈?$large$&fmt=auto&qlt=default
남성,의류,모두보기,diamond-재생-나일론-점프수트,MHMGAMM01Q700M,MHMGAMM01Q700M;MHMGAMM01Q700S,2,https://kr.mcmworldwide.com/ko_KR/%EB%82%A8%EC%84%B1/%EC%9D%98%EB%A5%98/%EB%AA%A8%EB%91%90%EB%B3%B4%EA%B8%B0/diamond-%EC%9E%AC%EC%83%9D-%EB%82%98%EC%9D%BC%EB%A1%A0-%EC%A0%90%ED%94%84%EC%88%98%ED%8A%B8/MHMGAMM01Q700M.html,https://images.mcmworldwide.com/i/mcmworldwide/MHMGAMM01Q700M_01/MHMGAMM01Q700M/diamond-재생-나일론-점프수트?$large$&fmt=auto&qlt=default
남성,의류,모두보기,남성용-mcm-에센셜-오가닉-코튼-로고-티셔츠,MHTBABC01BK00S,MHTBABC01BK00S,1,https://kr.mcmworldwide.com/ko_KR/%EB%82%A8%EC%84%B1/%EC%9D%98%EB%A5%98/%EB%AA%A8%EB%91%90%EB%B3%B4%EA%B8%B0/%EB%82%A8%EC%84%B1%EC%9A%A9-mcm-%EC%97%90%EC%84%BC%EC%85%9C-%EC%98%A4%EA%B0%80%EB%8B%89-%EC%BD%94%ED%8A%BC-%EB%A1%9C%EA%B3%A0-%ED%8B%B0%EC%85%94%EC%B8%A0/MHTBABC01BK00S.html,https://images.mcmworldwide.com/i/mcmworldwide/MHTBABC01BK00S_01/MHTBABC01BK00S/남성용-mcm-에센셜-오가닉-코튼-로고-티셔츠?$large$&fmt=auto&qlt=default
남성,의류,모두보기,mcm-worldwide-print-t-shirt-in-organic-cotton,MHTDAMM09KD00M,MHTDAMM09KD00M;MHTDAMM09KD0XL,2,https://kr.mcmworldwide.com/ko_KR/%EB%82%A8%EC%84%B1/%EC%9D%98%EB%A5%98/%EB%AA%A8%EB%91%90%EB%B3%B4%EA%B8%B0/mcm-worldwide-print-t-shirt-in-organic-cotton/MHTDAMM09KD00M.html,https://images.mcmworldwide.com/i/mcmworldwide/MHTDAMM09KD00M_01/MHTDAMM09KD00M/mcm-worldwide-print-t-shirt-in-organic-cotton?$large$&fmt=auto&qlt=default
남성,의류,모두보기,남성용-큐빅-로고-울-카디건,MHDDSMM01J700S,MHDDSMM01J700S,1,https://kr.mcmworldwide.com/ko_KR/%EB%82%A8%EC%84%B1/%EC%9D%98%EB%A5%98/%EB%AA%A8%EB%91%90%EB%B3%B4%EA%B8%B0/%EB%82%A8%EC%84%B1%EC%9A%A9-%ED%81%90%EB%B9%85-%EB%A1%9C%EA%B3%A0-%EC%9A%B8-%EC%B9%B4%EB%94%94%EA%B1%B4/MHDDSMM01J700S.html,https://images.mcmworldwide.com/i/mcmworldwide/MHDDSMM01J700S_01/MHDDSMM01J700S/남성용-큐빅-로고-울-카디건?$large$&fmt=auto&qlt=default
남성,의류,모두보기,남성용-큐빅-카무플라주-모노그램-프린트-셔츠,MHHCAMM01MT00S,MHHCAMM01MT00S,1,https://kr.mcmworldwide.com/ko_KR/%EB%82%A8%EC%84%B1/%EC%9D%98%EB%A5%98/%EB%AA%A8%EB%91%90%EB%B3%B4%EA%B8%B0/%EB%82%A8%EC%84%B1%EC%9A%A9-%ED%81%90%EB%B9%85-%EC%B9%B4%EB%AC%B4%ED%94%8C%EB%9D%BC%EC%A3%BC-%EB%AA%A8%EB%85%B8%EA%B7%B8%EB%9E%A8-%ED%94%84%EB%A6%B0%ED%8A%B8-%EC%85%94%EC%B8%A0/MHHCAMM01MT00S.html,https://images.mcmworldwide.com/i/mcmworldwide/MHHCAMM01MT00S_01/MHHCAMM01MT00S/남성용-큐빅-카무플라주-모노그램-프린트-셔츠?$large$&fmt=auto&qlt=default
남성,의류,모두보기,남성용-모노그램-데님-재킷,MHJAADS01VW050,MHJAADS01VW050,1,https://kr.mcmworldwide.com/ko_KR/%EB%82%A8%EC%84%B1/%EC%9D%98%EB%A5%98/%EB%AA%A8%EB%91%90%EB%B3%B4%EA%B8%B0/%EB%82%A8%EC%84%B1%EC%9A%A9-%EB%AA%A8%EB%85%B8%EA%B7%B8%EB%9E%A8-%EB%8D%B0%EB%8B%98-%EC%9E%AC%ED%82%B7/MHJAADS01VW050.html,https://images.mcmworldwide.com/i/mcmworldwide/MHJAADS01VW050_01/MHJAADS01VW050/남성용-모노그램-데님-재킷?$large$&fmt=auto&qlt=default
남성,의류,모두보기,울-자카드-리우렐-점프수트,MHMFAMM01EG00M,MHMFAMM01EG00M,1,https://kr.mcmworldwide.com/ko_KR/%EB%82%A8%EC%84%B1/%EC%9D%98%EB%A5%98/%EB%AA%A8%EB%91%90%EB%B3%B4%EA%B8%B0/%EC%9A%B8-%EC%9E%90%EC%B9%B4%EB%93%9C-%EB%A6%AC%EC%9A%B0%EB%A0%90-%EC%A0%90%ED%94%84%EC%88%98%ED%8A%B8/MHMFAMM01EG00M.html,https://images.mcmworldwide.com/i/mcmworldwide/MHMFAMM01EG00M_01/MHMFAMM01EG00M/울-자카드-리우렐-점프수트?$large$&fmt=auto&qlt=default
남성,의류,모두보기,남성용-아프레스키-재생-폴리에스터-팬츠,MHPCAMM06BK00S,MHPCAMM06BK00S,1,https://kr.mcmworldwide.com/ko_KR/%EB%82%A8%EC%84%B1/%EC%9D%98%EB%A5%98/%EB%AA%A8%EB%91%90%EB%B3%B4%EA%B8%B0/%EB%82%A8%EC%84%B1%EC%9A%A9-%EC%95%84%ED%94%84%EB%A0%88%EC%8A%A4%ED%82%A4-%EC%9E%AC%EC%83%9D-%ED%8F%B4%EB%A6%AC%EC%97%90%EC%8A%A4%ED%84%B0-%ED%8C%AC%EC%B8%A0/MHPCAMM06BK00S.html,https://images.mcmworldwide.com/i/mcmworldwide/MHPCAMM06BK00S_01/MHPCAMM06BK00S/남성용-아프레스키-재생-폴리에스터-팬츠?$large$&fmt=auto&qlt=default
남성,의류,모두보기,phenomenon+mcm-자동차-프린트-후디,MHADAJP01BK00M,MHADAJP01BK00M;MHADAJP01BK0XL,2,https://kr.mcmworldwide.com/ko_KR/%EB%82%A8%EC%84%B1/%EC%9D%98%EB%A5%98/%EB%AA%A8%EB%91%90%EB%B3%B4%EA%B8%B0/phenomenon%2Bmcm-%EC%9E%90%EB%8F%99%EC%B0%A8-%ED%94%84%EB%A6%B0%ED%8A%B8-%ED%9B%84%EB%94%94/MHADAJP01BK00M.html,https://images.mcmworldwide.com/i/mcmworldwide/MHADAJP01BK00M_01/MHADAJP01BK00M/phenomenon+mcm-자동차-프린트-후디?$large$&fmt=auto&qlt=default
남성,의류,재킷-코트,-econyl®--리버서블-모노그램-프린트-윈드브레이커,MHJFAMM05BK00L,MHJFAMM05BK00L;MHJFAMM05BK00M;MHJFAMM05BK00S;MHJFAMM05BK0XL,4,https://kr.mcmworldwide.com/ko_KR/%EB%82%A8%EC%84%B1/%EC%9D%98%EB%A5%98/%EC%9E%AC%ED%82%B7-%EC%BD%94%ED%8A%B8/-econyl%C2%AE--%EB%A6%AC%EB%B2%84%EC%84%9C%EB%B8%94-%EB%AA%A8%EB%85%B8%EA%B7%B8%EB%9E%A8-%ED%94%84%EB%A6%B0%ED%8A%B8-%EC%9C%88%EB%93%9C%EB%B8%8C%EB%A0%88%EC%9D%B4%EC%BB%A4/MHJFAMM05BK00L.html,https://images.mcmworldwide.com/i/mcmworldwide/MHJFAMM05BK00L_01/MHJFAMM05BK00L/-econyl®--리버서블-모노그램-프린트-윈드브레이커?$large$&fmt=auto&qlt=default
남성,의류,재킷-코트,econyl®-과-모노그램-프린트-레더-베스트,MHVFAMM01K800M,MHVFAMM01K800M,1,https://kr.mcmworldwide.com/ko_KR/%EB%82%A8%EC%84%B1/%EC%9D%98%EB%A5%98/%EC%9E%AC%ED%82%B7-%EC%BD%94%ED%8A%B8/econyl%C2%AE-%EA%B3%BC-%EB%AA%A8%EB%85%B8%EA%B7%B8%EB%9E%A8-%ED%94%84%EB%A6%B0%ED%8A%B8-%EB%A0%88%EB%8D%94-%EB%B2%A0%EC%8A%A4%ED%8A%B8/MHVFAMM01K800M.html,https://images.mcmworldwide.com/i/mcmworldwide/MHVFAMM01K800M_01/MHVFAMM01K800M/econyl®-과-모노그램-프린트-레더-베스트?$large$&fmt=auto&qlt=default
남성,의류,재킷-코트,립스탑-econyl®-모노그램-백팩-베스트,MHVGSMM01CO00M,MHVGSMM01CO00M,1,https://kr.mcmworldwide.com/ko_KR/%EB%82%A8%EC%84%B1/%EC%9D%98%EB%A5%98/%EC%9E%AC%ED%82%B7-%EC%BD%94%ED%8A%B8/%EB%A6%BD%EC%8A%A4%ED%83%91-econyl%C2%AE-%EB%AA%A8%EB%85%B8%EA%B7%B8%EB%9E%A8-%EB%B0%B1%ED%8C%A9-%EB%B2%A0%EC%8A%A4%ED%8A%B8/MHVGSMM01CO00M.html,https://images.mcmworldwide.com/i/mcmworldwide/MHVGSMM01CO00M_01/MHVGSMM01CO00M/립스탑-econyl®-모노그램-백팩-베스트?$large$&fmt=auto&qlt=default
남성,의류,재킷-코트,mcmotor-양가죽-바이크-재킷,MHJCAMM02BK00S,MHJCAMM02BK00S,1,https://kr.mcmworldwide.com/ko_KR/%EB%82%A8%EC%84%B1/%EC%9D%98%EB%A5%98/%EC%9E%AC%ED%82%B7-%EC%BD%94%ED%8A%B8/mcmotor-%EC%96%91%EA%B0%80%EC%A3%BD-%EB%B0%94%EC%9D%B4%ED%81%AC-%EC%9E%AC%ED%82%B7/MHJCAMM02BK00S.html,https://images.mcmworldwide.com/i/mcmworldwide/MHJCAMM02BK00S_01/MHJCAMM02BK00S/mcmotor-양가죽-바이크-재킷?$large$&fmt=auto&qlt=default
남성,의류,재킷-코트,모노그램-립스탑-나일론-파카,MHCGSMM02CO00L,MHCGSMM02CO00L;MHCGSMM02CO00M;MHCGSMM02CO00S;MHCGSMM02CO0XS,4,https://kr.mcmworldwide.com/ko_KR/%EB%82%A8%EC%84%B1/%EC%9D%98%EB%A5%98/%EC%9E%AC%ED%82%B7-%EC%BD%94%ED%8A%B8/%EB%AA%A8%EB%85%B8%EA%B7%B8%EB%9E%A8-%EB%A6%BD%EC%8A%A4%ED%83%91-%EB%82%98%EC%9D%BC%EB%A1%A0-%ED%8C%8C%EC%B9%B4/MHCGSMM02CO00L.html,https://images.mcmworldwide.com/i/mcmworldwide/MHCGSMM02CO00L_01/MHCGSMM02CO00L/모노그램-립스탑-나일론-파카?$large$&fmt=auto&qlt=default
남성,의류,재킷-코트,로레토스-모노그램-데님-재킷,MHJEAMM02LI00L,MHJEAMM02LI00L;MHJEAMM02LI00S,2,https://kr.mcmworldwide.com/ko_KR/%EB%82%A8%EC%84%B1/%EC%9D%98%EB%A5%98/%EC%9E%AC%ED%82%B7-%EC%BD%94%ED%8A%B8/%EB%A1%9C%EB%A0%88%ED%86%A0%EC%8A%A4-%EB%AA%A8%EB%85%B8%EA%B7%B8%EB%9E%A8-%EB%8D%B0%EB%8B%98-%EC%9E%AC%ED%82%B7/MHJEAMM02LI00L.html,https://images.mcmworldwide.com/i/mcmworldwide/MHJEAMM02LI00L_01/MHJEAMM02LI00L/로레토스-모노그램-데님-재킷?$large$&fmt=auto&qlt=default
남성,의류,재킷-코트,mhjeamm02_mens_jacket,4418,4418,1,https://kr.mcmworldwide.com/ko_KR/%EB%82%A8%EC%84%B1/%EC%9D%98%EB%A5%98/%EC%9E%AC%ED%82%B7-%EC%BD%94%ED%8A%B8/mhjeamm02_mens_jacket/4418.html,https://images.mcmworldwide.com/i/mcmworldwide/4418_01/4418/mhjeamm02_mens_jacket?$large$&fmt=auto&qlt=default
남성,의류,재킷-코트,비세토스-레더-믹스-시어링-봄버-재킷,MHJEAMM08CO00M,MHJEAMM08CO00M;MHJEAMM08CO00S,2,https://kr.mcmworldwide.com/ko_KR/%EB%82%A8%EC%84%B1/%EC%9D%98%EB%A5%98/%EC%9E%AC%ED%82%B7-%EC%BD%94%ED%8A%B8/%EB%B9%84%EC%84%B8%ED%86%A0%EC%8A%A4-%EB%A0%88%EB%8D%94-%EB%AF%B9%EC%8A%A4-%EC%8B%9C%EC%96%B4%EB%A7%81-%EB%B4%84%EB%B2%84-%EC%9E%AC%ED%82%B7/MHJEAMM08CO00M.html,https://images.mcmworldwide.com/i/mcmworldwide/MHJEAMM08CO00M_01/MHJEAMM08CO00M/비세토스-레더-믹스-시어링-봄버-재킷?$large$&fmt=auto&qlt=default
남성,의류,재킷-코트,에센셜-로고-패치-바시티-재킷,MHJESBC04BK00L,MHJESBC04BK00L;MHJESBC04BK00M,2,https://kr.mcmworldwide.com/ko_KR/%EB%82%A8%EC%84%B1/%EC%9D%98%EB%A5%98/%EC%9E%AC%ED%82%B7-%EC%BD%94%ED%8A%B8/%EC%97%90%EC%84%BC%EC%85%9C-%EB%A1%9C%EA%B3%A0-%ED%8C%A8%EC%B9%98-%EB%B0%94%EC%8B%9C%ED%8B%B0-%EC%9E%AC%ED%82%B7/MHJESBC04BK00L.html,https://images.mcmworldwide.com/i/mcmworldwide/MHJESBC04BK00L_01/MHJESBC04BK00L/에센셜-로고-패치-바시티-재킷?$large$&fmt=auto&qlt=default
남성,의류,재킷-코트,로고-패치-폰테-블레이저,MHJESBC06BK048,MHJESBC06BK048;MHJESBC06BK050;MHJESBC06BK052,3,https://kr.mcmworldwide.com/ko_KR/%EB%82%A8%EC%84%B1/%EC%9D%98%EB%A5%98/%EC%9E%AC%ED%82%B7-%EC%BD%94%ED%8A%B8/%EB%A1%9C%EA%B3%A0-%ED%8C%A8%EC%B9%98-%ED%8F%B0%ED%85%8C-%EB%B8%94%EB%A0%88%EC%9D%B4%EC%A0%80/MHJESBC06BK048.html,https://images.mcmworldwide.com/i/mcmworldwide/MHJESBC06BK048_01/MHJESBC06BK048/로고-패치-폰테-블레이저?$large$&fmt=auto&qlt=default
남성,의류,재킷-코트,양가죽-크롭-라이더-재킷,MHJESMM04BK046,MHJESMM04BK046;MHJESMM04BK048;MHJESMM04BK050;MHJESMM04CO044;MHJESMM04CO046;MHJESMM04CO050,6,https://kr.mcmworldwide.com/ko_KR/%EB%82%A8%EC%84%B1/%EC%9D%98%EB%A5%98/%EC%9E%AC%ED%82%B7-%EC%BD%94%ED%8A%B8/%EC%96%91%EA%B0%80%EC%A3%BD-%ED%81%AC%EB%A1%AD-%EB%9D%BC%EC%9D%B4%EB%8D%94-%EC%9E%AC%ED%82%B7/MHJESMM04BK046.html,https://images.mcmworldwide.com/i/mcmworldwide/MHJESMM04BK046_01/MHJESMM04BK046/양가죽-크롭-라이더-재킷?$large$&fmt=auto&qlt=default
남성,의류,재킷-코트,모노그램-네오플렌-자카드-폰테-바시티-자켓,MHJFAMM01VC00L,MHJFAMM01VC00L;MHJFAMM01VC00M;MHJFAMM01VC00S;MHJFAMM01VC0XL,4,https://kr.mcmworldwide.com/ko_KR/%EB%82%A8%EC%84%B1/%EC%9D%98%EB%A5%98/%EC%9E%AC%ED%82%B7-%EC%BD%94%ED%8A%B8/%EB%AA%A8%EB%85%B8%EA%B7%B8%EB%9E%A8-%EB%84%A4%EC%98%A4%ED%94%8C%EB%A0%8C-%EC%9E%90%EC%B9%B4%EB%93%9C-%ED%8F%B0%ED%85%8C-%EB%B0%94%EC%8B%9C%ED%8B%B0-%EC%9E%90%EC%BC%93/MHJFAMM01VC00L.html,https://images.mcmworldwide.com/i/mcmworldwide/MHJFAMM01VC00L_01/MHJFAMM01VC00L/모노그램-네오플렌-자카드-폰테-바시티-자켓?$large$&fmt=auto&qlt=default
남성,의류,재킷-코트,스웨이드-시어링-모노그램-레더-재킷,MHJFAMM03CO00L,MHJFAMM03CO00L;MHJFAMM03CO00M,2,https://kr.mcmworldwide.com/ko_KR/%EB%82%A8%EC%84%B1/%EC%9D%98%EB%A5%98/%EC%9E%AC%ED%82%B7-%EC%BD%94%ED%8A%B8/%EC%8A%A4%EC%9B%A8%EC%9D%B4%EB%93%9C-%EC%8B%9C%EC%96%B4%EB%A7%81-%EB%AA%A8%EB%85%B8%EA%B7%B8%EB%9E%A8-%EB%A0%88%EB%8D%94-%EC%9E%AC%ED%82%B7/MHJFAMM03CO00L.html,https://images.mcmworldwide.com/i/mcmworldwide/MHJFAMM03CO00L_01/MHJFAMM03CO00L/스웨이드-시어링-모노그램-레더-재킷?$large$&fmt=auto&qlt=default
남성,의류,재킷-코트,페이크-퍼-소매-탈부착-플리스-재킷,MHJFAMM04CO00L,MHJFAMM04CO00L;MHJFAMM04CO00M;MHJFAMM04CO00S,3,https://kr.mcmworldwide.com/ko_KR/%EB%82%A8%EC%84%B1/%EC%9D%98%EB%A5%98/%EC%9E%AC%ED%82%B7-%EC%BD%94%ED%8A%B8/%ED%8E%98%EC%9D%B4%ED%81%AC-%ED%8D%BC-%EC%86%8C%EB%A7%A4-%ED%83%88%EB%B6%80%EC%B0%A9-%ED%94%8C%EB%A6%AC%EC%8A%A4-%EC%9E%AC%ED%82%B7/MHJFAMM04CO00L.html,https://images.mcmworldwide.com/i/mcmworldwide/MHJFAMM04CO00L_01/MHJFAMM04CO00L/페이크-퍼-소매-탈부착-플리스-재킷?$large$&fmt=auto&qlt=default
남성,의류,재킷-코트,모노그램-프린트-가죽이-더해진-울-트윌-재킷,MHJGSMM02GK046,MHJGSMM02GK046;MHJGSMM02GK048;MHJGSMM02GK050,3,https://kr.mcmworldwide.com/ko_KR/%EB%82%A8%EC%84%B1/%EC%9D%98%EB%A5%98/%EC%9E%AC%ED%82%B7-%EC%BD%94%ED%8A%B8/%EB%AA%A8%EB%85%B8%EA%B7%B8%EB%9E%A8-%ED%94%84%EB%A6%B0%ED%8A%B8-%EA%B0%80%EC%A3%BD%EC%9D%B4-%EB%8D%94%ED%95%B4%EC%A7%84-%EC%9A%B8-%ED%8A%B8%EC%9C%8C-%EC%9E%AC%ED%82%B7/MHJGSMM02GK046.html,https://images.mcmworldwide.com/i/mcmworldwide/MHJGSMM02GK046_01/MHJGSMM02GK046/모노그램-프린트-가죽이-더해진-울-트윌-재킷?$large$&fmt=auto&qlt=default
남성,의류,재킷-코트,네오프렌-베스트,MHVFSMM01VC00M,MHVFSMM01VC00M;MHVFSMM01VC00S;MHVFSMM01VC0XS,3,https://kr.mcmworldwide.com/ko_KR/%EB%82%A8%EC%84%B1/%EC%9D%98%EB%A5%98/%EC%9E%AC%ED%82%B7-%EC%BD%94%ED%8A%B8/%EB%84%A4%EC%98%A4%ED%94%84%EB%A0%8C-%EB%B2%A0%EC%8A%A4%ED%8A%B8/MHVFSMM01VC00M.html,https://images.mcmworldwide.com/i/mcmworldwide/MHVFSMM01VC00M_01/MHVFSMM01VC00M/네오프렌-베스트?$large$&fmt=auto&qlt=default
남성,의류,재킷-코트,münchen-폰테-바시티-재킷,MHJGSMM03BW00L,MHJGSMM03BW00L;MHJGSMM03BW00M;MHJGSMM03BW00S;MHJGSMM03BW0XL,4,https://kr.mcmworldwide.com/ko_KR/%EB%82%A8%EC%84%B1/%EC%9D%98%EB%A5%98/%EC%9E%AC%ED%82%B7-%EC%BD%94%ED%8A%B8/m%C3%BCnchen-%ED%8F%B0%ED%85%8C-%EB%B0%94%EC%8B%9C%ED%8B%B0-%EC%9E%AC%ED%82%B7/MHJGSMM03BW00L.html,https://images.mcmworldwide.com/i/mcmworldwide/MHJGSMM03BW00L_01/MHJGSMM03BW00L/münchen-폰테-바시티-재킷?$large$&fmt=auto&qlt=default
남성,의류,티셔츠-셔츠,50주년-기념-티셔츠-,MHTGAMM024B00L,MHTGAMM024B00L;MHTGAMM024B00M;MHTGAMM024B00S;MHTGAMM02VC00L;MHTGAMM02VC00M;MHTGAMM02VC00S,6,https://kr.mcmworldwide.com/ko_KR/%EB%82%A8%EC%84%B1/%EC%9D%98%EB%A5%98/%ED%8B%B0%EC%85%94%EC%B8%A0-%EC%85%94%EC%B8%A0/50%EC%A3%BC%EB%85%84-%EA%B8%B0%EB%85%90-%ED%8B%B0%EC%85%94%EC%B8%A0-/MHTGAMM024B00L.html,https://images.mcmworldwide.com/i/mcmworldwide/MHTGAMM024B00L_01/MHTGAMM024B00L/50주년-기념-티셔츠-?$large$&fmt=auto&qlt=default
남성,의류,티셔츠-셔츠,disco-패치-오가닉-코튼-티셔츠,MHTGAMM04BK0XL,MHTGAMM04BK0XL,1,https://kr.mcmworldwide.com/ko_KR/%EB%82%A8%EC%84%B1/%EC%9D%98%EB%A5%98/%ED%8B%B0%EC%85%94%EC%B8%A0-%EC%85%94%EC%B8%A0/disco-%ED%8C%A8%EC%B9%98-%EC%98%A4%EA%B0%80%EB%8B%89-%EC%BD%94%ED%8A%BC-%ED%8B%B0%EC%85%94%EC%B8%A0/MHTGAMM04BK0XL.html,https://images.mcmworldwide.com/i/mcmworldwide/MHTGAMM04BK0XL_01/MHTGAMM04BK0XL/disco-패치-오가닉-코튼-티셔츠?$large$&fmt=auto&qlt=default
남성,의류,티셔츠-셔츠,남성용-mcm-에센셜-로고-티셔츠-,MHTESBC01WT3XL,MHTESBC01WT3XL,1,https://kr.mcmworldwide.com/ko_KR/%EB%82%A8%EC%84%B1/%EC%9D%98%EB%A5%98/%ED%8B%B0%EC%85%94%EC%B8%A0-%EC%85%94%EC%B8%A0/%EB%82%A8%EC%84%B1%EC%9A%A9-mcm-%EC%97%90%EC%84%BC%EC%85%9C-%EB%A1%9C%EA%B3%A0-%ED%8B%B0%EC%85%94%EC%B8%A0-/MHTESBC01WT3XL.html,https://images.mcmworldwide.com/i/mcmworldwide/MHTESBC01WT3XL_01/MHTESBC01WT3XL/남성용-mcm-에센셜-로고-티셔츠-?$large$&fmt=auto&qlt=default
남성,의류,티셔츠-셔츠,mcm-x-ateez-with-mingi-코튼-로고-티셔츠,MHTGAMM12BK00L,MHTGAMM12BK00L;MHTGAMM12BK00M;MHTGAMM12BK0XL,3,https://kr.mcmworldwide.com/ko_KR/%EB%82%A8%EC%84%B1/%EC%9D%98%EB%A5%98/%ED%8B%B0%EC%85%94%EC%B8%A0-%EC%85%94%EC%B8%A0/mcm-x-ateez-with-mingi-%EC%BD%94%ED%8A%BC-%EB%A1%9C%EA%B3%A0-%ED%8B%B0%EC%85%94%EC%B8%A0/MHTGAMM12BK00L.html,https://images.mcmworldwide.com/i/mcmworldwide/MHTGAMM12BK00L_01/MHTGAMM12BK00L/mcm-x-ateez-with-mingi-코튼-로고-티셔츠?$large$&fmt=auto&qlt=default
남성,의류,티셔츠-셔츠,mcm-x-be@rbrick-400%-프린트-티셔츠,MHTFAMM08WT00L,MHTFAMM08WT00L;MHTFAMM08WT00M;MHTFAMM08WT0XL;MHTFAMM08WT00S,4,https://kr.mcmworldwide.com/ko_KR/%EB%82%A8%EC%84%B1/%EC%9D%98%EB%A5%98/%ED%8B%B0%EC%85%94%EC%B8%A0-%EC%85%94%EC%B8%A0/mcm-x-be%40rbrick-400%25-%ED%94%84%EB%A6%B0%ED%8A%B8-%ED%8B%B0%EC%85%94%EC%B8%A0/MHTFAMM08WT00L.html,https://images.mcmworldwide.com/i/mcmworldwide/MHTFAMM08WT00L_01/MHTFAMM08WT00L/mcm-x-be@rbrick-400%-프린트-티셔츠?$large$&fmt=auto&qlt=default
남성,의류,티셔츠-셔츠,mcm-x-be@rbrick-실크스크린-프린트-티셔츠,MHTFAMM07WT00L,MHTFAMM07WT00L;MHTFAMM07WT00M;MHTFAMM07WT00S;MHTFAMM07WT0XL,4,https://kr.mcmworldwide.com/ko_KR/%EB%82%A8%EC%84%B1/%EC%9D%98%EB%A5%98/%ED%8B%B0%EC%85%94%EC%B8%A0-%EC%85%94%EC%B8%A0/mcm-x-be%40rbrick-%EC%8B%A4%ED%81%AC%EC%8A%A4%ED%81%AC%EB%A6%B0-%ED%94%84%EB%A6%B0%ED%8A%B8-%ED%8B%B0%EC%85%94%EC%B8%A0/MHTFAMM07WT00L.html,https://images.mcmworldwide.com/i/mcmworldwide/MHTFAMM07WT00L_01/MHTFAMM07WT00L/mcm-x-be@rbrick-실크스크린-프린트-티셔츠?$large$&fmt=auto&qlt=default
남성,의류,티셔츠-셔츠,mcm-x-be@rbrick-켄-야시키-티셔츠,MHTFAMM09WT00L,MHTFAMM09WT00L;MHTFAMM09WT00M;MHTFAMM09WT0XL;MHTFAMM09WT00S,4,https://kr.mcmworldwide.com/ko_KR/%EB%82%A8%EC%84%B1/%EC%9D%98%EB%A5%98/%ED%8B%B0%EC%85%94%EC%B8%A0-%EC%85%94%EC%B8%A0/mcm-x-be%40rbrick-%EC%BC%84-%EC%95%BC%EC%8B%9C%ED%82%A4-%ED%8B%B0%EC%85%94%EC%B8%A0/MHTFAMM09WT00L.html,https://images.mcmworldwide.com/i/mcmworldwide/MHTFAMM09WT00L_01/MHTFAMM09WT00L/mcm-x-be@rbrick-켄-야시키-티셔츠?$large$&fmt=auto&qlt=default
남성,의류,티셔츠-셔츠,mcm-x-we-the-best-로고-자수-폴로,MHTGAMM05BK00L,MHTGAMM05BK00L;MHTGAMM05BK00M;MHTGAMM05BK00S,3,https://kr.mcmworldwide.com/ko_KR/%EB%82%A8%EC%84%B1/%EC%9D%98%EB%A5%98/%ED%8B%B0%EC%85%94%EC%B8%A0-%EC%85%94%EC%B8%A0/mcm-x-we-the-best-%EB%A1%9C%EA%B3%A0-%EC%9E%90%EC%88%98-%ED%8F%B4%EB%A1%9C/MHTGAMM05BK00L.html,https://images.mcmworldwide.com/i/mcmworldwide/MHTGAMM05BK00L_01/MHTGAMM05BK00L/mcm-x-we-the-best-로고-자수-폴로?$large$&fmt=auto&qlt=default
남성,의류,티셔츠-셔츠,mcm-x-we-the-best-아르데코-자카드-폴로,MHTGAMM061B00L,MHTGAMM061B00L;MHTGAMM061B00M;MHTGAMM061B00S,3,https://kr.mcmworldwide.com/ko_KR/%EB%82%A8%EC%84%B1/%EC%9D%98%EB%A5%98/%ED%8B%B0%EC%85%94%EC%B8%A0-%EC%85%94%EC%B8%A0/mcm-x-we-the-best-%EC%95%84%EB%A5%B4%EB%8D%B0%EC%BD%94-%EC%9E%90%EC%B9%B4%EB%93%9C-%ED%8F%B4%EB%A1%9C/MHTGAMM061B00L.html,https://images.mcmworldwide.com/i/mcmworldwide/MHTGAMM061B00L_01/MHTGAMM061B00L/mcm-x-we-the-best-아르데코-자카드-폴로?$large$&fmt=auto&qlt=default
남성,의류,티셔츠-셔츠,mcm-x-we-the-best-스트라이프-니트-셔츠,MHTGAMM07BW00L,MHTGAMM07BW00L;MHTGAMM07BW00M;MHTGAMM07BW00S,3,https://kr.mcmworldwide.com/ko_KR/%EB%82%A8%EC%84%B1/%EC%9D%98%EB%A5%98/%ED%8B%B0%EC%85%94%EC%B8%A0-%EC%85%94%EC%B8%A0/mcm-x-we-the-best-%EC%8A%A4%ED%8A%B8%EB%9D%BC%EC%9D%B4%ED%94%84-%EB%8B%88%ED%8A%B8-%EC%85%94%EC%B8%A0/MHTGAMM07BW00L.html,https://images.mcmworldwide.com/i/mcmworldwide/MHTGAMM07BW00L_01/MHTGAMM07BW00L/mcm-x-we-the-best-스트라이프-니트-셔츠?$large$&fmt=auto&qlt=default
남성,의류,티셔츠-셔츠,mcm-x-we-the-best-로고-티셔츠,MHTGAMM08BK00L,MHTGAMM08BK00L;MHTGAMM08BK00M;MHTGAMM08BK00S,3,https://kr.mcmworldwide.com/ko_KR/%EB%82%A8%EC%84%B1/%EC%9D%98%EB%A5%98/%ED%8B%B0%EC%85%94%EC%B8%A0-%EC%85%94%EC%B8%A0/mcm-x-we-the-best-%EB%A1%9C%EA%B3%A0-%ED%8B%B0%EC%85%94%EC%B8%A0/MHTGAMM08BK00L.html,https://images.mcmworldwide.com/i/mcmworldwide/MHTGAMM08BK00L_01/MHTGAMM08BK00L/mcm-x-we-the-best-로고-티셔츠?$large$&fmt=auto&qlt=default
남성,의류,티셔츠-셔츠,mcm-x-we-the-best-플라밍고-티셔츠,MHTGAMM10WO00L,MHTGAMM10WO00L;MHTGAMM10WO00M;MHTGAMM10WO00S,3,https://kr.mcmworldwide.com/ko_KR/%EB%82%A8%EC%84%B1/%EC%9D%98%EB%A5%98/%ED%8B%B0%EC%85%94%EC%B8%A0-%EC%85%94%EC%B8%A0/mcm-x-we-the-best-%ED%94%8C%EB%9D%BC%EB%B0%8D%EA%B3%A0-%ED%8B%B0%EC%85%94%EC%B8%A0/MHTGAMM10WO00L.html,https://images.mcmworldwide.com/i/mcmworldwide/MHTGAMM10WO00L_01/MHTGAMM10WO00L/mcm-x-we-the-best-플라밍고-티셔츠?$large$&fmt=auto&qlt=default
남성,의류,티셔츠-셔츠,mcm-x-we-the-best-울-니트-티셔츠,MHTGAMM11BK00L,MHTGAMM11BK00L;MHTGAMM11BK00S,2,https://kr.mcmworldwide.com/ko_KR/%EB%82%A8%EC%84%B1/%EC%9D%98%EB%A5%98/%ED%8B%B0%EC%85%94%EC%B8%A0-%EC%85%94%EC%B8%A0/mcm-x-we-the-best-%EC%9A%B8-%EB%8B%88%ED%8A%B8-%ED%8B%B0%EC%85%94%EC%B8%A0/MHTGAMM11BK00L.html,https://images.mcmworldwide.com/i/mcmworldwide/MHTGAMM11BK00L_01/MHTGAMM11BK00L/mcm-x-we-the-best-울-니트-티셔츠?$large$&fmt=auto&qlt=default
남성,의류,티셔츠-셔츠,모노그램-프린트-티셔츠-,MFTGSMM02BK00L,MFTGSMM02BK00L;MFTGSMM02BK00M;MFTGSMM02BK00S;MFTGSMM02BK0XL;MFTGSMM02CO00L;MFTGSMM02CO00M;MFTGSMM02CO00S;MFTGSMM02CO0XL,8,https://kr.mcmworldwide.com/ko_KR/%EB%82%A8%EC%84%B1/%EC%9D%98%EB%A5%98/%ED%8B%B0%EC%85%94%EC%B8%A0-%EC%85%94%EC%B8%A0/%EB%AA%A8%EB%85%B8%EA%B7%B8%EB%9E%A8-%ED%94%84%EB%A6%B0%ED%8A%B8-%ED%8B%B0%EC%85%94%EC%B8%A0-/MFTGSMM02BK00L.html,https://images.mcmworldwide.com/i/mcmworldwide/MFTGSMM02BK00L_01/MFTGSMM02BK00L/모노그램-프린트-티셔츠-?$large$&fmt=auto&qlt=default
남성,의류,티셔츠-셔츠,로레토스-모노그램-데님-셔츠,MHHEAMM01LI050,MHHEAMM01LI050,1,https://kr.mcmworldwide.com/ko_KR/%EB%82%A8%EC%84%B1/%EC%9D%98%EB%A5%98/%ED%8B%B0%EC%85%94%EC%B8%A0-%EC%85%94%EC%B8%A0/%EB%A1%9C%EB%A0%88%ED%86%A0%EC%8A%A4-%EB%AA%A8%EB%85%B8%EA%B7%B8%EB%9E%A8-%EB%8D%B0%EB%8B%98-%EC%85%94%EC%B8%A0/MHHEAMM01LI050.html,https://images.mcmworldwide.com/i/mcmworldwide/MHHEAMM01LI050_01/MHHEAMM01LI050/로레토스-모노그램-데님-셔츠?$large$&fmt=auto&qlt=default
남성,의류,티셔츠-셔츠,모노그램-데님-자카드-셔츠,MHHFAMM01HD046,MHHFAMM01HD046,1,https://kr.mcmworldwide.com/ko_KR/%EB%82%A8%EC%84%B1/%EC%9D%98%EB%A5%98/%ED%8B%B0%EC%85%94%EC%B8%A0-%EC%85%94%EC%B8%A0/%EB%AA%A8%EB%85%B8%EA%B7%B8%EB%9E%A8-%EB%8D%B0%EB%8B%98-%EC%9E%90%EC%B9%B4%EB%93%9C-%EC%85%94%EC%B8%A0/MHHFAMM01HD046.html,https://images.mcmworldwide.com/i/mcmworldwide/MHHFAMM01HD046_01/MHHFAMM01HD046/모노그램-데님-자카드-셔츠?$large$&fmt=auto&qlt=default
남성,의류,티셔츠-셔츠,루렉스-데님-모노그램-포켓-셔츠,MHHGAMM01LI046,MHHGAMM01LI046;MHHGAMM01LI048;MHHGAMM01LI050,3,https://kr.mcmworldwide.com/ko_KR/%EB%82%A8%EC%84%B1/%EC%9D%98%EB%A5%98/%ED%8B%B0%EC%85%94%EC%B8%A0-%EC%85%94%EC%B8%A0/%EB%A3%A8%EB%A0%89%EC%8A%A4-%EB%8D%B0%EB%8B%98-%EB%AA%A8%EB%85%B8%EA%B7%B8%EB%9E%A8-%ED%8F%AC%EC%BC%93-%EC%85%94%EC%B8%A0/MHHGAMM01LI046.html,https://images.mcmworldwide.com/i/mcmworldwide/MHHGAMM01LI046_01/MHHGAMM01LI046/루렉스-데님-모노그램-포켓-셔츠?$large$&fmt=auto&qlt=default
남성,의류,티셔츠-셔츠,모노그램-패치-포켓-셔츠,MHHGAMM02OQ048,MHHGAMM02OQ048;MHHGAMM02OQ050,2,https://kr.mcmworldwide.com/ko_KR/%EB%82%A8%EC%84%B1/%EC%9D%98%EB%A5%98/%ED%8B%B0%EC%85%94%EC%B8%A0-%EC%85%94%EC%B8%A0/%EB%AA%A8%EB%85%B8%EA%B7%B8%EB%9E%A8-%ED%8C%A8%EC%B9%98-%ED%8F%AC%EC%BC%93-%EC%85%94%EC%B8%A0/MHHGAMM02OQ048.html,https://images.mcmworldwide.com/i/mcmworldwide/MHHGAMM02OQ048_01/MHHGAMM02OQ048/모노그램-패치-포켓-셔츠?$large$&fmt=auto&qlt=default
남성,의류,티셔츠-셔츠,모노그램-프린드-레더-포켓이-있는-코튼-셔츠,MHHGSMM01CO048,MHHGSMM01CO048;MHHGSMM01CO050;MHHGSMM01CO052,3,https://kr.mcmworldwide.com/ko_KR/%EB%82%A8%EC%84%B1/%EC%9D%98%EB%A5%98/%ED%8B%B0%EC%85%94%EC%B8%A0-%EC%85%94%EC%B8%A0/%EB%AA%A8%EB%85%B8%EA%B7%B8%EB%9E%A8-%ED%94%84%EB%A6%B0%EB%93%9C-%EB%A0%88%EB%8D%94-%ED%8F%AC%EC%BC%93%EC%9D%B4-%EC%9E%88%EB%8A%94-%EC%BD%94%ED%8A%BC-%EC%85%94%EC%B8%A0/MHHGSMM01CO048.html,https://images.mcmworldwide.com/i/mcmworldwide/MHHGSMM01CO048_01/MHHGSMM01CO048/모노그램-프린드-레더-포켓이-있는-코튼-셔츠?$large$&fmt=auto&qlt=default
남성,의류,티셔츠-셔츠,모노그램-패치-포켓-티셔츠-,MHTEAMM07BD00L,MHTEAMM07BD00L;MHTEAMM07BD00M;MHTEAMM07BD00S;MHTEAMM07BD0XL;MHTEAMM07BK00L;MHTEAMM07BK00S;MHTEAMM07BK0XL;MHTEAMM07BK0XS;MHTEAMM07BW00L;MHTEAMM07BW00M;MHTEAMM07BW00S;MHTEAMM07BW0XL;MHTEAMM07BW0XS;MHTEAMM07WT00M;MHTEAMM07WT00S;MHTEAMM07WT0XL,16,https://kr.mcmworldwide.com/ko_KR/%EB%82%A8%EC%84%B1/%EC%9D%98%EB%A5%98/%ED%8B%B0%EC%85%94%EC%B8%A0-%EC%85%94%EC%B8%A0/%EB%AA%A8%EB%85%B8%EA%B7%B8%EB%9E%A8-%ED%8C%A8%EC%B9%98-%ED%8F%AC%EC%BC%93-%ED%8B%B0%EC%85%94%EC%B8%A0-/MHTEAMM07BD00L.html,https://images.mcmworldwide.com/i/mcmworldwide/MHTEAMM07BD00L_01/MHTEAMM07BD00L/모노그램-패치-포켓-티셔츠-?$large$&fmt=auto&qlt=default
남성,의류,티셔츠-셔츠,모노그램-패치-포켓-오가닉-코튼-티셔츠,MHTEAMM07BK00M,MHTEAMM07BK00M,1,https://kr.mcmworldwide.com/ko_KR/%EB%82%A8%EC%84%B1/%EC%9D%98%EB%A5%98/%ED%8B%B0%EC%85%94%EC%B8%A0-%EC%85%94%EC%B8%A0/%EB%AA%A8%EB%85%B8%EA%B7%B8%EB%9E%A8-%ED%8C%A8%EC%B9%98-%ED%8F%AC%EC%BC%93-%EC%98%A4%EA%B0%80%EB%8B%89-%EC%BD%94%ED%8A%BC-%ED%8B%B0%EC%85%94%EC%B8%A0/MHTEAMM07BK00M.html,https://images.mcmworldwide.com/i/mcmworldwide/MHTEAMM07BK00M_01/MHTEAMM07BK00M/모노그램-패치-포켓-오가닉-코튼-티셔츠?$large$&fmt=auto&qlt=default
남성,의류,티셔츠-셔츠,스페이스-카우보이-프린트-티셔츠-,MHTEAMM07WT00L,MHTEAMM07WT00L,1,https://kr.mcmworldwide.com/ko_KR/%EB%82%A8%EC%84%B1/%EC%9D%98%EB%A5%98/%ED%8B%B0%EC%85%94%EC%B8%A0-%EC%85%94%EC%B8%A0/%EC%8A%A4%ED%8E%98%EC%9D%B4%EC%8A%A4-%EC%B9%B4%EC%9A%B0%EB%B3%B4%EC%9D%B4-%ED%94%84%EB%A6%B0%ED%8A%B8-%ED%8B%B0%EC%85%94%EC%B8%A0-/MHTEAMM07WT00L.html,https://images.mcmworldwide.com/i/mcmworldwide/MHTEAMM07WT00L_01/MHTEAMM07WT00L/스페이스-카우보이-프린트-티셔츠-?$large$&fmt=auto&qlt=default
남성,의류,티셔츠-셔츠,에센셜-로고-프린트-티셔츠,MHTESBC01BK00L,MHTESBC01BK00L;MHTESBC01BK00M;MHTESBC01BK00S;MHTESBC01BK0XL;MHTESBC01WT00L;MHTESBC01WT00M;MHTESBC01WT00S;MHTESBC01WT0XL;MHTESBC01WT0XS;MHTESBC01WT2XL,10,https://kr.mcmworldwide.com/ko_KR/%EB%82%A8%EC%84%B1/%EC%9D%98%EB%A5%98/%ED%8B%B0%EC%85%94%EC%B8%A0-%EC%85%94%EC%B8%A0/%EC%97%90%EC%84%BC%EC%85%9C-%EB%A1%9C%EA%B3%A0-%ED%94%84%EB%A6%B0%ED%8A%B8-%ED%8B%B0%EC%85%94%EC%B8%A0/MHTESBC01BK00L.html,https://images.mcmworldwide.com/i/mcmworldwide/MHTESBC01BK00L_01/MHTESBC01BK00L/에센셜-로고-프린트-티셔츠?$large$&fmt=auto&qlt=default
남성,의류,티셔츠-셔츠,에센셜-로고-포켓-티셔츠,MHTESBC02CO00L,MHTESBC02CO00L;MHTESBC02CO00M;MHTESBC02CO00S;MHTESBC02CO0XL,4,https://kr.mcmworldwide.com/ko_KR/%EB%82%A8%EC%84%B1/%EC%9D%98%EB%A5%98/%ED%8B%B0%EC%85%94%EC%B8%A0-%EC%85%94%EC%B8%A0/%EC%97%90%EC%84%BC%EC%85%9C-%EB%A1%9C%EA%B3%A0-%ED%8F%AC%EC%BC%93-%ED%8B%B0%EC%85%94%EC%B8%A0/MHTESBC02CO00L.html,https://images.mcmworldwide.com/i/mcmworldwide/MHTESBC02CO00L_01/MHTESBC02CO00L/에센셜-로고-포켓-티셔츠?$large$&fmt=auto&qlt=default
남성,의류,티셔츠-셔츠,로고-패치-부클레-티셔츠,MHTESMM02CO0XL,MHTESMM02CO0XL;MHTESMM02VC00L;MHTESMM02VC00M;MHTESMM02VC00S;MHTESMM02VC0XL;MHTESMM02WI00S,6,https://kr.mcmworldwide.com/ko_KR/%EB%82%A8%EC%84%B1/%EC%9D%98%EB%A5%98/%ED%8B%B0%EC%85%94%EC%B8%A0-%EC%85%94%EC%B8%A0/%EB%A1%9C%EA%B3%A0-%ED%8C%A8%EC%B9%98-%EB%B6%80%ED%81%B4%EB%A0%88-%ED%8B%B0%EC%85%94%EC%B8%A0/MHTESMM02CO0XL.html,https://images.mcmworldwide.com/i/mcmworldwide/MHTESMM02CO0XL_01/MHTESMM02CO0XL/로고-패치-부클레-티셔츠?$large$&fmt=auto&qlt=default
남성,의류,티셔츠-셔츠,mhtesmm02-mens-tshirt,5913,5913,1,https://kr.mcmworldwide.com/ko_KR/%EB%82%A8%EC%84%B1/%EC%9D%98%EB%A5%98/%ED%8B%B0%EC%85%94%EC%B8%A0-%EC%85%94%EC%B8%A0/mhtesmm02-mens-tshirt/5913.html,https://images.mcmworldwide.com/i/mcmworldwide/5913_01/5913/mhtesmm02-mens-tshirt?$large$&fmt=auto&qlt=default
남성,의류,티셔츠-셔츠,라우렐-로고-프린트-티셔츠,MHTESMM05BK00L,MHTESMM05BK00L;MHTESMM05BK00S;MHTESMM05BK0XL;MHTESMM05CO00M;MHTESMM05CO00S;MHTESMM05CO0XL;MHTESMM05WT00M;MHTESMM05WT00S;MHTESMM05WT0XL,9,https://kr.mcmworldwide.com/ko_KR/%EB%82%A8%EC%84%B1/%EC%9D%98%EB%A5%98/%ED%8B%B0%EC%85%94%EC%B8%A0-%EC%85%94%EC%B8%A0/%EB%9D%BC%EC%9A%B0%EB%A0%90-%EB%A1%9C%EA%B3%A0-%ED%94%84%EB%A6%B0%ED%8A%B8-%ED%8B%B0%EC%85%94%EC%B8%A0/MHTESMM05BK00L.html,https://images.mcmworldwide.com/i/mcmworldwide/MHTESMM05BK00L_01/MHTESMM05BK00L/라우렐-로고-프린트-티셔츠?$large$&fmt=auto&qlt=default
남성,의류,티셔츠-셔츠,라우렐-로고-프린트-오가닉-코튼-티셔츠,MHTESMM05CO00L,MHTESMM05CO00L,1,https://kr.mcmworldwide.com/ko_KR/%EB%82%A8%EC%84%B1/%EC%9D%98%EB%A5%98/%ED%8B%B0%EC%85%94%EC%B8%A0-%EC%85%94%EC%B8%A0/%EB%9D%BC%EC%9A%B0%EB%A0%90-%EB%A1%9C%EA%B3%A0-%ED%94%84%EB%A6%B0%ED%8A%B8-%EC%98%A4%EA%B0%80%EB%8B%89-%EC%BD%94%ED%8A%BC-%ED%8B%B0%EC%85%94%EC%B8%A0/MHTESMM05CO00L.html,https://images.mcmworldwide.com/i/mcmworldwide/MHTESMM05CO00L_01/MHTESMM05CO00L/라우렐-로고-프린트-오가닉-코튼-티셔츠?$large$&fmt=auto&qlt=default
남성,의류,티셔츠-셔츠,실켓-로고-티셔츠,MHTFSMM03VC00L,MHTFSMM03VC00L;MHTFSMM03VC00M;MHTFSMM03VC00S;MHTFSMM03VC0XL;MHTFSMM03VC0XS,5,https://kr.mcmworldwide.com/ko_KR/%EB%82%A8%EC%84%B1/%EC%9D%98%EB%A5%98/%ED%8B%B0%EC%85%94%EC%B8%A0-%EC%85%94%EC%B8%A0/%EC%8B%A4%EC%BC%93-%EB%A1%9C%EA%B3%A0-%ED%8B%B0%EC%85%94%EC%B8%A0/MHTFSMM03VC00L.html,https://images.mcmworldwide.com/i/mcmworldwide/MHTFSMM03VC00L_01/MHTFSMM03VC00L/실켓-로고-티셔츠?$large$&fmt=auto&qlt=default
남성,의류,티셔츠-셔츠,지퍼-포켓-실켓-로고-티셔츠,MHTFSMM05BK00L,MHTFSMM05BK00L;MHTFSMM05BK00M;MHTFSMM05BK00S;MHTFSMM05BK0XL;MHTFSMM05CO00L;MHTFSMM05CO00M;MHTFSMM05CO00S;MHTFSMM05CO0XL;MHTFSMM05WT00L;MHTFSMM05WT00M;MHTFSMM05WT00S;MHTFSMM05WT0XL,12,https://kr.mcmworldwide.com/ko_KR/%EB%82%A8%EC%84%B1/%EC%9D%98%EB%A5%98/%ED%8B%B0%EC%85%94%EC%B8%A0-%EC%85%94%EC%B8%A0/%EC%A7%80%ED%8D%BC-%ED%8F%AC%EC%BC%93-%EC%8B%A4%EC%BC%93-%EB%A1%9C%EA%B3%A0-%ED%8B%B0%EC%85%94%EC%B8%A0/MHTFSMM05BK00L.html,https://images.mcmworldwide.com/i/mcmworldwide/MHTFSMM05BK00L_01/MHTFSMM05BK00L/지퍼-포켓-실켓-로고-티셔츠?$large$&fmt=auto&qlt=default
남성,의류,티셔츠-셔츠,라우렐-피케-폴로,MHTFSMM17CO00L,MHTFSMM17CO00L;MHTFSMM17CO00M;MHTFSMM17CO00S,3,https://kr.mcmworldwide.com/ko_KR/%EB%82%A8%EC%84%B1/%EC%9D%98%EB%A5%98/%ED%8B%B0%EC%85%94%EC%B8%A0-%EC%85%94%EC%B8%A0/%EB%9D%BC%EC%9A%B0%EB%A0%90-%ED%94%BC%EC%BC%80-%ED%8F%B4%EB%A1%9C/MHTFSMM17CO00L.html,https://images.mcmworldwide.com/i/mcmworldwide/MHTFSMM17CO00L_01/MHTFSMM17CO00L/라우렐-피케-폴로?$large$&fmt=auto&qlt=default
남성,의류,티셔츠-셔츠,다이아몬드-패치-피케-폴로,MHTGABC02BK00M,MHTGABC02BK00M;MHTGABC02BK00S;MHTGABC02BK0XL;MHTGABC02WT00L;MHTGABC02WT00M;MHTGABC02WT00S;MHTGABC02WT0XL,7,https://kr.mcmworldwide.com/ko_KR/%EB%82%A8%EC%84%B1/%EC%9D%98%EB%A5%98/%ED%8B%B0%EC%85%94%EC%B8%A0-%EC%85%94%EC%B8%A0/%EB%8B%A4%EC%9D%B4%EC%95%84%EB%AA%AC%EB%93%9C-%ED%8C%A8%EC%B9%98-%ED%94%BC%EC%BC%80-%ED%8F%B4%EB%A1%9C/MHTGABC02BK00M.html,https://images.mcmworldwide.com/i/mcmworldwide/MHTGABC02BK00M_01/MHTGABC02BK00M/다이아몬드-패치-피케-폴로?$large$&fmt=auto&qlt=default
남성,의류,티셔츠-셔츠,마스-도그-디스코-티셔츠-,MHTGAMM01VC00L,MHTGAMM01VC00L;MHTGAMM01VC00M;MHTGAMM01VC00S;MHTGAMM01VC0XL;MHTGAMM01WT00L;MHTGAMM01WT00M;MHTGAMM01WT00S;MHTGAMM01WT0XL,8,https://kr.mcmworldwide.com/ko_KR/%EB%82%A8%EC%84%B1/%EC%9D%98%EB%A5%98/%ED%8B%B0%EC%85%94%EC%B8%A0-%EC%85%94%EC%B8%A0/%EB%A7%88%EC%8A%A4-%EB%8F%84%EA%B7%B8-%EB%94%94%EC%8A%A4%EC%BD%94-%ED%8B%B0%EC%85%94%EC%B8%A0-/MHTGAMM01VC00L.html,https://images.mcmworldwide.com/i/mcmworldwide/MHTGAMM01VC00L_01/MHTGAMM01VC00L/마스-도그-디스코-티셔츠-?$large$&fmt=auto&qlt=default
남성,의류,티셔츠-셔츠,마스-도그-포켓-티셔츠,MHTGAMM03WT00L,MHTGAMM03WT00L;MHTGAMM03WT00M;MHTGAMM03WT00S;MHTGAMM03WT0XL,4,https://kr.mcmworldwide.com/ko_KR/%EB%82%A8%EC%84%B1/%EC%9D%98%EB%A5%98/%ED%8B%B0%EC%85%94%EC%B8%A0-%EC%85%94%EC%B8%A0/%EB%A7%88%EC%8A%A4-%EB%8F%84%EA%B7%B8-%ED%8F%AC%EC%BC%93-%ED%8B%B0%EC%85%94%EC%B8%A0/MHTGAMM03WT00L.html,https://images.mcmworldwide.com/i/mcmworldwide/MHTGAMM03WT00L_01/MHTGAMM03WT00L/마스-도그-포켓-티셔츠?$large$&fmt=auto&qlt=default
남성,의류,티셔츠-셔츠,디스코-패치-티셔츠-,MHTGAMM04BK00L,MHTGAMM04BK00L;MHTGAMM04BK00M;MHTGAMM04BK00S,3,https://kr.mcmworldwide.com/ko_KR/%EB%82%A8%EC%84%B1/%EC%9D%98%EB%A5%98/%ED%8B%B0%EC%85%94%EC%B8%A0-%EC%85%94%EC%B8%A0/%EB%94%94%EC%8A%A4%EC%BD%94-%ED%8C%A8%EC%B9%98-%ED%8B%B0%EC%85%94%EC%B8%A0-/MHTGAMM04BK00L.html,https://images.mcmworldwide.com/i/mcmworldwide/MHTGAMM04BK00L_01/MHTGAMM04BK00L/디스코-패치-티셔츠-?$large$&fmt=auto&qlt=default
남성,의류,티셔츠-셔츠,로고-플레이트-티셔츠-,MHTGASE01BK00L,MHTGASE01BK00L;MHTGASE01BK00M;MHTGASE01BK00S;MHTGASE01BK0XL;MHTGASE01BK0XS,5,https://kr.mcmworldwide.com/ko_KR/%EB%82%A8%EC%84%B1/%EC%9D%98%EB%A5%98/%ED%8B%B0%EC%85%94%EC%B8%A0-%EC%85%94%EC%B8%A0/%EB%A1%9C%EA%B3%A0-%ED%94%8C%EB%A0%88%EC%9D%B4%ED%8A%B8-%ED%8B%B0%EC%85%94%EC%B8%A0-/MHTGASE01BK00L.html,https://images.mcmworldwide.com/i/mcmworldwide/MHTGASE01BK00L_01/MHTGASE01BK00L/로고-플레이트-티셔츠-?$large$&fmt=auto&qlt=default
남성,의류,티셔츠-셔츠,오가닉-코튼-로켓-티셔츠,MHTGSMM02WT00L,MHTGSMM02WT00L,1,https://kr.mcmworldwide.com/ko_KR/%EB%82%A8%EC%84%B1/%EC%9D%98%EB%A5%98/%ED%8B%B0%EC%85%94%EC%B8%A0-%EC%85%94%EC%B8%A0/%EC%98%A4%EA%B0%80%EB%8B%89-%EC%BD%94%ED%8A%BC-%EB%A1%9C%EC%BC%93-%ED%8B%B0%EC%85%94%EC%B8%A0/MHTGSMM02WT00L.html,https://images.mcmworldwide.com/i/mcmworldwide/MHTGSMM02WT00L_01/MHTGSMM02WT00L/오가닉-코튼-로켓-티셔츠?$large$&fmt=auto&qlt=default
남성,의류,티셔츠-셔츠,모노그램-자카드-폴로-셔츠,MHTGSMM03BK00L,MHTGSMM03BK00L;MHTGSMM03BK00M;MHTGSMM03BK00S;MHTGSMM03BK0XL,4,https://kr.mcmworldwide.com/ko_KR/%EB%82%A8%EC%84%B1/%EC%9D%98%EB%A5%98/%ED%8B%B0%EC%85%94%EC%B8%A0-%EC%85%94%EC%B8%A0/%EB%AA%A8%EB%85%B8%EA%B7%B8%EB%9E%A8-%EC%9E%90%EC%B9%B4%EB%93%9C-%ED%8F%B4%EB%A1%9C-%EC%85%94%EC%B8%A0/MHTGSMM03BK00L.html,https://images.mcmworldwide.com/i/mcmworldwide/MHTGSMM03BK00L_01/MHTGSMM03BK00L/모노그램-자카드-폴로-셔츠?$large$&fmt=auto&qlt=default
남성,의류,티셔츠-셔츠,오가닉-코튼-라봇-포켓-티셔츠,MHTGSMM05WT00S,MHTGSMM05WT00S,1,https://kr.mcmworldwide.com/ko_KR/%EB%82%A8%EC%84%B1/%EC%9D%98%EB%A5%98/%ED%8B%B0%EC%85%94%EC%B8%A0-%EC%85%94%EC%B8%A0/%EC%98%A4%EA%B0%80%EB%8B%89-%EC%BD%94%ED%8A%BC-%EB%9D%BC%EB%B4%87-%ED%8F%AC%EC%BC%93-%ED%8B%B0%EC%85%94%EC%B8%A0/MHTGSMM05WT00S.html,https://images.mcmworldwide.com/i/mcmworldwide/MHTGSMM05WT00S_01/MHTGSMM05WT00S/오가닉-코튼-라봇-포켓-티셔츠?$large$&fmt=auto&qlt=default
남성,의류,티셔츠-셔츠,라봇-포켓-티셔츠-,MHTGSMM05WT0XS,MHTGSMM05WT0XS,1,https://kr.mcmworldwide.com/ko_KR/%EB%82%A8%EC%84%B1/%EC%9D%98%EB%A5%98/%ED%8B%B0%EC%85%94%EC%B8%A0-%EC%85%94%EC%B8%A0/%EB%9D%BC%EB%B4%87-%ED%8F%AC%EC%BC%93-%ED%8B%B0%EC%85%94%EC%B8%A0-/MHTGSMM05WT0XS.html,https://images.mcmworldwide.com/i/mcmworldwide/MHTGSMM05WT0XS_01/MHTGSMM05WT0XS/라봇-포켓-티셔츠-?$large$&fmt=auto&qlt=default
남성,의류,티셔츠-셔츠,오가닉-코튼-로고-포켓-슬리브-티셔츠,MHTGSMM10WT00L,MHTGSMM10WT00L,1,https://kr.mcmworldwide.com/ko_KR/%EB%82%A8%EC%84%B1/%EC%9D%98%EB%A5%98/%ED%8B%B0%EC%85%94%EC%B8%A0-%EC%85%94%EC%B8%A0/%EC%98%A4%EA%B0%80%EB%8B%89-%EC%BD%94%ED%8A%BC-%EB%A1%9C%EA%B3%A0-%ED%8F%AC%EC%BC%93-%EC%8A%AC%EB%A6%AC%EB%B8%8C-%ED%8B%B0%EC%85%94%EC%B8%A0/MHTGSMM10WT00L.html,https://images.mcmworldwide.com/i/mcmworldwide/MHTGSMM10WT00L_01/MHTGSMM10WT00L/오가닉-코튼-로고-포켓-슬리브-티셔츠?$large$&fmt=auto&qlt=default
남성,의류,티셔츠-셔츠,로고-포켓-슬리브-티셔츠-,MHTGSMM10WT00M,MHTGSMM10WT00M;MHTGSMM10WT00S;MHTGSMM10WT0XL,3,https://kr.mcmworldwide.com/ko_KR/%EB%82%A8%EC%84%B1/%EC%9D%98%EB%A5%98/%ED%8B%B0%EC%85%94%EC%B8%A0-%EC%85%94%EC%B8%A0/%EB%A1%9C%EA%B3%A0-%ED%8F%AC%EC%BC%93-%EC%8A%AC%EB%A6%AC%EB%B8%8C-%ED%8B%B0%EC%85%94%EC%B8%A0-/MHTGSMM10WT00M.html,https://images.mcmworldwide.com/i/mcmworldwide/MHTGSMM10WT00M_01/MHTGSMM10WT00M/로고-포켓-슬리브-티셔츠-?$large$&fmt=auto&qlt=default
남성,의류,티셔츠-셔츠,오가닉-코튼-planet-mcm-라봇-티셔츠,MHTGSMM01BK00L,MHTGSMM01BK00L,1,https://kr.mcmworldwide.com/ko_KR/%EB%82%A8%EC%84%B1/%EC%9D%98%EB%A5%98/%ED%8B%B0%EC%85%94%EC%B8%A0-%EC%85%94%EC%B8%A0/%EC%98%A4%EA%B0%80%EB%8B%89-%EC%BD%94%ED%8A%BC-planet-mcm-%EB%9D%BC%EB%B4%87-%ED%8B%B0%EC%85%94%EC%B8%A0/MHTGSMM01BK00L.html,https://images.mcmworldwide.com/i/mcmworldwide/MHTGSMM01BK00L_01/MHTGSMM01BK00L/오가닉-코튼-planet-mcm-라봇-티셔츠?$large$&fmt=auto&qlt=default
남성,지갑-레더소품,모두보기,aren-비세토스-지퍼-지갑,MYLFSTA01PZ001,MYLFSTA01PZ001,1,https://kr.mcmworldwide.com/ko_KR/%EB%82%A8%EC%84%B1/%EC%A7%80%EA%B0%91-%EB%A0%88%EB%8D%94%EC%86%8C%ED%92%88/%EB%AA%A8%EB%91%90%EB%B3%B4%EA%B8%B0/aren-%EB%B9%84%EC%84%B8%ED%86%A0%EC%8A%A4-%EC%A7%80%ED%8D%BC-%EC%A7%80%EA%B0%91/MYLFSTA01PZ001.html,https://images.mcmworldwide.com/i/mcmworldwide/MYLFSTA01PZ001_01/MYLFSTA01PZ001/aren-비세토스-지퍼-지갑?$large$&fmt=auto&qlt=default
남성,지갑-레더소품,반지갑-머니클립,aren-맥시-모노그램-레더-머니-클립-카드-케이스,MXCESTA01BK001,MXCESTA01BK001,1,https://kr.mcmworldwide.com/ko_KR/%EB%82%A8%EC%84%B1/%EC%A7%80%EA%B0%91-%EB%A0%88%EB%8D%94%EC%86%8C%ED%92%88/%EB%B0%98%EC%A7%80%EA%B0%91-%EB%A8%B8%EB%8B%88%ED%81%B4%EB%A6%BD/aren-%EB%A7%A5%EC%8B%9C-%EB%AA%A8%EB%85%B8%EA%B7%B8%EB%9E%A8-%EB%A0%88%EB%8D%94-%EB%A8%B8%EB%8B%88-%ED%81%B4%EB%A6%BD-%EC%B9%B4%EB%93%9C-%EC%BC%80%EC%9D%B4%EC%8A%A4/MXCESTA01BK001.html,https://images.mcmworldwide.com/i/mcmworldwide/MXCESTA01BK001_01/MXCESTA01BK001/aren-맥시-모노그램-레더-머니-클립-카드-케이스?$large$&fmt=auto&qlt=default
남성,지갑-레더소품,반지갑-머니클립,aren-비세토스-오리지널-반지갑,MXSBSVI01BK001,MXSBSVI01BK001,1,https://kr.mcmworldwide.com/ko_KR/%EB%82%A8%EC%84%B1/%EC%A7%80%EA%B0%91-%EB%A0%88%EB%8D%94%EC%86%8C%ED%92%88/%EB%B0%98%EC%A7%80%EA%B0%91-%EB%A8%B8%EB%8B%88%ED%81%B4%EB%A6%BD/aren-%EB%B9%84%EC%84%B8%ED%86%A0%EC%8A%A4-%EC%98%A4%EB%A6%AC%EC%A7%80%EB%84%90-%EB%B0%98%EC%A7%80%EA%B0%91/MXSBSVI01BK001.html,https://images.mcmworldwide.com/i/mcmworldwide/MXSBSVI01BK001_01/MXSBSVI01BK001/aren-비세토스-오리지널-반지갑?$large$&fmt=auto&qlt=default
남성,지갑-레더소품,반지갑-머니클립,aren-맥시-모노그램-레더-반지갑,MXSDATA04BK001,MXSDATA04BK001,1,https://kr.mcmworldwide.com/ko_KR/%EB%82%A8%EC%84%B1/%EC%A7%80%EA%B0%91-%EB%A0%88%EB%8D%94%EC%86%8C%ED%92%88/%EB%B0%98%EC%A7%80%EA%B0%91-%EB%A8%B8%EB%8B%88%ED%81%B4%EB%A6%BD/aren-%EB%A7%A5%EC%8B%9C-%EB%AA%A8%EB%85%B8%EA%B7%B8%EB%9E%A8-%EB%A0%88%EB%8D%94-%EB%B0%98%EC%A7%80%EA%B0%91/MXSDATA04BK001.html,https://images.mcmworldwide.com/i/mcmworldwide/MXSDATA04BK001_01/MXSDATA04BK001/aren-맥시-모노그램-레더-반지갑?$large$&fmt=auto&qlt=default
남성,지갑-레더소품,반지갑-머니클립,aren-맥시-모노그램-레더-스냅-지갑,MXSESTA01BK001,MXSESTA01BK001;MXSESTA01FF001;MXSESTA01VC001,3,https://kr.mcmworldwide.com/ko_KR/%EB%82%A8%EC%84%B1/%EC%A7%80%EA%B0%91-%EB%A0%88%EB%8D%94%EC%86%8C%ED%92%88/%EB%B0%98%EC%A7%80%EA%B0%91-%EB%A8%B8%EB%8B%88%ED%81%B4%EB%A6%BD/aren-%EB%A7%A5%EC%8B%9C-%EB%AA%A8%EB%85%B8%EA%B7%B8%EB%9E%A8-%EB%A0%88%EB%8D%94-%EC%8A%A4%EB%83%85-%EC%A7%80%EA%B0%91/MXSESTA01BK001.html,https://images.mcmworldwide.com/i/mcmworldwide/MXSESTA01BK001_01/MXSESTA01BK001/aren-맥시-모노그램-레더-스냅-지갑?$large$&fmt=auto&qlt=default
남성,지갑-레더소품,반지갑-머니클립,aren-비세토스-카드-케이스가-더해진-반지갑,MXSFATA01K8001,MXSFATA01K8001,1,https://kr.mcmworldwide.com/ko_KR/%EB%82%A8%EC%84%B1/%EC%A7%80%EA%B0%91-%EB%A0%88%EB%8D%94%EC%86%8C%ED%92%88/%EB%B0%98%EC%A7%80%EA%B0%91-%EB%A8%B8%EB%8B%88%ED%81%B4%EB%A6%BD/aren-%EB%B9%84%EC%84%B8%ED%86%A0%EC%8A%A4-%EC%B9%B4%EB%93%9C-%EC%BC%80%EC%9D%B4%EC%8A%A4%EA%B0%80-%EB%8D%94%ED%95%B4%EC%A7%84-%EB%B0%98%EC%A7%80%EA%B0%91/MXSFATA01K8001.html,https://images.mcmworldwide.com/i/mcmworldwide/MXSFATA01K8001_01/MXSFATA01K8001/aren-비세토스-카드-케이스가-더해진-반지갑?$large$&fmt=auto&qlt=default
남성,지갑-레더소품,반지갑-머니클립,bifold-zip-card-wallet-in-visetos-original,MXSFATA02CO001,MXSFATA02CO001,1,https://kr.mcmworldwide.com/ko_KR/%EB%82%A8%EC%84%B1/%EC%A7%80%EA%B0%91-%EB%A0%88%EB%8D%94%EC%86%8C%ED%92%88/%EB%B0%98%EC%A7%80%EA%B0%91-%EB%A8%B8%EB%8B%88%ED%81%B4%EB%A6%BD/bifold-zip-card-wallet-in-visetos-original/MXSFATA02CO001.html,https://images.mcmworldwide.com/i/mcmworldwide/MXSFATA02CO001_01/MXSFATA02CO001/bifold-zip-card-wallet-in-visetos-original?$large$&fmt=auto&qlt=default
남성,지갑-레더소품,반지갑-머니클립,himmel-엠보스드-가죽-반지갑과-카드-케이스,MXSEAAC02BK001,MXSEAAC02BK001,1,https://kr.mcmworldwide.com/ko_KR/%EB%82%A8%EC%84%B1/%EC%A7%80%EA%B0%91-%EB%A0%88%EB%8D%94%EC%86%8C%ED%92%88/%EB%B0%98%EC%A7%80%EA%B0%91-%EB%A8%B8%EB%8B%88%ED%81%B4%EB%A6%BD/himmel-%EC%97%A0%EB%B3%B4%EC%8A%A4%EB%93%9C-%EA%B0%80%EC%A3%BD-%EB%B0%98%EC%A7%80%EA%B0%91%EA%B3%BC-%EC%B9%B4%EB%93%9C-%EC%BC%80%EC%9D%B4%EC%8A%A4/MXSEAAC02BK001.html,https://images.mcmworldwide.com/i/mcmworldwide/MXSEAAC02BK001_01/MXSEAAC02BK001/himmel-엠보스드-가죽-반지갑과-카드-케이스?$large$&fmt=auto&qlt=default
남성,지갑-레더소품,반지갑-머니클립,비세토스-오리지널-머니-클립-카드-케이스,MXCAAVI02BK001,MXCAAVI02BK001;MXCAAVI02CO001,2,https://kr.mcmworldwide.com/ko_KR/%EB%82%A8%EC%84%B1/%EC%A7%80%EA%B0%91-%EB%A0%88%EB%8D%94%EC%86%8C%ED%92%88/%EB%B0%98%EC%A7%80%EA%B0%91-%EB%A8%B8%EB%8B%88%ED%81%B4%EB%A6%BD/%EB%B9%84%EC%84%B8%ED%86%A0%EC%8A%A4-%EC%98%A4%EB%A6%AC%EC%A7%80%EB%84%90-%EB%A8%B8%EB%8B%88-%ED%81%B4%EB%A6%BD-%EC%B9%B4%EB%93%9C-%EC%BC%80%EC%9D%B4%EC%8A%A4/MXCAAVI02BK001.html,https://images.mcmworldwide.com/i/mcmworldwide/MXCAAVI02BK001_01/MXCAAVI02BK001/비세토스-오리지널-머니-클립-카드-케이스?$large$&fmt=auto&qlt=default
남성,지갑-레더소품,반지갑-머니클립,비세토스-오리지널-카드-케이스-반지갑,MXSAAVI02BK001,MXSAAVI02BK001;MXSFATA03BK001;MXSFATA03CO001,3,https://kr.mcmworldwide.com/ko_KR/%EB%82%A8%EC%84%B1/%EC%A7%80%EA%B0%91-%EB%A0%88%EB%8D%94%EC%86%8C%ED%92%88/%EB%B0%98%EC%A7%80%EA%B0%91-%EB%A8%B8%EB%8B%88%ED%81%B4%EB%A6%BD/%EB%B9%84%EC%84%B8%ED%86%A0%EC%8A%A4-%EC%98%A4%EB%A6%AC%EC%A7%80%EB%84%90-%EC%B9%B4%EB%93%9C-%EC%BC%80%EC%9D%B4%EC%8A%A4-%EB%B0%98%EC%A7%80%EA%B0%91/MXSAAVI02BK001.html,https://images.mcmworldwide.com/i/mcmworldwide/MXSAAVI02BK001_01/MXSAAVI02BK001/비세토스-오리지널-카드-케이스-반지갑?$large$&fmt=auto&qlt=default
남성,지갑-레더소품,반지갑-머니클립,비세토스-카드-지갑,MXSFATA02BK001,MXSFATA02BK001,1,https://kr.mcmworldwide.com/ko_KR/%EB%82%A8%EC%84%B1/%EC%A7%80%EA%B0%91-%EB%A0%88%EB%8D%94%EC%86%8C%ED%92%88/%EB%B0%98%EC%A7%80%EA%B0%91-%EB%A8%B8%EB%8B%88%ED%81%B4%EB%A6%BD/%EB%B9%84%EC%84%B8%ED%86%A0%EC%8A%A4-%EC%B9%B4%EB%93%9C-%EC%A7%80%EA%B0%91/MXSFATA02BK001.html,https://images.mcmworldwide.com/i/mcmworldwide/MXSFATA02BK001_01/MXSFATA02BK001/비세토스-카드-지갑?$large$&fmt=auto&qlt=default
남성,지갑-레더소품,반지갑-머니클립,비세토스-반지갑,MXSFATA04BK001,MXSFATA04BK001;MXSFATA04CO001,2,https://kr.mcmworldwide.com/ko_KR/%EB%82%A8%EC%84%B1/%EC%A7%80%EA%B0%91-%EB%A0%88%EB%8D%94%EC%86%8C%ED%92%88/%EB%B0%98%EC%A7%80%EA%B0%91-%EB%A8%B8%EB%8B%88%ED%81%B4%EB%A6%BD/%EB%B9%84%EC%84%B8%ED%86%A0%EC%8A%A4-%EB%B0%98%EC%A7%80%EA%B0%91/MXSFATA04BK001.html,https://images.mcmworldwide.com/i/mcmworldwide/MXSFATA04BK001_01/MXSFATA04BK001/비세토스-반지갑?$large$&fmt=auto&qlt=default
남성,지갑-레더소품,장지갑,aren-라봇-비세토스-지퍼-라운드-월렛,MXLGSTA01CO001,MXLGSTA01CO001,1,https://kr.mcmworldwide.com/ko_KR/%EB%82%A8%EC%84%B1/%EC%A7%80%EA%B0%91-%EB%A0%88%EB%8D%94%EC%86%8C%ED%92%88/%EC%9E%A5%EC%A7%80%EA%B0%91/aren-%EB%9D%BC%EB%B4%87-%EB%B9%84%EC%84%B8%ED%86%A0%EC%8A%A4-%EC%A7%80%ED%8D%BC-%EB%9D%BC%EC%9A%B4%EB%93%9C-%EC%9B%94%EB%A0%9B/MXLGSTA01CO001.html,https://images.mcmworldwide.com/i/mcmworldwide/MXLGSTA01CO001_01/MXLGSTA01CO001/aren-라봇-비세토스-지퍼-라운드-월렛?$large$&fmt=auto&qlt=default
남성,지갑-레더소품,장지갑,aren-비세토스-지퍼-지갑,MYLFSTA01CO001,MYLFSTA01CO001,1,https://kr.mcmworldwide.com/ko_KR/%EB%82%A8%EC%84%B1/%EC%A7%80%EA%B0%91-%EB%A0%88%EB%8D%94%EC%86%8C%ED%92%88/%EC%9E%A5%EC%A7%80%EA%B0%91/aren-%EB%B9%84%EC%84%B8%ED%86%A0%EC%8A%A4-%EC%A7%80%ED%8D%BC-%EC%A7%80%EA%B0%91/MYLFSTA01CO001.html,https://images.mcmworldwide.com/i/mcmworldwide/MYLFSTA01CO001_01/MYLFSTA01CO001/aren-비세토스-지퍼-지갑?$large$&fmt=auto&qlt=default
남성,지갑-레더소품,장지갑,비세토스-오리지널-콘티넨털-지갑,MXLAAVI02BK001,MXLAAVI02BK001;MXLAAVI02CO001,2,https://kr.mcmworldwide.com/ko_KR/%EB%82%A8%EC%84%B1/%EC%A7%80%EA%B0%91-%EB%A0%88%EB%8D%94%EC%86%8C%ED%92%88/%EC%9E%A5%EC%A7%80%EA%B0%91/%EB%B9%84%EC%84%B8%ED%86%A0%EC%8A%A4-%EC%98%A4%EB%A6%AC%EC%A7%80%EB%84%90-%EC%BD%98%ED%8B%B0%EB%84%A8%ED%84%B8-%EC%A7%80%EA%B0%91/MXLAAVI02BK001.html,https://images.mcmworldwide.com/i/mcmworldwide/MXLAAVI02BK001_01/MXLAAVI02BK001/비세토스-오리지널-콘티넨털-지갑?$large$&fmt=auto&qlt=default
남성,지갑-레더소품,장지갑,비세토스-지퍼-지갑,MXLDSTA02BK001,MXLDSTA02BK001,1,https://kr.mcmworldwide.com/ko_KR/%EB%82%A8%EC%84%B1/%EC%A7%80%EA%B0%91-%EB%A0%88%EB%8D%94%EC%86%8C%ED%92%88/%EC%9E%A5%EC%A7%80%EA%B0%91/%EB%B9%84%EC%84%B8%ED%86%A0%EC%8A%A4-%EC%A7%80%ED%8D%BC-%EC%A7%80%EA%B0%91/MXLDSTA02BK001.html,https://images.mcmworldwide.com/i/mcmworldwide/MXLDSTA02BK001_01/MXLDSTA02BK001/비세토스-지퍼-지갑?$large$&fmt=auto&qlt=default
남성,지갑-레더소품,카드지갑-키홀더,aren-비세토스-랜야드-id-지갑,MXZFATA01CO001,MXZFATA01CO001,1,https://kr.mcmworldwide.com/ko_KR/%EB%82%A8%EC%84%B1/%EC%A7%80%EA%B0%91-%EB%A0%88%EB%8D%94%EC%86%8C%ED%92%88/%EC%B9%B4%EB%93%9C%EC%A7%80%EA%B0%91-%ED%82%A4%ED%99%80%EB%8D%94/aren-%EB%B9%84%EC%84%B8%ED%86%A0%EC%8A%A4-%EB%9E%9C%EC%95%BC%EB%93%9C-id-%EC%A7%80%EA%B0%91/MXZFATA01CO001.html,https://images.mcmworldwide.com/i/mcmworldwide/MXZFATA01CO001_01/MXZFATA01CO001/aren-비세토스-랜야드-id-지갑?$large$&fmt=auto&qlt=default
남성,지갑-레더소품,카드지갑-키홀더,aren-라봇-비세토스-랜야드-id-월렛,MXZGSTA02CO001,MXZGSTA02CO001,1,https://kr.mcmworldwide.com/ko_KR/%EB%82%A8%EC%84%B1/%EC%A7%80%EA%B0%91-%EB%A0%88%EB%8D%94%EC%86%8C%ED%92%88/%EC%B9%B4%EB%93%9C%EC%A7%80%EA%B0%91-%ED%82%A4%ED%99%80%EB%8D%94/aren-%EB%9D%BC%EB%B4%87-%EB%B9%84%EC%84%B8%ED%86%A0%EC%8A%A4-%EB%9E%9C%EC%95%BC%EB%93%9C-id-%EC%9B%94%EB%A0%9B/MXZGSTA02CO001.html,https://images.mcmworldwide.com/i/mcmworldwide/MXZGSTA02CO001_01/MXZGSTA02CO001/aren-라봇-비세토스-랜야드-id-월렛?$large$&fmt=auto&qlt=default
남성,지갑-레더소품,카드지갑-키홀더,aren-맥시-모노그램-레더-랜야드-id-월렛,MXZGSTA03BK001,MXZGSTA03BK001,1,https://kr.mcmworldwide.com/ko_KR/%EB%82%A8%EC%84%B1/%EC%A7%80%EA%B0%91-%EB%A0%88%EB%8D%94%EC%86%8C%ED%92%88/%EC%B9%B4%EB%93%9C%EC%A7%80%EA%B0%91-%ED%82%A4%ED%99%80%EB%8D%94/aren-%EB%A7%A5%EC%8B%9C-%EB%AA%A8%EB%85%B8%EA%B7%B8%EB%9E%A8-%EB%A0%88%EB%8D%94-%EB%9E%9C%EC%95%BC%EB%93%9C-id-%EC%9B%94%EB%A0%9B/MXZGSTA03BK001.html,https://images.mcmworldwide.com/i/mcmworldwide/MXZGSTA03BK001_01/MXZGSTA03BK001/aren-맥시-모노그램-레더-랜야드-id-월렛?$large$&fmt=auto&qlt=default
남성,지갑-레더소품,카드지갑-키홀더,aren-맥시-모노그램-레더-카드-반지갑,MXADATA04BK001,MXADATA04BK001,1,https://kr.mcmworldwide.com/ko_KR/%EB%82%A8%EC%84%B1/%EC%A7%80%EA%B0%91-%EB%A0%88%EB%8D%94%EC%86%8C%ED%92%88/%EC%B9%B4%EB%93%9C%EC%A7%80%EA%B0%91-%ED%82%A4%ED%99%80%EB%8D%94/aren-%EB%A7%A5%EC%8B%9C-%EB%AA%A8%EB%85%B8%EA%B7%B8%EB%9E%A8-%EB%A0%88%EB%8D%94-%EC%B9%B4%EB%93%9C-%EB%B0%98%EC%A7%80%EA%B0%91/MXADATA04BK001.html,https://images.mcmworldwide.com/i/mcmworldwide/MXADATA04BK001_01/MXADATA04BK001/aren-맥시-모노그램-레더-카드-반지갑?$large$&fmt=auto&qlt=default
남성,지갑-레더소품,카드지갑-키홀더,aren-맥시-모노그램-레더-바이폴드-카드-지갑,MXADATA04FF001,MXADATA04FF001,1,https://kr.mcmworldwide.com/ko_KR/%EB%82%A8%EC%84%B1/%EC%A7%80%EA%B0%91-%EB%A0%88%EB%8D%94%EC%86%8C%ED%92%88/%EC%B9%B4%EB%93%9C%EC%A7%80%EA%B0%91-%ED%82%A4%ED%99%80%EB%8D%94/aren-%EB%A7%A5%EC%8B%9C-%EB%AA%A8%EB%85%B8%EA%B7%B8%EB%9E%A8-%EB%A0%88%EB%8D%94-%EB%B0%94%EC%9D%B4%ED%8F%B4%EB%93%9C-%EC%B9%B4%EB%93%9C-%EC%A7%80%EA%B0%91/MXADATA04FF001.html,https://images.mcmworldwide.com/i/mcmworldwide/MXADATA04FF001_01/MXADATA04FF001/aren-맥시-모노그램-레더-바이폴드-카드-지갑?$large$&fmt=auto&qlt=default
남성,지갑-레더소품,카드지갑-키홀더,aren-비세토스-카드-케이스,MXADATA08BK001,MXADATA08BK001;MXADATA08CO001;MXADATA08I8001;MXADATA08PZ001,4,https://kr.mcmworldwide.com/ko_KR/%EB%82%A8%EC%84%B1/%EC%A7%80%EA%B0%91-%EB%A0%88%EB%8D%94%EC%86%8C%ED%92%88/%EC%B9%B4%EB%93%9C%EC%A7%80%EA%B0%91-%ED%82%A4%ED%99%80%EB%8D%94/aren-%EB%B9%84%EC%84%B8%ED%86%A0%EC%8A%A4-%EC%B9%B4%EB%93%9C-%EC%BC%80%EC%9D%B4%EC%8A%A4/MXADATA08BK001.html,https://images.mcmworldwide.com/i/mcmworldwide/MXADATA08BK001_01/MXADATA08BK001/aren-비세토스-카드-케이스?$large$&fmt=auto&qlt=default
남성,지갑-레더소품,카드지갑-키홀더,aren-비세토스-카드-지갑,MXAFATA01CO001,MXAFATA01CO001;MXAFATA02K8001;MXAGATA01CO001;MXAGATA02BK001;MXAGATA044B001,5,https://kr.mcmworldwide.com/ko_KR/%EB%82%A8%EC%84%B1/%EC%A7%80%EA%B0%91-%EB%A0%88%EB%8D%94%EC%86%8C%ED%92%88/%EC%B9%B4%EB%93%9C%EC%A7%80%EA%B0%91-%ED%82%A4%ED%99%80%EB%8D%94/aren-%EB%B9%84%EC%84%B8%ED%86%A0%EC%8A%A4-%EC%B9%B4%EB%93%9C-%EC%A7%80%EA%B0%91/MXAFATA01CO001.html,https://images.mcmworldwide.com/i/mcmworldwide/MXAFATA01CO001_01/MXAFATA01CO001/aren-비세토스-카드-지갑?$large$&fmt=auto&qlt=default
남성,지갑-레더소품,카드지갑-키홀더,aren-엠보스드-가죽-카드-지갑,MXAFATA03BK001,MXAFATA03BK001;MXAFATA03FF001,2,https://kr.mcmworldwide.com/ko_KR/%EB%82%A8%EC%84%B1/%EC%A7%80%EA%B0%91-%EB%A0%88%EB%8D%94%EC%86%8C%ED%92%88/%EC%B9%B4%EB%93%9C%EC%A7%80%EA%B0%91-%ED%82%A4%ED%99%80%EB%8D%94/aren-%EC%97%A0%EB%B3%B4%EC%8A%A4%EB%93%9C-%EA%B0%80%EC%A3%BD-%EC%B9%B4%EB%93%9C-%EC%A7%80%EA%B0%91/MXAFATA03BK001.html,https://images.mcmworldwide.com/i/mcmworldwide/MXAFATA03BK001_01/MXAFATA03BK001/aren-엠보스드-가죽-카드-지갑?$large$&fmt=auto&qlt=default
남성,지갑-레더소품,카드지갑-키홀더,aren-디스코-비세토스-카드-지갑,MXAGATA03CO001,MXAGATA03CO001,1,https://kr.mcmworldwide.com/ko_KR/%EB%82%A8%EC%84%B1/%EC%A7%80%EA%B0%91-%EB%A0%88%EB%8D%94%EC%86%8C%ED%92%88/%EC%B9%B4%EB%93%9C%EC%A7%80%EA%B0%91-%ED%82%A4%ED%99%80%EB%8D%94/aren-%EB%94%94%EC%8A%A4%EC%BD%94-%EB%B9%84%EC%84%B8%ED%86%A0%EC%8A%A4-%EC%B9%B4%EB%93%9C-%EC%A7%80%EA%B0%91/MXAGATA03CO001.html,https://images.mcmworldwide.com/i/mcmworldwide/MXAGATA03CO001_01/MXAGATA03CO001/aren-디스코-비세토스-카드-지갑?$large$&fmt=auto&qlt=default
남성,지갑-레더소품,카드지갑-키홀더,aren-라봇-비세토스-카드-케이스,MXAGSTA01CO001,MXAGSTA01CO001;MXAGSTA02BK001,2,https://kr.mcmworldwide.com/ko_KR/%EB%82%A8%EC%84%B1/%EC%A7%80%EA%B0%91-%EB%A0%88%EB%8D%94%EC%86%8C%ED%92%88/%EC%B9%B4%EB%93%9C%EC%A7%80%EA%B0%91-%ED%82%A4%ED%99%80%EB%8D%94/aren-%EB%9D%BC%EB%B4%87-%EB%B9%84%EC%84%B8%ED%86%A0%EC%8A%A4-%EC%B9%B4%EB%93%9C-%EC%BC%80%EC%9D%B4%EC%8A%A4/MXAGSTA01CO001.html,https://images.mcmworldwide.com/i/mcmworldwide/MXAGSTA01CO001_01/MXAGSTA01CO001/aren-라봇-비세토스-카드-케이스?$large$&fmt=auto&qlt=default
남성,지갑-레더소품,카드지갑-키홀더,aren-디스코-비세토스-랜야드-카드-지갑,MXZGATA03CO001,MXZGATA03CO001,1,https://kr.mcmworldwide.com/ko_KR/%EB%82%A8%EC%84%B1/%EC%A7%80%EA%B0%91-%EB%A0%88%EB%8D%94%EC%86%8C%ED%92%88/%EC%B9%B4%EB%93%9C%EC%A7%80%EA%B0%91-%ED%82%A4%ED%99%80%EB%8D%94/aren-%EB%94%94%EC%8A%A4%EC%BD%94-%EB%B9%84%EC%84%B8%ED%86%A0%EC%8A%A4-%EB%9E%9C%EC%95%BC%EB%93%9C-%EC%B9%B4%EB%93%9C-%EC%A7%80%EA%B0%91/MXZGATA03CO001.html,https://images.mcmworldwide.com/i/mcmworldwide/MXZGATA03CO001_01/MXZGATA03CO001/aren-디스코-비세토스-랜야드-카드-지갑?$large$&fmt=auto&qlt=default
남성,지갑-레더소품,카드지갑-키홀더,aren-엠보스드-모노그램-레더-크로스바디-지갑,MXZGATA04BK001,MXZGATA04BK001,1,https://kr.mcmworldwide.com/ko_KR/%EB%82%A8%EC%84%B1/%EC%A7%80%EA%B0%91-%EB%A0%88%EB%8D%94%EC%86%8C%ED%92%88/%EC%B9%B4%EB%93%9C%EC%A7%80%EA%B0%91-%ED%82%A4%ED%99%80%EB%8D%94/aren-%EC%97%A0%EB%B3%B4%EC%8A%A4%EB%93%9C-%EB%AA%A8%EB%85%B8%EA%B7%B8%EB%9E%A8-%EB%A0%88%EB%8D%94-%ED%81%AC%EB%A1%9C%EC%8A%A4%EB%B0%94%EB%94%94-%EC%A7%80%EA%B0%91/MXZGATA04BK001.html,https://images.mcmworldwide.com/i/mcmworldwide/MXZGATA04BK001_01/MXZGATA04BK001/aren-엠보스드-모노그램-레더-크로스바디-지갑?$large$&fmt=auto&qlt=default
남성,지갑-레더소품,카드지갑-키홀더,aren-비세토스-체인-스트랩이-더해진-에어팟-프로-케이스,MXZGATA15CO001,MXZGATA15CO001,1,https://kr.mcmworldwide.com/ko_KR/%EB%82%A8%EC%84%B1/%EC%A7%80%EA%B0%91-%EB%A0%88%EB%8D%94%EC%86%8C%ED%92%88/%EC%B9%B4%EB%93%9C%EC%A7%80%EA%B0%91-%ED%82%A4%ED%99%80%EB%8D%94/aren-%EB%B9%84%EC%84%B8%ED%86%A0%EC%8A%A4-%EC%B2%B4%EC%9D%B8-%EC%8A%A4%ED%8A%B8%EB%9E%A9%EC%9D%B4-%EB%8D%94%ED%95%B4%EC%A7%84-%EC%97%90%EC%96%B4%ED%8C%9F-%ED%94%84%EB%A1%9C-%EC%BC%80%EC%9D%B4%EC%8A%A4/MXZGATA15CO001.html,https://images.mcmworldwide.com/i/mcmworldwide/MXZGATA15CO001_01/MXZGATA15CO001/aren-비세토스-체인-스트랩이-더해진-에어팟-프로-케이스?$large$&fmt=auto&qlt=default
남성,지갑-레더소품,카드지갑-키홀더,aren-비세토스-핸드폰-랜야드,MXZGSTA01CO001,MXZGSTA01CO001,1,https://kr.mcmworldwide.com/ko_KR/%EB%82%A8%EC%84%B1/%EC%A7%80%EA%B0%91-%EB%A0%88%EB%8D%94%EC%86%8C%ED%92%88/%EC%B9%B4%EB%93%9C%EC%A7%80%EA%B0%91-%ED%82%A4%ED%99%80%EB%8D%94/aren-%EB%B9%84%EC%84%B8%ED%86%A0%EC%8A%A4-%ED%95%B8%EB%93%9C%ED%8F%B0-%EB%9E%9C%EC%95%BC%EB%93%9C/MXZGSTA01CO001.html,https://images.mcmworldwide.com/i/mcmworldwide/MXZGSTA01CO001_01/MXZGSTA01CO001/aren-비세토스-핸드폰-랜야드?$large$&fmt=auto&qlt=default
남성,지갑-레더소품,카드지갑-키홀더,aren-비세토스-폰-파우치,MXZGSTA11BK001,MXZGSTA11BK001;MXZGSTA11CO001,2,https://kr.mcmworldwide.com/ko_KR/%EB%82%A8%EC%84%B1/%EC%A7%80%EA%B0%91-%EB%A0%88%EB%8D%94%EC%86%8C%ED%92%88/%EC%B9%B4%EB%93%9C%EC%A7%80%EA%B0%91-%ED%82%A4%ED%99%80%EB%8D%94/aren-%EB%B9%84%EC%84%B8%ED%86%A0%EC%8A%A4-%ED%8F%B0-%ED%8C%8C%EC%9A%B0%EC%B9%98/MXZGSTA11BK001.html,https://images.mcmworldwide.com/i/mcmworldwide/MXZGSTA11BK001_01/MXZGSTA11BK001/aren-비세토스-폰-파우치?$large$&fmt=auto&qlt=default
남성,지갑-레더소품,카드지갑-키홀더,himmel-엠보스드-레더-카드-케이스,MXAEAAC01BK001,MXAEAAC01BK001,1,https://kr.mcmworldwide.com/ko_KR/%EB%82%A8%EC%84%B1/%EC%A7%80%EA%B0%91-%EB%A0%88%EB%8D%94%EC%86%8C%ED%92%88/%EC%B9%B4%EB%93%9C%EC%A7%80%EA%B0%91-%ED%82%A4%ED%99%80%EB%8D%94/himmel-%EC%97%A0%EB%B3%B4%EC%8A%A4%EB%93%9C-%EB%A0%88%EB%8D%94-%EC%B9%B4%EB%93%9C-%EC%BC%80%EC%9D%B4%EC%8A%A4/MXAEAAC01BK001.html,https://images.mcmworldwide.com/i/mcmworldwide/MXAEAAC01BK001_01/MXAEAAC01BK001/himmel-엠보스드-레더-카드-케이스?$large$&fmt=auto&qlt=default
남성,지갑-레더소품,카드지갑-키홀더,비세토스-랜야드-id-카드-지갑,MXZGATA01CO001,MXZGATA01CO001,1,https://kr.mcmworldwide.com/ko_KR/%EB%82%A8%EC%84%B1/%EC%A7%80%EA%B0%91-%EB%A0%88%EB%8D%94%EC%86%8C%ED%92%88/%EC%B9%B4%EB%93%9C%EC%A7%80%EA%B0%91-%ED%82%A4%ED%99%80%EB%8D%94/%EB%B9%84%EC%84%B8%ED%86%A0%EC%8A%A4-%EB%9E%9C%EC%95%BC%EB%93%9C-id-%EC%B9%B4%EB%93%9C-%EC%A7%80%EA%B0%91/MXZGATA01CO001.html,https://images.mcmworldwide.com/i/mcmworldwide/MXZGATA01CO001_01/MXZGATA01CO001/비세토스-랜야드-id-카드-지갑?$large$&fmt=auto&qlt=default
남성,지갑-레더소품,카드지갑-키홀더,엠보스드-모노그램-레더-랜야드-id-카드-지갑,MXZGATA02BK001,MXZGATA02BK001,1,https://kr.mcmworldwide.com/ko_KR/%EB%82%A8%EC%84%B1/%EC%A7%80%EA%B0%91-%EB%A0%88%EB%8D%94%EC%86%8C%ED%92%88/%EC%B9%B4%EB%93%9C%EC%A7%80%EA%B0%91-%ED%82%A4%ED%99%80%EB%8D%94/%EC%97%A0%EB%B3%B4%EC%8A%A4%EB%93%9C-%EB%AA%A8%EB%85%B8%EA%B7%B8%EB%9E%A8-%EB%A0%88%EB%8D%94-%EB%9E%9C%EC%95%BC%EB%93%9C-id-%EC%B9%B4%EB%93%9C-%EC%A7%80%EA%B0%91/MXZGATA02BK001.html,https://images.mcmworldwide.com/i/mcmworldwide/MXZGATA02BK001_01/MXZGATA02BK001/엠보스드-모노그램-레더-랜야드-id-카드-지갑?$large$&fmt=auto&qlt=default
남성,지갑-레더소품,카드지갑-키홀더,비세토스-오리지널-키-파우치,MXKCSVI01BK001,MXKCSVI01BK001;MXKCSVI01CO001,2,https://kr.mcmworldwide.com/ko_KR/%EB%82%A8%EC%84%B1/%EC%A7%80%EA%B0%91-%EB%A0%88%EB%8D%94%EC%86%8C%ED%92%88/%EC%B9%B4%EB%93%9C%EC%A7%80%EA%B0%91-%ED%82%A4%ED%99%80%EB%8D%94/%EB%B9%84%EC%84%B8%ED%86%A0%EC%8A%A4-%EC%98%A4%EB%A6%AC%EC%A7%80%EB%84%90-%ED%82%A4-%ED%8C%8C%EC%9A%B0%EC%B9%98/MXKCSVI01BK001.html,https://images.mcmworldwide.com/i/mcmworldwide/MXKCSVI01BK001_01/MXKCSVI01BK001/비세토스-오리지널-키-파우치?$large$&fmt=auto&qlt=default
남성,지갑-레더소품,카드지갑-키홀더,비세토스-오리지널-랜야드-카드-홀더,MXZAAVI08CO001,MXZAAVI08CO001,1,https://kr.mcmworldwide.com/ko_KR/%EB%82%A8%EC%84%B1/%EC%A7%80%EA%B0%91-%EB%A0%88%EB%8D%94%EC%86%8C%ED%92%88/%EC%B9%B4%EB%93%9C%EC%A7%80%EA%B0%91-%ED%82%A4%ED%99%80%EB%8D%94/%EB%B9%84%EC%84%B8%ED%86%A0%EC%8A%A4-%EC%98%A4%EB%A6%AC%EC%A7%80%EB%84%90-%EB%9E%9C%EC%95%BC%EB%93%9C-%EC%B9%B4%EB%93%9C-%ED%99%80%EB%8D%94/MXZAAVI08CO001.html,https://images.mcmworldwide.com/i/mcmworldwide/MXZAAVI08CO001_01/MXZAAVI08CO001/비세토스-오리지널-랜야드-카드-홀더?$large$&fmt=auto&qlt=default
남성,지갑-레더소품,카드지갑-키홀더/비세토스-오리지널-n,s-카드-케이스,MXAAAVI03BK001,MXAAAVI03BK001;MXAAAVI03CO001,2,https://kr.mcmworldwide.com/ko_KR/%EB%82%A8%EC%84%B1/%EC%A7%80%EA%B0%91-%EB%A0%88%EB%8D%94%EC%86%8C%ED%92%88/%EC%B9%B4%EB%93%9C%EC%A7%80%EA%B0%91-%ED%82%A4%ED%99%80%EB%8D%94/%EB%B9%84%EC%84%B8%ED%86%A0%EC%8A%A4-%EC%98%A4%EB%A6%AC%EC%A7%80%EB%84%90-n%2Fs-%EC%B9%B4%EB%93%9C-%EC%BC%80%EC%9D%B4%EC%8A%A4/MXAAAVI03BK001.html,https://images.mcmworldwide.com/i/mcmworldwide/MXAAAVI03BK001_01/MXAAAVI03BK001/s-카드-케이스?$large$&fmt=auto&qlt=default
남성,패션소품,가방-액세서리-키링,aren-비세토스-다이아몬드-로고-키-홀더,MXZESTA03BK001,MXZESTA03BK001;MXZESTA03CO001;MXZESTA03PZ001,3,https://kr.mcmworldwide.com/ko_KR/%EB%82%A8%EC%84%B1/%ED%8C%A8%EC%85%98%EC%86%8C%ED%92%88/%EA%B0%80%EB%B0%A9-%EC%95%A1%EC%84%B8%EC%84%9C%EB%A6%AC-%ED%82%A4%EB%A7%81/aren-%EB%B9%84%EC%84%B8%ED%86%A0%EC%8A%A4-%EB%8B%A4%EC%9D%B4%EC%95%84%EB%AA%AC%EB%93%9C-%EB%A1%9C%EA%B3%A0-%ED%82%A4-%ED%99%80%EB%8D%94/MXZESTA03BK001.html,https://images.mcmworldwide.com/i/mcmworldwide/MXZESTA03BK001_01/MXZESTA03BK001/aren-비세토스-다이아몬드-로고-키-홀더?$large$&fmt=auto&qlt=default
남성,패션소품,가방-액세서리-키링,aren-비세토스-키-홀더,MXZFATA02BK001,MXZFATA02BK001,1,https://kr.mcmworldwide.com/ko_KR/%EB%82%A8%EC%84%B1/%ED%8C%A8%EC%85%98%EC%86%8C%ED%92%88/%EA%B0%80%EB%B0%A9-%EC%95%A1%EC%84%B8%EC%84%9C%EB%A6%AC-%ED%82%A4%EB%A7%81/aren-%EB%B9%84%EC%84%B8%ED%86%A0%EC%8A%A4-%ED%82%A4-%ED%99%80%EB%8D%94/MXZFATA02BK001.html,https://images.mcmworldwide.com/i/mcmworldwide/MXZFATA02BK001_01/MXZFATA02BK001/aren-비세토스-키-홀더?$large$&fmt=auto&qlt=default
남성,패션소품,가방-액세서리-키링,aren-비세토스-바이컬러-다이아몬드-키-참,MXZFATA10CO001,MXZFATA10CO001,1,https://kr.mcmworldwide.com/ko_KR/%EB%82%A8%EC%84%B1/%ED%8C%A8%EC%85%98%EC%86%8C%ED%92%88/%EA%B0%80%EB%B0%A9-%EC%95%A1%EC%84%B8%EC%84%9C%EB%A6%AC-%ED%82%A4%EB%A7%81/aren-%EB%B9%84%EC%84%B8%ED%86%A0%EC%8A%A4-%EB%B0%94%EC%9D%B4%EC%BB%AC%EB%9F%AC-%EB%8B%A4%EC%9D%B4%EC%95%84%EB%AA%AC%EB%93%9C-%ED%82%A4-%EC%B0%B8/MXZFATA10CO001.html,https://images.mcmworldwide.com/i/mcmworldwide/MXZFATA10CO001_01/MXZFATA10CO001/aren-비세토스-바이컬러-다이아몬드-키-참?$large$&fmt=auto&qlt=default
남성,패션소품,가방-액세서리-키링,aren-모노그램-레더-키-홀더,MXZFSTA08BK001,MXZFSTA08BK001;MXZFSTA08FF001;MXZFSTA08VC001,3,https://kr.mcmworldwide.com/ko_KR/%EB%82%A8%EC%84%B1/%ED%8C%A8%EC%85%98%EC%86%8C%ED%92%88/%EA%B0%80%EB%B0%A9-%EC%95%A1%EC%84%B8%EC%84%9C%EB%A6%AC-%ED%82%A4%EB%A7%81/aren-%EB%AA%A8%EB%85%B8%EA%B7%B8%EB%9E%A8-%EB%A0%88%EB%8D%94-%ED%82%A4-%ED%99%80%EB%8D%94/MXZFSTA08BK001.html,https://images.mcmworldwide.com/i/mcmworldwide/MXZFSTA08BK001_01/MXZFSTA08BK001/aren-모노그램-레더-키-홀더?$large$&fmt=auto&qlt=default
남성,패션소품,가방-액세서리-키링,aren-라봇-비세토스-키-홀더,MXZGSTA06CO001,MXZGSTA06CO001,1,https://kr.mcmworldwide.com/ko_KR/%EB%82%A8%EC%84%B1/%ED%8C%A8%EC%85%98%EC%86%8C%ED%92%88/%EA%B0%80%EB%B0%A9-%EC%95%A1%EC%84%B8%EC%84%9C%EB%A6%AC-%ED%82%A4%EB%A7%81/aren-%EB%9D%BC%EB%B4%87-%EB%B9%84%EC%84%B8%ED%86%A0%EC%8A%A4-%ED%82%A4-%ED%99%80%EB%8D%94/MXZGSTA06CO001.html,https://images.mcmworldwide.com/i/mcmworldwide/MXZGSTA06CO001_01/MXZGSTA06CO001/aren-라봇-비세토스-키-홀더?$large$&fmt=auto&qlt=default
남성,패션소품,가방-액세서리-키링,aren-라봇-비세토스-키홀더,MXZGSTA07BK001,MXZGSTA07BK001,1,https://kr.mcmworldwide.com/ko_KR/%EB%82%A8%EC%84%B1/%ED%8C%A8%EC%85%98%EC%86%8C%ED%92%88/%EA%B0%80%EB%B0%A9-%EC%95%A1%EC%84%B8%EC%84%9C%EB%A6%AC-%ED%82%A4%EB%A7%81/aren-%EB%9D%BC%EB%B4%87-%EB%B9%84%EC%84%B8%ED%86%A0%EC%8A%A4-%ED%82%A4%ED%99%80%EB%8D%94/MXZGSTA07BK001.html,https://images.mcmworldwide.com/i/mcmworldwide/MXZGSTA07BK001_01/MXZGSTA07BK001/aren-라봇-비세토스-키홀더?$large$&fmt=auto&qlt=default
남성,패션소품,가방-액세서리-키링,비세토스-오리지널-키링,MXZAAVI09CO001,MXZAAVI09CO001,1,https://kr.mcmworldwide.com/ko_KR/%EB%82%A8%EC%84%B1/%ED%8C%A8%EC%85%98%EC%86%8C%ED%92%88/%EA%B0%80%EB%B0%A9-%EC%95%A1%EC%84%B8%EC%84%9C%EB%A6%AC-%ED%82%A4%EB%A7%81/%EB%B9%84%EC%84%B8%ED%86%A0%EC%8A%A4-%EC%98%A4%EB%A6%AC%EC%A7%80%EB%84%90-%ED%82%A4%EB%A7%81/MXZAAVI09CO001.html,https://images.mcmworldwide.com/i/mcmworldwide/MXZAAVI09CO001_01/MXZAAVI09CO001/비세토스-오리지널-키링?$large$&fmt=auto&qlt=default
남성,패션소품,모두보기,모노그램-프린트-레더-2d-ella-비세토스-보스턴-참,MXZGATA20BK001,MXZGATA20BK001;MXZGATA20CO001;MXZGATA20PZ001,3,https://kr.mcmworldwide.com/ko_KR/%EB%82%A8%EC%84%B1/%ED%8C%A8%EC%85%98%EC%86%8C%ED%92%88/%EB%AA%A8%EB%91%90%EB%B3%B4%EA%B8%B0/%EB%AA%A8%EB%85%B8%EA%B7%B8%EB%9E%A8-%ED%94%84%EB%A6%B0%ED%8A%B8-%EB%A0%88%EB%8D%94-2d-ella-%EB%B9%84%EC%84%B8%ED%86%A0%EC%8A%A4-%EB%B3%B4%EC%8A%A4%ED%84%B4-%EC%B0%B8/MXZGATA20BK001.html,https://images.mcmworldwide.com/i/mcmworldwide/MXZGATA20BK001_01/MXZGATA20BK001/모노그램-프린트-레더-2d-ella-비세토스-보스턴-참?$large$&fmt=auto&qlt=default
남성,패션소품,모두보기,모노그램-프린트-레더-2d-stark-비세토스-백팩-참-,MXZGATA19BK001,MXZGATA19BK001;MXZGATA19CO001;MXZGATA19PZ001,3,https://kr.mcmworldwide.com/ko_KR/%EB%82%A8%EC%84%B1/%ED%8C%A8%EC%85%98%EC%86%8C%ED%92%88/%EB%AA%A8%EB%91%90%EB%B3%B4%EA%B8%B0/%EB%AA%A8%EB%85%B8%EA%B7%B8%EB%9E%A8-%ED%94%84%EB%A6%B0%ED%8A%B8-%EB%A0%88%EB%8D%94-2d-stark-%EB%B9%84%EC%84%B8%ED%86%A0%EC%8A%A4-%EB%B0%B1%ED%8C%A9-%EC%B0%B8-/MXZGATA19BK001.html,https://images.mcmworldwide.com/i/mcmworldwide/MXZGATA19BK001_01/MXZGATA19BK001/모노그램-프린트-레더-2d-stark-비세토스-백팩-참-?$large$&fmt=auto&qlt=default
남성,패션소품,모두보기,aren-비세토스-래빗-2d-참,MXZGSTA17PZ001,MXZGSTA17PZ001,1,https://kr.mcmworldwide.com/ko_KR/%EB%82%A8%EC%84%B1/%ED%8C%A8%EC%85%98%EC%86%8C%ED%92%88/%EB%AA%A8%EB%91%90%EB%B3%B4%EA%B8%B0/aren-%EB%B9%84%EC%84%B8%ED%86%A0%EC%8A%A4-%EB%9E%98%EB%B9%97-2d-%EC%B0%B8/MXZGSTA17PZ001.html,https://images.mcmworldwide.com/i/mcmworldwide/MXZGSTA17PZ001_01/MXZGSTA17PZ001/aren-비세토스-래빗-2d-참?$large$&fmt=auto&qlt=default
남성,패션소품,모두보기,aren-비세토스-불독-2d-참,MXZGSTA18ED001,MXZGSTA18ED001,1,https://kr.mcmworldwide.com/ko_KR/%EB%82%A8%EC%84%B1/%ED%8C%A8%EC%85%98%EC%86%8C%ED%92%88/%EB%AA%A8%EB%91%90%EB%B3%B4%EA%B8%B0/aren-%EB%B9%84%EC%84%B8%ED%86%A0%EC%8A%A4-%EB%B6%88%EB%8F%85-2d-%EC%B0%B8/MXZGSTA18ED001.html,https://images.mcmworldwide.com/i/mcmworldwide/MXZGSTA18ED001_01/MXZGSTA18ED001/aren-비세토스-불독-2d-참?$large$&fmt=auto&qlt=default
남성,패션소품,모두보기,aren-비세토스-닥스훈트-2d-참,MXZGSTA19CO001,MXZGSTA19CO001,1,https://kr.mcmworldwide.com/ko_KR/%EB%82%A8%EC%84%B1/%ED%8C%A8%EC%85%98%EC%86%8C%ED%92%88/%EB%AA%A8%EB%91%90%EB%B3%B4%EA%B8%B0/aren-%EB%B9%84%EC%84%B8%ED%86%A0%EC%8A%A4-%EB%8B%A5%EC%8A%A4%ED%9B%88%ED%8A%B8-2d-%EC%B0%B8/MXZGSTA19CO001.html,https://images.mcmworldwide.com/i/mcmworldwide/MXZGSTA19CO001_01/MXZGSTA19CO001/aren-비세토스-닥스훈트-2d-참?$large$&fmt=auto&qlt=default
남성,패션소품,모두보기,aren-french-bulldog-charm-in-visetos,MXZFSTA12CO001,MXZFSTA12CO001,1,https://kr.mcmworldwide.com/ko_KR/%EB%82%A8%EC%84%B1/%ED%8C%A8%EC%85%98%EC%86%8C%ED%92%88/%EB%AA%A8%EB%91%90%EB%B3%B4%EA%B8%B0/aren-french-bulldog-charm-in-visetos/MXZFSTA12CO001.html,https://images.mcmworldwide.com/i/mcmworldwide/MXZFSTA12CO001_01/MXZFSTA12CO001/aren-french-bulldog-charm-in-visetos?$large$&fmt=auto&qlt=default
남성,패션소품,모두보기,aren-페이크-퍼-비세토스-mars-dog-참,MXZGATA111I001,MXZGATA111I001,1,https://kr.mcmworldwide.com/ko_KR/%EB%82%A8%EC%84%B1/%ED%8C%A8%EC%85%98%EC%86%8C%ED%92%88/%EB%AA%A8%EB%91%90%EB%B3%B4%EA%B8%B0/aren-%ED%8E%98%EC%9D%B4%ED%81%AC-%ED%8D%BC-%EB%B9%84%EC%84%B8%ED%86%A0%EC%8A%A4-mars-dog-%EC%B0%B8/MXZGATA111I001.html,https://images.mcmworldwide.com/i/mcmworldwide/MXZGATA111I001_01/MXZGATA111I001/aren-페이크-퍼-비세토스-mars-dog-참?$large$&fmt=auto&qlt=default
남성,패션소품,모두보기,aren-m-pup-비세토스-참,MXZCATA04CO001,MXZCATA04CO001;MXZCATA04WT001,2,https://kr.mcmworldwide.com/ko_KR/%EB%82%A8%EC%84%B1/%ED%8C%A8%EC%85%98%EC%86%8C%ED%92%88/%EB%AA%A8%EB%91%90%EB%B3%B4%EA%B8%B0/aren-m-pup-%EB%B9%84%EC%84%B8%ED%86%A0%EC%8A%A4-%EC%B0%B8/MXZCATA04CO001.html,https://images.mcmworldwide.com/i/mcmworldwide/MXZCATA04CO001_01/MXZCATA04CO001/aren-m-pup-비세토스-참?$large$&fmt=auto&qlt=default
남성,패션소품,모두보기,aren-비세토스-프렌치-불독-참,MXZCATA04I8001,MXZCATA04I8001,1,https://kr.mcmworldwide.com/ko_KR/%EB%82%A8%EC%84%B1/%ED%8C%A8%EC%85%98%EC%86%8C%ED%92%88/%EB%AA%A8%EB%91%90%EB%B3%B4%EA%B8%B0/aren-%EB%B9%84%EC%84%B8%ED%86%A0%EC%8A%A4-%ED%94%84%EB%A0%8C%EC%B9%98-%EB%B6%88%EB%8F%85-%EC%B0%B8/MXZCATA04I8001.html,https://images.mcmworldwide.com/i/mcmworldwide/MXZCATA04I8001_01/MXZCATA04I8001/aren-비세토스-프렌치-불독-참?$large$&fmt=auto&qlt=default
남성,패션소품,모두보기,aren-비세토스-우주-토끼-참,MXZFATA04PZ001,MXZFATA04PZ001,1,https://kr.mcmworldwide.com/ko_KR/%EB%82%A8%EC%84%B1/%ED%8C%A8%EC%85%98%EC%86%8C%ED%92%88/%EB%AA%A8%EB%91%90%EB%B3%B4%EA%B8%B0/aren-%EB%B9%84%EC%84%B8%ED%86%A0%EC%8A%A4-%EC%9A%B0%EC%A3%BC-%ED%86%A0%EB%81%BC-%EC%B0%B8/MXZFATA04PZ001.html,https://images.mcmworldwide.com/i/mcmworldwide/MXZFATA04PZ001_01/MXZFATA04PZ001/aren-비세토스-우주-토끼-참?$large$&fmt=auto&qlt=default
남성,패션소품,모두보기,aren-비세토스-로켓-파우치-참,MXZFATA07CO001,MXZFATA07CO001;MXZGSTA08SV001,2,https://kr.mcmworldwide.com/ko_KR/%EB%82%A8%EC%84%B1/%ED%8C%A8%EC%85%98%EC%86%8C%ED%92%88/%EB%AA%A8%EB%91%90%EB%B3%B4%EA%B8%B0/aren-%EB%B9%84%EC%84%B8%ED%86%A0%EC%8A%A4-%EB%A1%9C%EC%BC%93-%ED%8C%8C%EC%9A%B0%EC%B9%98-%EC%B0%B8/MXZFATA07CO001.html,https://images.mcmworldwide.com/i/mcmworldwide/MXZFATA07CO001_01/MXZFATA07CO001/aren-비세토스-로켓-파우치-참?$large$&fmt=auto&qlt=default
남성,패션소품,모두보기,aren-모노그램-리사이클-나일론-행성-참,MXZFATA08MT001,MXZFATA08MT001,1,https://kr.mcmworldwide.com/ko_KR/%EB%82%A8%EC%84%B1/%ED%8C%A8%EC%85%98%EC%86%8C%ED%92%88/%EB%AA%A8%EB%91%90%EB%B3%B4%EA%B8%B0/aren-%EB%AA%A8%EB%85%B8%EA%B7%B8%EB%9E%A8-%EB%A6%AC%EC%82%AC%EC%9D%B4%ED%81%B4-%EB%82%98%EC%9D%BC%EB%A1%A0-%ED%96%89%EC%84%B1-%EC%B0%B8/MXZFATA08MT001.html,https://images.mcmworldwide.com/i/mcmworldwide/MXZFATA08MT001_01/MXZFATA08MT001/aren-모노그램-리사이클-나일론-행성-참?$large$&fmt=auto&qlt=default
남성,패션소품,모두보기,aren-모노그램-리사이클-나일론-유성-참,MXZFATA09MT001,MXZFATA09MT001,1,https://kr.mcmworldwide.com/ko_KR/%EB%82%A8%EC%84%B1/%ED%8C%A8%EC%85%98%EC%86%8C%ED%92%88/%EB%AA%A8%EB%91%90%EB%B3%B4%EA%B8%B0/aren-%EB%AA%A8%EB%85%B8%EA%B7%B8%EB%9E%A8-%EB%A6%AC%EC%82%AC%EC%9D%B4%ED%81%B4-%EB%82%98%EC%9D%BC%EB%A1%A0-%EC%9C%A0%EC%84%B1-%EC%B0%B8/MXZFATA09MT001.html,https://images.mcmworldwide.com/i/mcmworldwide/MXZFATA09MT001_01/MXZFATA09MT001/aren-모노그램-리사이클-나일론-유성-참?$large$&fmt=auto&qlt=default
남성,패션소품,모두보기,aren-페이크-퍼-곰-참,MXZFATA11BK001,MXZFATA11BK001,1,https://kr.mcmworldwide.com/ko_KR/%EB%82%A8%EC%84%B1/%ED%8C%A8%EC%85%98%EC%86%8C%ED%92%88/%EB%AA%A8%EB%91%90%EB%B3%B4%EA%B8%B0/aren-%ED%8E%98%EC%9D%B4%ED%81%AC-%ED%8D%BC-%EA%B3%B0-%EC%B0%B8/MXZFATA11BK001.html,https://images.mcmworldwide.com/i/mcmworldwide/MXZFATA11BK001_01/MXZFATA11BK001/aren-페이크-퍼-곰-참?$large$&fmt=auto&qlt=default
남성,패션소품,모두보기,aren-페이크-퍼-토끼-참,MXZFATA12BK001,MXZFATA12BK001,1,https://kr.mcmworldwide.com/ko_KR/%EB%82%A8%EC%84%B1/%ED%8C%A8%EC%85%98%EC%86%8C%ED%92%88/%EB%AA%A8%EB%91%90%EB%B3%B4%EA%B8%B0/aren-%ED%8E%98%EC%9D%B4%ED%81%AC-%ED%8D%BC-%ED%86%A0%EB%81%BC-%EC%B0%B8/MXZFATA12BK001.html,https://images.mcmworldwide.com/i/mcmworldwide/MXZFATA12BK001_01/MXZFATA12BK001/aren-페이크-퍼-토끼-참?$large$&fmt=auto&qlt=default
남성,패션소품,모두보기,aren-비세토스-프렌치-불독,MXZFSTA10PZ001,MXZFSTA10PZ001,1,https://kr.mcmworldwide.com/ko_KR/%EB%82%A8%EC%84%B1/%ED%8C%A8%EC%85%98%EC%86%8C%ED%92%88/%EB%AA%A8%EB%91%90%EB%B3%B4%EA%B8%B0/aren-%EB%B9%84%EC%84%B8%ED%86%A0%EC%8A%A4-%ED%94%84%EB%A0%8C%EC%B9%98-%EB%B6%88%EB%8F%85/MXZFSTA10PZ001.html,https://images.mcmworldwide.com/i/mcmworldwide/MXZFSTA10PZ001_01/MXZFSTA10PZ001/aren-비세토스-프렌치-불독?$large$&fmt=auto&qlt=default
남성,패션소품,모두보기,aren-비세토스-레빗-참,MXZGATA094B001,MXZGATA094B001,1,https://kr.mcmworldwide.com/ko_KR/%EB%82%A8%EC%84%B1/%ED%8C%A8%EC%85%98%EC%86%8C%ED%92%88/%EB%AA%A8%EB%91%90%EB%B3%B4%EA%B8%B0/aren-%EB%B9%84%EC%84%B8%ED%86%A0%EC%8A%A4-%EB%A0%88%EB%B9%97-%EC%B0%B8/MXZGATA094B001.html,https://images.mcmworldwide.com/i/mcmworldwide/MXZGATA094B001_01/MXZGATA094B001/aren-비세토스-레빗-참?$large$&fmt=auto&qlt=default
남성,패션소품,모두보기,aren-비세토스-태권도-레빗-참,MXZGSTA13BW001,MXZGSTA13BW001,1,https://kr.mcmworldwide.com/ko_KR/%EB%82%A8%EC%84%B1/%ED%8C%A8%EC%85%98%EC%86%8C%ED%92%88/%EB%AA%A8%EB%91%90%EB%B3%B4%EA%B8%B0/aren-%EB%B9%84%EC%84%B8%ED%86%A0%EC%8A%A4-%ED%83%9C%EA%B6%8C%EB%8F%84-%EB%A0%88%EB%B9%97-%EC%B0%B8/MXZGSTA13BW001.html,https://images.mcmworldwide.com/i/mcmworldwide/MXZGSTA13BW001_01/MXZGSTA13BW001/aren-비세토스-태권도-레빗-참?$large$&fmt=auto&qlt=default
남성,패션소품,모두보기,aren-비세토스-라봇-참,MXZGSTA14SV001,MXZGSTA14SV001,1,https://kr.mcmworldwide.com/ko_KR/%EB%82%A8%EC%84%B1/%ED%8C%A8%EC%85%98%EC%86%8C%ED%92%88/%EB%AA%A8%EB%91%90%EB%B3%B4%EA%B8%B0/aren-%EB%B9%84%EC%84%B8%ED%86%A0%EC%8A%A4-%EB%9D%BC%EB%B4%87-%EC%B0%B8/MXZGSTA14SV001.html,https://images.mcmworldwide.com/i/mcmworldwide/MXZGSTA14SV001_01/MXZGSTA14SV001/aren-비세토스-라봇-참?$large$&fmt=auto&qlt=default
남성,패션소품,모두보기,aren-인조-퍼-비세토스-마스도그-참,MXZGSTA15PK001,MXZGSTA15PK001,1,https://kr.mcmworldwide.com/ko_KR/%EB%82%A8%EC%84%B1/%ED%8C%A8%EC%85%98%EC%86%8C%ED%92%88/%EB%AA%A8%EB%91%90%EB%B3%B4%EA%B8%B0/aren-%EC%9D%B8%EC%A1%B0-%ED%8D%BC-%EB%B9%84%EC%84%B8%ED%86%A0%EC%8A%A4-%EB%A7%88%EC%8A%A4%EB%8F%84%EA%B7%B8-%EC%B0%B8/MXZGSTA15PK001.html,https://images.mcmworldwide.com/i/mcmworldwide/MXZGSTA15PK001_01/MXZGSTA15PK001/aren-인조-퍼-비세토스-마스도그-참?$large$&fmt=auto&qlt=default
남성,패션소품,모두보기,diamant-비세토스-3d-참,MXZGAAK024B001,MXZGAAK024B001;MXZGAAK02PZ001,2,https://kr.mcmworldwide.com/ko_KR/%EB%82%A8%EC%84%B1/%ED%8C%A8%EC%85%98%EC%86%8C%ED%92%88/%EB%AA%A8%EB%91%90%EB%B3%B4%EA%B8%B0/diamant-%EB%B9%84%EC%84%B8%ED%86%A0%EC%8A%A4-3d-%EC%B0%B8/MXZGAAK024B001.html,https://images.mcmworldwide.com/i/mcmworldwide/MXZGAAK024B001_01/MXZGAAK024B001/diamant-비세토스-3d-참?$large$&fmt=auto&qlt=default
남성,패션소품,모두보기,leather-tassel-charm,MXZGATA17BK001,MXZGATA17BK001;MXZGATA17CO001,2,https://kr.mcmworldwide.com/ko_KR/%EB%82%A8%EC%84%B1/%ED%8C%A8%EC%85%98%EC%86%8C%ED%92%88/%EB%AA%A8%EB%91%90%EB%B3%B4%EA%B8%B0/leather-tassel-charm/MXZGATA17BK001.html,https://images.mcmworldwide.com/i/mcmworldwide/MXZGATA17BK001_01/MXZGATA17BK001/leather-tassel-charm?$large$&fmt=auto&qlt=default
남성,패션소품,모두보기,비세토스-레더-믹스-m50-로고-참,MXZGATA161I001,MXZGATA161I001;MXZGATA16Q7001,2,https://kr.mcmworldwide.com/ko_KR/%EB%82%A8%EC%84%B1/%ED%8C%A8%EC%85%98%EC%86%8C%ED%92%88/%EB%AA%A8%EB%91%90%EB%B3%B4%EA%B8%B0/%EB%B9%84%EC%84%B8%ED%86%A0%EC%8A%A4-%EB%A0%88%EB%8D%94-%EB%AF%B9%EC%8A%A4-m50-%EB%A1%9C%EA%B3%A0-%EC%B0%B8/MXZGATA161I001.html,https://images.mcmworldwide.com/i/mcmworldwide/MXZGATA161I001_01/MXZGATA161I001/비세토스-레더-믹스-m50-로고-참?$large$&fmt=auto&qlt=default
남성,패션소품,모두보기,m-art-비세토스-리버서블-벨트-3.8cm,MXBFAUM02K8001,MXBFAUM02K8001,1,https://kr.mcmworldwide.com/ko_KR/%EB%82%A8%EC%84%B1/%ED%8C%A8%EC%85%98%EC%86%8C%ED%92%88/%EB%AA%A8%EB%91%90%EB%B3%B4%EA%B8%B0/m-art-%EB%B9%84%EC%84%B8%ED%86%A0%EC%8A%A4-%EB%A6%AC%EB%B2%84%EC%84%9C%EB%B8%94-%EB%B2%A8%ED%8A%B8-3.8cm/MXBFAUM02K8001.html,https://images.mcmworldwide.com/i/mcmworldwide/MXBFAUM02K8001_01/MXBFAUM02K8001/m-art-비세토스-리버서블-벨트-3.8cm?$large$&fmt=auto&qlt=default
남성,패션소품,모두보기,mcm-비세토스-파크-래빗-참,MXZAAVI16CO001,MXZAAVI16CO001,1,https://kr.mcmworldwide.com/ko_KR/%EB%82%A8%EC%84%B1/%ED%8C%A8%EC%85%98%EC%86%8C%ED%92%88/%EB%AA%A8%EB%91%90%EB%B3%B4%EA%B8%B0/mcm-%EB%B9%84%EC%84%B8%ED%86%A0%EC%8A%A4-%ED%8C%8C%ED%81%AC-%EB%9E%98%EB%B9%97-%EC%B0%B8/MXZAAVI16CO001.html,https://images.mcmworldwide.com/i/mcmworldwide/MXZAAVI16CO001_01/MXZAAVI16CO001/mcm-비세토스-파크-래빗-참?$large$&fmt=auto&qlt=default
남성,패션소품,모두보기,mcm-파크-베어-참,MXZAAXL01CO001,MXZAAXL01CO001,1,https://kr.mcmworldwide.com/ko_KR/%EB%82%A8%EC%84%B1/%ED%8C%A8%EC%85%98%EC%86%8C%ED%92%88/%EB%AA%A8%EB%91%90%EB%B3%B4%EA%B8%B0/mcm-%ED%8C%8C%ED%81%AC-%EB%B2%A0%EC%96%B4-%EC%B0%B8/MXZAAXL01CO001.html,https://images.mcmworldwide.com/i/mcmworldwide/MXZAAXL01CO001_01/MXZAAXL01CO001/mcm-파크-베어-참?$large$&fmt=auto&qlt=default
남성,패션소품,모두보기,mcm-비세토스-파크베어-참,MXZFSTA11CO001,MXZFSTA11CO001,1,https://kr.mcmworldwide.com/ko_KR/%EB%82%A8%EC%84%B1/%ED%8C%A8%EC%85%98%EC%86%8C%ED%92%88/%EB%AA%A8%EB%91%90%EB%B3%B4%EA%B8%B0/mcm-%EB%B9%84%EC%84%B8%ED%86%A0%EC%8A%A4-%ED%8C%8C%ED%81%AC%EB%B2%A0%EC%96%B4-%EC%B0%B8/MXZFSTA11CO001.html,https://images.mcmworldwide.com/i/mcmworldwide/MXZFSTA11CO001_01/MXZFSTA11CO001/mcm-비세토스-파크베어-참?$large$&fmt=auto&qlt=default
남성,패션소품,모두보기,mcm-x-be@rbrick-가죽-스트랩이-더해진-아크릴-참,MXZFATA27CO001,MXZFATA27CO001,1,https://kr.mcmworldwide.com/ko_KR/%EB%82%A8%EC%84%B1/%ED%8C%A8%EC%85%98%EC%86%8C%ED%92%88/%EB%AA%A8%EB%91%90%EB%B3%B4%EA%B8%B0/mcm-x-be%40rbrick-%EA%B0%80%EC%A3%BD-%EC%8A%A4%ED%8A%B8%EB%9E%A9%EC%9D%B4-%EB%8D%94%ED%95%B4%EC%A7%84-%EC%95%84%ED%81%AC%EB%A6%B4-%EC%B0%B8/MXZFATA27CO001.html,https://images.mcmworldwide.com/i/mcmworldwide/MXZFATA27CO001_01/MXZFATA27CO001/mcm-x-be@rbrick-가죽-스트랩이-더해진-아크릴-참?$large$&fmt=auto&qlt=default
남성,패션소품,모두보기,mcm-x-casetify-airpods-파우치-참,MXZGSTA23BK001,MXZGSTA23BK001,1,https://kr.mcmworldwide.com/ko_KR/%EB%82%A8%EC%84%B1/%ED%8C%A8%EC%85%98%EC%86%8C%ED%92%88/%EB%AA%A8%EB%91%90%EB%B3%B4%EA%B8%B0/mcm-x-casetify-airpods-%ED%8C%8C%EC%9A%B0%EC%B9%98-%EC%B0%B8/MXZGSTA23BK001.html,https://images.mcmworldwide.com/i/mcmworldwide/MXZGSTA23BK001_01/MXZGSTA23BK001/mcm-x-casetify-airpods-파우치-참?$large$&fmt=auto&qlt=default
남성,패션소품,모두보기,mcm-x-we-the-best-비세토스-참,MXZGATA23CO001,MXZGATA23CO001,1,https://kr.mcmworldwide.com/ko_KR/%EB%82%A8%EC%84%B1/%ED%8C%A8%EC%85%98%EC%86%8C%ED%92%88/%EB%AA%A8%EB%91%90%EB%B3%B4%EA%B8%B0/mcm-x-we-the-best-%EB%B9%84%EC%84%B8%ED%86%A0%EC%8A%A4-%EC%B0%B8/MXZGATA23CO001.html,https://images.mcmworldwide.com/i/mcmworldwide/MXZGATA23CO001_01/MXZGATA23CO001/mcm-x-we-the-best-비세토스-참?$large$&fmt=auto&qlt=default
남성,패션소품,모두보기,mode-travia-비세토스-리버서블-벨트,MYBDSLD05FP001,MYBDSLD05FP001;MYBDSLD05QZ001,2,https://kr.mcmworldwide.com/ko_KR/%EB%82%A8%EC%84%B1/%ED%8C%A8%EC%85%98%EC%86%8C%ED%92%88/%EB%AA%A8%EB%91%90%EB%B3%B4%EA%B8%B0/mode-travia-%EB%B9%84%EC%84%B8%ED%86%A0%EC%8A%A4-%EB%A6%AC%EB%B2%84%EC%84%9C%EB%B8%94-%EB%B2%A8%ED%8A%B8/MYBDSLD05FP001.html,https://images.mcmworldwide.com/i/mcmworldwide/MYBDSLD05FP001_01/MYBDSLD05FP001/mode-travia-비세토스-리버서블-벨트?$large$&fmt=auto&qlt=default
남성,패션소품,모두보기,비세토스-양털-베어-참,MXZEATA04NR001,MXZEATA04NR001,1,https://kr.mcmworldwide.com/ko_KR/%EB%82%A8%EC%84%B1/%ED%8C%A8%EC%85%98%EC%86%8C%ED%92%88/%EB%AA%A8%EB%91%90%EB%B3%B4%EA%B8%B0/%EB%B9%84%EC%84%B8%ED%86%A0%EC%8A%A4-%EC%96%91%ED%84%B8-%EB%B2%A0%EC%96%B4-%EC%B0%B8/MXZEATA04NR001.html,https://images.mcmworldwide.com/i/mcmworldwide/MXZEATA04NR001_01/MXZEATA04NR001/비세토스-양털-베어-참?$large$&fmt=auto&qlt=default
남성,패션소품,모두보기,비세토스-양털-오리-참,MXZEATA05YW001,MXZEATA05YW001,1,https://kr.mcmworldwide.com/ko_KR/%EB%82%A8%EC%84%B1/%ED%8C%A8%EC%85%98%EC%86%8C%ED%92%88/%EB%AA%A8%EB%91%90%EB%B3%B4%EA%B8%B0/%EB%B9%84%EC%84%B8%ED%86%A0%EC%8A%A4-%EC%96%91%ED%84%B8-%EC%98%A4%EB%A6%AC-%EC%B0%B8/MXZEATA05YW001.html,https://images.mcmworldwide.com/i/mcmworldwide/MXZEATA05YW001_01/MXZEATA05YW001/비세토스-양털-오리-참?$large$&fmt=auto&qlt=default
남성,패션소품,모두보기,비세토스-양털-래빗-참,MXZEATA07WT001,MXZEATA07WT001,1,https://kr.mcmworldwide.com/ko_KR/%EB%82%A8%EC%84%B1/%ED%8C%A8%EC%85%98%EC%86%8C%ED%92%88/%EB%AA%A8%EB%91%90%EB%B3%B4%EA%B8%B0/%EB%B9%84%EC%84%B8%ED%86%A0%EC%8A%A4-%EC%96%91%ED%84%B8-%EB%9E%98%EB%B9%97-%EC%B0%B8/MXZEATA07WT001.html,https://images.mcmworldwide.com/i/mcmworldwide/MXZEATA07WT001_01/MXZEATA07WT001/비세토스-양털-래빗-참?$large$&fmt=auto&qlt=default
남성,패션소품,모두보기,몬스터-볼-참,MXZFSTA14XC001,MXZFSTA14XC001,1,https://kr.mcmworldwide.com/ko_KR/%EB%82%A8%EC%84%B1/%ED%8C%A8%EC%85%98%EC%86%8C%ED%92%88/%EB%AA%A8%EB%91%90%EB%B3%B4%EA%B8%B0/%EB%AA%AC%EC%8A%A4%ED%84%B0-%EB%B3%BC-%EC%B0%B8/MXZFSTA14XC001.html,https://images.mcmworldwide.com/i/mcmworldwide/MXZFSTA14XC001_01/MXZFSTA14XC001/몬스터-볼-참?$large$&fmt=auto&qlt=default
남성,패션소품,모두보기,비세토스-레더-믹스-디스코-턴테이블-참,MXZGATA181I001,MXZGATA181I001;MXZGATA18Y0001,2,https://kr.mcmworldwide.com/ko_KR/%EB%82%A8%EC%84%B1/%ED%8C%A8%EC%85%98%EC%86%8C%ED%92%88/%EB%AA%A8%EB%91%90%EB%B3%B4%EA%B8%B0/%EB%B9%84%EC%84%B8%ED%86%A0%EC%8A%A4-%EB%A0%88%EB%8D%94-%EB%AF%B9%EC%8A%A4-%EB%94%94%EC%8A%A4%EC%BD%94-%ED%84%B4%ED%85%8C%EC%9D%B4%EB%B8%94-%EC%B0%B8/MXZGATA181I001.html,https://images.mcmworldwide.com/i/mcmworldwide/MXZGATA181I001_01/MXZGATA181I001/비세토스-레더-믹스-디스코-턴테이블-참?$large$&fmt=auto&qlt=default
남성,패션소품,모두보기,모드-트라비아-슬라이딩-버클-엠보스드-레더-리버서블-벨트,MYBCSLM03BK100,MYBCSLM03BK100;MYBCSLM03CO100,2,https://kr.mcmworldwide.com/ko_KR/%EB%82%A8%EC%84%B1/%ED%8C%A8%EC%85%98%EC%86%8C%ED%92%88/%EB%AA%A8%EB%91%90%EB%B3%B4%EA%B8%B0/%EB%AA%A8%EB%93%9C-%ED%8A%B8%EB%9D%BC%EB%B9%84%EC%95%84-%EC%8A%AC%EB%9D%BC%EC%9D%B4%EB%94%A9-%EB%B2%84%ED%81%B4-%EC%97%A0%EB%B3%B4%EC%8A%A4%EB%93%9C-%EB%A0%88%EB%8D%94-%EB%A6%AC%EB%B2%84%EC%84%9C%EB%B8%94-%EB%B2%A8%ED%8A%B8/MYBCSLM03BK100.html,https://images.mcmworldwide.com/i/mcmworldwide/MYBCSLM03BK100_01/MYBCSLM03BK100/모드-트라비아-슬라이딩-버클-엠보스드-레더-리버서블-벨트?$large$&fmt=auto&qlt=default
남성,패션소품,모자,disco-로고-자수-코튼-트윌-캡,MECGAMM01BK001,MECGAMM01BK001,1,https://kr.mcmworldwide.com/ko_KR/%EB%82%A8%EC%84%B1/%ED%8C%A8%EC%85%98%EC%86%8C%ED%92%88/%EB%AA%A8%EC%9E%90/disco-%EB%A1%9C%EA%B3%A0-%EC%9E%90%EC%88%98-%EC%BD%94%ED%8A%BC-%ED%8A%B8%EC%9C%8C-%EC%BA%A1/MECGAMM01BK001.html,https://images.mcmworldwide.com/i/mcmworldwide/MECGAMM01BK001_01/MECGAMM01BK001/disco-로고-자수-코튼-트윌-캡?$large$&fmt=auto&qlt=default
남성,패션소품,모자,econyl®과-가죽-클래식-캡,MECFAMM01IG001,MECFAMM01IG001,1,https://kr.mcmworldwide.com/ko_KR/%EB%82%A8%EC%84%B1/%ED%8C%A8%EC%85%98%EC%86%8C%ED%92%88/%EB%AA%A8%EC%9E%90/econyl%C2%AE%EA%B3%BC-%EA%B0%80%EC%A3%BD-%ED%81%B4%EB%9E%98%EC%8B%9D-%EC%BA%A1/MECFAMM01IG001.html,https://images.mcmworldwide.com/i/mcmworldwide/MECFAMM01IG001_01/MECFAMM01IG001/econyl®과-가죽-클래식-캡?$large$&fmt=auto&qlt=default
남성,패션소품,모자,econyl®-가죽-클래식-캡,MECFAMM01K8001,MECFAMM01K8001,1,https://kr.mcmworldwide.com/ko_KR/%EB%82%A8%EC%84%B1/%ED%8C%A8%EC%85%98%EC%86%8C%ED%92%88/%EB%AA%A8%EC%9E%90/econyl%C2%AE-%EA%B0%80%EC%A3%BD-%ED%81%B4%EB%9E%98%EC%8B%9D-%EC%BA%A1/MECFAMM01K8001.html,https://images.mcmworldwide.com/i/mcmworldwide/MECFAMM01K8001_01/MECFAMM01K8001/econyl®-가죽-클래식-캡?$large$&fmt=auto&qlt=default
남성,패션소품,모자,모노그램-프린트-econyl®-패디드-버킷-헷,MEHFAMM02CO058,MEHFAMM02CO058,1,https://kr.mcmworldwide.com/ko_KR/%EB%82%A8%EC%84%B1/%ED%8C%A8%EC%85%98%EC%86%8C%ED%92%88/%EB%AA%A8%EC%9E%90/%EB%AA%A8%EB%85%B8%EA%B7%B8%EB%9E%A8-%ED%94%84%EB%A6%B0%ED%8A%B8-econyl%C2%AE-%ED%8C%A8%EB%94%94%EB%93%9C-%EB%B2%84%ED%82%B7-%ED%97%B7/MEHFAMM02CO058.html,https://images.mcmworldwide.com/i/mcmworldwide/MEHFAMM02CO058_01/MEHFAMM02CO058/모노그램-프린트-econyl®-패디드-버킷-헷?$large$&fmt=auto&qlt=default
남성,패션소품,모자,mcm-x-ateez-with-mingi-로고-캡,MECGAMM03BK001,MECGAMM03BK001,1,https://kr.mcmworldwide.com/ko_KR/%EB%82%A8%EC%84%B1/%ED%8C%A8%EC%85%98%EC%86%8C%ED%92%88/%EB%AA%A8%EC%9E%90/mcm-x-ateez-with-mingi-%EB%A1%9C%EA%B3%A0-%EC%BA%A1/MECGAMM03BK001.html,https://images.mcmworldwide.com/i/mcmworldwide/MECGAMM03BK001_01/MECGAMM03BK001/mcm-x-ateez-with-mingi-로고-캡?$large$&fmt=auto&qlt=default
남성,패션소품,모자,코튼-트윌-에센셜-로고-캡,MECESBC01CO001,MECESBC01CO001;MECESBC01VD001,2,https://kr.mcmworldwide.com/ko_KR/%EB%82%A8%EC%84%B1/%ED%8C%A8%EC%85%98%EC%86%8C%ED%92%88/%EB%AA%A8%EC%9E%90/%EC%BD%94%ED%8A%BC-%ED%8A%B8%EC%9C%8C-%EC%97%90%EC%84%BC%EC%85%9C-%EB%A1%9C%EA%B3%A0-%EC%BA%A1/MECESBC01CO001.html,https://images.mcmworldwide.com/i/mcmworldwide/MECESBC01CO001_01/MECESBC01CO001/코튼-트윌-에센셜-로고-캡?$large$&fmt=auto&qlt=default
남성,패션소품,모자,모노그램-데님-자카드-클래식-캡,MECFAMM02HD001,MECFAMM02HD001,1,https://kr.mcmworldwide.com/ko_KR/%EB%82%A8%EC%84%B1/%ED%8C%A8%EC%85%98%EC%86%8C%ED%92%88/%EB%AA%A8%EC%9E%90/%EB%AA%A8%EB%85%B8%EA%B7%B8%EB%9E%A8-%EB%8D%B0%EB%8B%98-%EC%9E%90%EC%B9%B4%EB%93%9C-%ED%81%B4%EB%9E%98%EC%8B%9D-%EC%BA%A1/MECFAMM02HD001.html,https://images.mcmworldwide.com/i/mcmworldwide/MECFAMM02HD001_01/MECFAMM02HD001/모노그램-데님-자카드-클래식-캡?$large$&fmt=auto&qlt=default
남성,패션소품,모자,코튼-트윌-에센셜-다이아몬드-캡,MECFSBC02BK001,MECFSBC02BK001;MECFSBC02Q6001,2,https://kr.mcmworldwide.com/ko_KR/%EB%82%A8%EC%84%B1/%ED%8C%A8%EC%85%98%EC%86%8C%ED%92%88/%EB%AA%A8%EC%9E%90/%EC%BD%94%ED%8A%BC-%ED%8A%B8%EC%9C%8C-%EC%97%90%EC%84%BC%EC%85%9C-%EB%8B%A4%EC%9D%B4%EC%95%84%EB%AA%AC%EB%93%9C-%EC%BA%A1/MECFSBC02BK001.html,https://images.mcmworldwide.com/i/mcmworldwide/MECFSBC02BK001_01/MECFSBC02BK001/코튼-트윌-에센셜-다이아몬드-캡?$large$&fmt=auto&qlt=default
남성,패션소품,모자,면과-모노그램-프린트-가죽이-더해진-다이아몬드-캡,MECGSMM02CO001,MECGSMM02CO001,1,https://kr.mcmworldwide.com/ko_KR/%EB%82%A8%EC%84%B1/%ED%8C%A8%EC%85%98%EC%86%8C%ED%92%88/%EB%AA%A8%EC%9E%90/%EB%A9%B4%EA%B3%BC-%EB%AA%A8%EB%85%B8%EA%B7%B8%EB%9E%A8-%ED%94%84%EB%A6%B0%ED%8A%B8-%EA%B0%80%EC%A3%BD%EC%9D%B4-%EB%8D%94%ED%95%B4%EC%A7%84-%EB%8B%A4%EC%9D%B4%EC%95%84%EB%AA%AC%EB%93%9C-%EC%BA%A1/MECGSMM02CO001.html,https://images.mcmworldwide.com/i/mcmworldwide/MECGSMM02CO001_01/MECGSMM02CO001/면과-모노그램-프린트-가죽이-더해진-다이아몬드-캡?$large$&fmt=auto&qlt=default
남성,패션소품,모자,라봇-비세토스-클래식-캡,MECGSMM04BK001,MECGSMM04BK001,1,https://kr.mcmworldwide.com/ko_KR/%EB%82%A8%EC%84%B1/%ED%8C%A8%EC%85%98%EC%86%8C%ED%92%88/%EB%AA%A8%EC%9E%90/%EB%9D%BC%EB%B4%87-%EB%B9%84%EC%84%B8%ED%86%A0%EC%8A%A4-%ED%81%B4%EB%9E%98%EC%8B%9D-%EC%BA%A1/MECGSMM04BK001.html,https://images.mcmworldwide.com/i/mcmworldwide/MECGSMM04BK001_01/MECGSMM04BK001/라봇-비세토스-클래식-캡?$large$&fmt=auto&qlt=default
남성,패션소품,모자,비세토스-클래식-캡,MECGSMM064B001,MECGSMM064B001,1,https://kr.mcmworldwide.com/ko_KR/%EB%82%A8%EC%84%B1/%ED%8C%A8%EC%85%98%EC%86%8C%ED%92%88/%EB%AA%A8%EC%9E%90/%EB%B9%84%EC%84%B8%ED%86%A0%EC%8A%A4-%ED%81%B4%EB%9E%98%EC%8B%9D-%EC%BA%A1/MECGSMM064B001.html,https://images.mcmworldwide.com/i/mcmworldwide/MECGSMM064B001_01/MECGSMM064B001/비세토스-클래식-캡?$large$&fmt=auto&qlt=default
남성,패션소품,모자,münchen-폰테-캡,MECGSMM01BW001,MECGSMM01BW001,1,https://kr.mcmworldwide.com/ko_KR/%EB%82%A8%EC%84%B1/%ED%8C%A8%EC%85%98%EC%86%8C%ED%92%88/%EB%AA%A8%EC%9E%90/m%C3%BCnchen-%ED%8F%B0%ED%85%8C-%EC%BA%A1/MECGSMM01BW001.html,https://images.mcmworldwide.com/i/mcmworldwide/MECGSMM01BW001_01/MECGSMM01BW001/münchen-폰테-캡?$large$&fmt=auto&qlt=default
남성,패션소품,벨트,claus-엠보스드-레더-플루티드-m-벨트-3.8-cm,MXBFSCJ04BK100,MXBFSCJ04BK100;MXBFSCJ04BK110,2,https://kr.mcmworldwide.com/ko_KR/%EB%82%A8%EC%84%B1/%ED%8C%A8%EC%85%98%EC%86%8C%ED%92%88/%EB%B2%A8%ED%8A%B8/claus-%EC%97%A0%EB%B3%B4%EC%8A%A4%EB%93%9C-%EB%A0%88%EB%8D%94-%ED%94%8C%EB%A3%A8%ED%8B%B0%EB%93%9C-m-%EB%B2%A8%ED%8A%B8-3.8-cm/MXBFSCJ04BK100.html,https://images.mcmworldwide.com/i/mcmworldwide/MXBFSCJ04BK100_01/MXBFSCJ04BK100/claus-엠보스드-레더-플루티드-m-벨트-3.8-cm?$large$&fmt=auto&qlt=default
남성,패션소품,선글라스,mars-mask-선글라스,MEGGSMM01SV001,MEGGSMM01SV001,1,https://kr.mcmworldwide.com/ko_KR/%EB%82%A8%EC%84%B1/%ED%8C%A8%EC%85%98%EC%86%8C%ED%92%88/%EC%84%A0%EA%B8%80%EB%9D%BC%EC%8A%A4/mars-mask-%EC%84%A0%EA%B8%80%EB%9D%BC%EC%8A%A4/MEGGSMM01SV001.html,https://images.mcmworldwide.com/i/mcmworldwide/MEGGSMM01SV001_01/MEGGSMM01SV001/mars-mask-선글라스?$large$&fmt=auto&qlt=default
남성,패션소품,선글라스,네비게이터-선글라스,MEGEAMM06BK001,MEGEAMM06BK001,1,https://kr.mcmworldwide.com/ko_KR/%EB%82%A8%EC%84%B1/%ED%8C%A8%EC%85%98%EC%86%8C%ED%92%88/%EC%84%A0%EA%B8%80%EB%9D%BC%EC%8A%A4/%EB%84%A4%EB%B9%84%EA%B2%8C%EC%9D%B4%ED%84%B0-%EC%84%A0%EA%B8%80%EB%9D%BC%EC%8A%A4/MEGEAMM06BK001.html,https://images.mcmworldwide.com/i/mcmworldwide/MEGEAMM06BK001_01/MEGEAMM06BK001/네비게이터-선글라스?$large$&fmt=auto&qlt=default
남성,패션소품,선글라스,라우렐-직사각형-선글라스,MEGEAMM08D2001,MEGEAMM08D2001,1,https://kr.mcmworldwide.com/ko_KR/%EB%82%A8%EC%84%B1/%ED%8C%A8%EC%85%98%EC%86%8C%ED%92%88/%EC%84%A0%EA%B8%80%EB%9D%BC%EC%8A%A4/%EB%9D%BC%EC%9A%B0%EB%A0%90-%EC%A7%81%EC%82%AC%EA%B0%81%ED%98%95-%EC%84%A0%EA%B8%80%EB%9D%BC%EC%8A%A4/MEGEAMM08D2001.html,https://images.mcmworldwide.com/i/mcmworldwide/MEGEAMM08D2001_01/MEGEAMM08D2001/라우렐-직사각형-선글라스?$large$&fmt=auto&qlt=default
남성,패션소품,선글라스,스퀘어-선글라스,MEGEAMM10EG001,MEGEAMM10EG001,1,https://kr.mcmworldwide.com/ko_KR/%EB%82%A8%EC%84%B1/%ED%8C%A8%EC%85%98%EC%86%8C%ED%92%88/%EC%84%A0%EA%B8%80%EB%9D%BC%EC%8A%A4/%EC%8A%A4%ED%80%98%EC%96%B4-%EC%84%A0%EA%B8%80%EB%9D%BC%EC%8A%A4/MEGEAMM10EG001.html,https://images.mcmworldwide.com/i/mcmworldwide/MEGEAMM10EG001_01/MEGEAMM10EG001/스퀘어-선글라스?$large$&fmt=auto&qlt=default
남성,패션소품,선글라스,라우렐-지오메트릭-선글라스,MEGEAMM12BK001,MEGEAMM12BK001;MEGEAMM12CP001,2,https://kr.mcmworldwide.com/ko_KR/%EB%82%A8%EC%84%B1/%ED%8C%A8%EC%85%98%EC%86%8C%ED%92%88/%EC%84%A0%EA%B8%80%EB%9D%BC%EC%8A%A4/%EB%9D%BC%EC%9A%B0%EB%A0%90-%EC%A7%80%EC%98%A4%EB%A9%94%ED%8A%B8%EB%A6%AD-%EC%84%A0%EA%B8%80%EB%9D%BC%EC%8A%A4/MEGEAMM12BK001.html,https://images.mcmworldwide.com/i/mcmworldwide/MEGEAMM12BK001_01/MEGEAMM12BK001/라우렐-지오메트릭-선글라스?$large$&fmt=auto&qlt=default
남성,패션소품,선글라스,모노그램-캣-아이-선글라스,MEGFAMM02NR001,MEGFAMM02NR001,1,https://kr.mcmworldwide.com/ko_KR/%EB%82%A8%EC%84%B1/%ED%8C%A8%EC%85%98%EC%86%8C%ED%92%88/%EC%84%A0%EA%B8%80%EB%9D%BC%EC%8A%A4/%EB%AA%A8%EB%85%B8%EA%B7%B8%EB%9E%A8-%EC%BA%A3-%EC%95%84%EC%9D%B4-%EC%84%A0%EA%B8%80%EB%9D%BC%EC%8A%A4/MEGFAMM02NR001.html,https://images.mcmworldwide.com/i/mcmworldwide/MEGFAMM02NR001_01/MEGFAMM02NR001/모노그램-캣-아이-선글라스?$large$&fmt=auto&qlt=default
남성,패션소품,선글라스,모노그램-쉴드-선글라스,MEGFAMM03BK001,MEGFAMM03BK001,1,https://kr.mcmworldwide.com/ko_KR/%EB%82%A8%EC%84%B1/%ED%8C%A8%EC%85%98%EC%86%8C%ED%92%88/%EC%84%A0%EA%B8%80%EB%9D%BC%EC%8A%A4/%EB%AA%A8%EB%85%B8%EA%B7%B8%EB%9E%A8-%EC%89%B4%EB%93%9C-%EC%84%A0%EA%B8%80%EB%9D%BC%EC%8A%A4/MEGFAMM03BK001.html,https://images.mcmworldwide.com/i/mcmworldwide/MEGFAMM03BK001_01/MEGFAMM03BK001/모노그램-쉴드-선글라스?$large$&fmt=auto&qlt=default
남성,패션소품,선글라스,에비에이터-선글라스,MEGFAMM04LU001,MEGFAMM04LU001,1,https://kr.mcmworldwide.com/ko_KR/%EB%82%A8%EC%84%B1/%ED%8C%A8%EC%85%98%EC%86%8C%ED%92%88/%EC%84%A0%EA%B8%80%EB%9D%BC%EC%8A%A4/%EC%97%90%EB%B9%84%EC%97%90%EC%9D%B4%ED%84%B0-%EC%84%A0%EA%B8%80%EB%9D%BC%EC%8A%A4/MEGFAMM04LU001.html,https://images.mcmworldwide.com/i/mcmworldwide/MEGFAMM04LU001_01/MEGFAMM04LU001/에비에이터-선글라스?$large$&fmt=auto&qlt=default
남성,패션소품,선글라스,직사각형-선글라스,MEGFSMM011D001,MEGFSMM011D001,1,https://kr.mcmworldwide.com/ko_KR/%EB%82%A8%EC%84%B1/%ED%8C%A8%EC%85%98%EC%86%8C%ED%92%88/%EC%84%A0%EA%B8%80%EB%9D%BC%EC%8A%A4/%EC%A7%81%EC%82%AC%EA%B0%81%ED%98%95-%EC%84%A0%EA%B8%80%EB%9D%BC%EC%8A%A4/MEGFSMM011D001.html,https://images.mcmworldwide.com/i/mcmworldwide/MEGFSMM011D001_01/MEGFSMM011D001/직사각형-선글라스?$large$&fmt=auto&qlt=default
남성,패션소품,선글라스,오버사이즈-스퀘어-선글라스,MEGFSMM05BK001,MEGFSMM05BK001;MEGFSMM05CM001,2,https://kr.mcmworldwide.com/ko_KR/%EB%82%A8%EC%84%B1/%ED%8C%A8%EC%85%98%EC%86%8C%ED%92%88/%EC%84%A0%EA%B8%80%EB%9D%BC%EC%8A%A4/%EC%98%A4%EB%B2%84%EC%82%AC%EC%9D%B4%EC%A6%88-%EC%8A%A4%ED%80%98%EC%96%B4-%EC%84%A0%EA%B8%80%EB%9D%BC%EC%8A%A4/MEGFSMM05BK001.html,https://images.mcmworldwide.com/i/mcmworldwide/MEGFSMM05BK001_01/MEGFSMM05BK001/오버사이즈-스퀘어-선글라스?$large$&fmt=auto&qlt=default
남성,패션소품,선글라스,지오메트릭-선글라스,MEGFSMM11CM001,MEGFSMM11CM001;MEGFSMM11PR001,2,https://kr.mcmworldwide.com/ko_KR/%EB%82%A8%EC%84%B1/%ED%8C%A8%EC%85%98%EC%86%8C%ED%92%88/%EC%84%A0%EA%B8%80%EB%9D%BC%EC%8A%A4/%EC%A7%80%EC%98%A4%EB%A9%94%ED%8A%B8%EB%A6%AD-%EC%84%A0%EA%B8%80%EB%9D%BC%EC%8A%A4/MEGFSMM11CM001.html,https://images.mcmworldwide.com/i/mcmworldwide/MEGFSMM11CM001_01/MEGFSMM11CM001/지오메트릭-선글라스?$large$&fmt=auto&qlt=default
남성,패션소품,선글라스,지오메트릭-쉴드-선글라스,MEGGSMM02NH001,MEGGSMM02NH001;MEGGSMM02SV001;MEGGSMM03IG001,3,https://kr.mcmworldwide.com/ko_KR/%EB%82%A8%EC%84%B1/%ED%8C%A8%EC%85%98%EC%86%8C%ED%92%88/%EC%84%A0%EA%B8%80%EB%9D%BC%EC%8A%A4/%EC%A7%80%EC%98%A4%EB%A9%94%ED%8A%B8%EB%A6%AD-%EC%89%B4%EB%93%9C-%EC%84%A0%EA%B8%80%EB%9D%BC%EC%8A%A4/MEGGSMM02NH001.html,https://images.mcmworldwide.com/i/mcmworldwide/MEGGSMM02NH001_01/MEGGSMM02NH001/지오메트릭-쉴드-선글라스?$large$&fmt=auto&qlt=default
남성,패션소품,스카프-머플러,2컬러-모노그램-자카드-스톨,MEFESMM01CO001,MEFESMM01CO001,1,https://kr.mcmworldwide.com/ko_KR/%EB%82%A8%EC%84%B1/%ED%8C%A8%EC%85%98%EC%86%8C%ED%92%88/%EC%8A%A4%EC%B9%B4%ED%94%84-%EB%A8%B8%ED%94%8C%EB%9F%AC/2%EC%BB%AC%EB%9F%AC-%EB%AA%A8%EB%85%B8%EA%B7%B8%EB%9E%A8-%EC%9E%90%EC%B9%B4%EB%93%9C-%EC%8A%A4%ED%86%A8/MEFESMM01CO001.html,https://images.mcmworldwide.com/i/mcmworldwide/MEFESMM01CO001_01/MEFESMM01CO001/2컬러-모노그램-자카드-스톨?$large$&fmt=auto&qlt=default
남성,패션소품,스카프-머플러,disco-모노그램-스카프,MEFGAMM03Q7001,MEFGAMM03Q7001,1,https://kr.mcmworldwide.com/ko_KR/%EB%82%A8%EC%84%B1/%ED%8C%A8%EC%85%98%EC%86%8C%ED%92%88/%EC%8A%A4%EC%B9%B4%ED%94%84-%EB%A8%B8%ED%94%8C%EB%9F%AC/disco-%EB%AA%A8%EB%85%B8%EA%B7%B8%EB%9E%A8-%EC%8A%A4%EC%B9%B4%ED%94%84/MEFGAMM03Q7001.html,https://images.mcmworldwide.com/i/mcmworldwide/MEFGAMM03Q7001_01/MEFGAMM03Q7001/disco-모노그램-스카프?$large$&fmt=auto&qlt=default
남성,패션소품,스카프-머플러,모노그램-프린트-반다나-스카프,MEFAAMM08CO001,MEFAAMM08CO001,1,https://kr.mcmworldwide.com/ko_KR/%EB%82%A8%EC%84%B1/%ED%8C%A8%EC%85%98%EC%86%8C%ED%92%88/%EC%8A%A4%EC%B9%B4%ED%94%84-%EB%A8%B8%ED%94%8C%EB%9F%AC/%EB%AA%A8%EB%85%B8%EA%B7%B8%EB%9E%A8-%ED%94%84%EB%A6%B0%ED%8A%B8-%EB%B0%98%EB%8B%A4%EB%82%98-%EC%8A%A4%EC%B9%B4%ED%94%84/MEFAAMM08CO001.html,https://images.mcmworldwide.com/i/mcmworldwide/MEFAAMM08CO001_01/MEFAAMM08CO001/모노그램-프린트-반다나-스카프?$large$&fmt=auto&qlt=default
남성,패션소품,스카프-머플러,로레토스-모노그램-반다나-스카프,MEFEAMM07CO001,MEFEAMM07CO001;MEFEAMM07VC001,2,https://kr.mcmworldwide.com/ko_KR/%EB%82%A8%EC%84%B1/%ED%8C%A8%EC%85%98%EC%86%8C%ED%92%88/%EC%8A%A4%EC%B9%B4%ED%94%84-%EB%A8%B8%ED%94%8C%EB%9F%AC/%EB%A1%9C%EB%A0%88%ED%86%A0%EC%8A%A4-%EB%AA%A8%EB%85%B8%EA%B7%B8%EB%9E%A8-%EB%B0%98%EB%8B%A4%EB%82%98-%EC%8A%A4%EC%B9%B4%ED%94%84/MEFEAMM07CO001.html,https://images.mcmworldwide.com/i/mcmworldwide/MEFEAMM07CO001_01/MEFEAMM07CO001/로레토스-모노그램-반다나-스카프?$large$&fmt=auto&qlt=default
남성,패션소품,스카프-머플러,리버서블-로레토스-자카드-울-스톨,MEFFSMM06Q6001,MEFFSMM06Q6001,1,https://kr.mcmworldwide.com/ko_KR/%EB%82%A8%EC%84%B1/%ED%8C%A8%EC%85%98%EC%86%8C%ED%92%88/%EC%8A%A4%EC%B9%B4%ED%94%84-%EB%A8%B8%ED%94%8C%EB%9F%AC/%EB%A6%AC%EB%B2%84%EC%84%9C%EB%B8%94-%EB%A1%9C%EB%A0%88%ED%86%A0%EC%8A%A4-%EC%9E%90%EC%B9%B4%EB%93%9C-%EC%9A%B8-%EC%8A%A4%ED%86%A8/MEFFSMM06Q6001.html,https://images.mcmworldwide.com/i/mcmworldwide/MEFFSMM06Q6001_01/MEFFSMM06Q6001/리버서블-로레토스-자카드-울-스톨?$large$&fmt=auto&qlt=default
남성,패션소품,스카프-머플러,투톤-모노그램-자카드-울-스톨,MEFGAMM01PZ001,MEFGAMM01PZ001,1,https://kr.mcmworldwide.com/ko_KR/%EB%82%A8%EC%84%B1/%ED%8C%A8%EC%85%98%EC%86%8C%ED%92%88/%EC%8A%A4%EC%B9%B4%ED%94%84-%EB%A8%B8%ED%94%8C%EB%9F%AC/%ED%88%AC%ED%86%A4-%EB%AA%A8%EB%85%B8%EA%B7%B8%EB%9E%A8-%EC%9E%90%EC%B9%B4%EB%93%9C-%EC%9A%B8-%EC%8A%A4%ED%86%A8/MEFGAMM01PZ001.html,https://images.mcmworldwide.com/i/mcmworldwide/MEFGAMM01PZ001_01/MEFGAMM01PZ001/투톤-모노그램-자카드-울-스톨?$large$&fmt=auto&qlt=default
남성,패션소품,스카프-머플러,모노그램-프린트-트라이엥글-실크-스카프,MEFGAMM11CO001,MEFGAMM11CO001;MEFGAMM11PZ001,2,https://kr.mcmworldwide.com/ko_KR/%EB%82%A8%EC%84%B1/%ED%8C%A8%EC%85%98%EC%86%8C%ED%92%88/%EC%8A%A4%EC%B9%B4%ED%94%84-%EB%A8%B8%ED%94%8C%EB%9F%AC/%EB%AA%A8%EB%85%B8%EA%B7%B8%EB%9E%A8-%ED%94%84%EB%A6%B0%ED%8A%B8-%ED%8A%B8%EB%9D%BC%EC%9D%B4%EC%97%A5%EA%B8%80-%EC%8B%A4%ED%81%AC-%EC%8A%A4%EC%B9%B4%ED%94%84/MEFGAMM11CO001.html,https://images.mcmworldwide.com/i/mcmworldwide/MEFGAMM11CO001_01/MEFGAMM11CO001/모노그램-프린트-트라이엥글-실크-스카프?$large$&fmt=auto&qlt=default
남성,패션소품,스카프-머플러,라봇-모노그램-프린트-반다나-스카프,MEFGSMM04CO001,MEFGSMM04CO001,1,https://kr.mcmworldwide.com/ko_KR/%EB%82%A8%EC%84%B1/%ED%8C%A8%EC%85%98%EC%86%8C%ED%92%88/%EC%8A%A4%EC%B9%B4%ED%94%84-%EB%A8%B8%ED%94%8C%EB%9F%AC/%EB%9D%BC%EB%B4%87-%EB%AA%A8%EB%85%B8%EA%B7%B8%EB%9E%A8-%ED%94%84%EB%A6%B0%ED%8A%B8-%EB%B0%98%EB%8B%A4%EB%82%98-%EC%8A%A4%EC%B9%B4%ED%94%84/MEFGSMM04CO001.html,https://images.mcmworldwide.com/i/mcmworldwide/MEFGSMM04CO001_01/MEFGSMM04CO001/라봇-모노그램-프린트-반다나-스카프?$large$&fmt=auto&qlt=default
남성,패션소품,스카프-머플러,모노그램-울-자카드-넥-워머,MEFGSMM05BK001,MEFGSMM05BK001,1,https://kr.mcmworldwide.com/ko_KR/%EB%82%A8%EC%84%B1/%ED%8C%A8%EC%85%98%EC%86%8C%ED%92%88/%EC%8A%A4%EC%B9%B4%ED%94%84-%EB%A8%B8%ED%94%8C%EB%9F%AC/%EB%AA%A8%EB%85%B8%EA%B7%B8%EB%9E%A8-%EC%9A%B8-%EC%9E%90%EC%B9%B4%EB%93%9C-%EB%84%A5-%EC%9B%8C%EB%A8%B8/MEFGSMM05BK001.html,https://images.mcmworldwide.com/i/mcmworldwide/MEFGSMM05BK001_01/MEFGSMM05BK001/모노그램-울-자카드-넥-워머?$large$&fmt=auto&qlt=default
남성,패션소품,스카프-머플러,콘트라스트-모노그램-자카드-resilk-스톨,MEFDAMM05CB001,MEFDAMM05CB001,1,https://kr.mcmworldwide.com/ko_KR/%EB%82%A8%EC%84%B1/%ED%8C%A8%EC%85%98%EC%86%8C%ED%92%88/%EC%8A%A4%EC%B9%B4%ED%94%84-%EB%A8%B8%ED%94%8C%EB%9F%AC/%EC%BD%98%ED%8A%B8%EB%9D%BC%EC%8A%A4%ED%8A%B8-%EB%AA%A8%EB%85%B8%EA%B7%B8%EB%9E%A8-%EC%9E%90%EC%B9%B4%EB%93%9C-resilk-%EC%8A%A4%ED%86%A8/MEFDAMM05CB001.html,https://images.mcmworldwide.com/i/mcmworldwide/MEFDAMM05CB001_01/MEFDAMM05CB001/콘트라스트-모노그램-자카드-resilk-스톨?$large$&fmt=auto&qlt=default
라이프스타일,테크-액세서리,(전체),38-41mm-비세토스-apple-watch-밴드,MXZFATT041F001,MXZFATT041F001;MXZFATT04K8001,2,https://kr.mcmworldwide.com/ko_KR/%EB%9D%BC%EC%9D%B4%ED%94%84%EC%8A%A4%ED%83%80%EC%9D%BC/%ED%85%8C%ED%81%AC-%EC%95%A1%EC%84%B8%EC%84%9C%EB%A6%AC/38-41mm-%EB%B9%84%EC%84%B8%ED%86%A0%EC%8A%A4-apple-watch-%EB%B0%B4%EB%93%9C/MXZFATT041F001.html,https://images.mcmworldwide.com/i/mcmworldwide/MXZFATT041F001_01/MXZFATT041F001/38-41mm-비세토스-apple-watch-밴드?$large$&fmt=auto&qlt=default
라이프스타일,테크-액세서리,(전체),38-41mm-비세토스-apple-watch-스트랩,MXZFSTT05CO001,MXZFSTT05CO001;MXZFSTT05PZ001,2,https://kr.mcmworldwide.com/ko_KR/%EB%9D%BC%EC%9D%B4%ED%94%84%EC%8A%A4%ED%83%80%EC%9D%BC/%ED%85%8C%ED%81%AC-%EC%95%A1%EC%84%B8%EC%84%9C%EB%A6%AC/38-41mm-%EB%B9%84%EC%84%B8%ED%86%A0%EC%8A%A4-apple-watch-%EC%8A%A4%ED%8A%B8%EB%9E%A9/MXZFSTT05CO001.html,https://images.mcmworldwide.com/i/mcmworldwide/MXZFSTT05CO001_01/MXZFSTT05CO001/38-41mm-비세토스-apple-watch-스트랩?$large$&fmt=auto&qlt=default
라이프스타일,테크-액세서리,(전체),38-41mm-라봇-비세토스-apple-watch-스트랩,MXZGSTT01BK001,MXZGSTT01BK001;MXZGSTT02CO001,2,https://kr.mcmworldwide.com/ko_KR/%EB%9D%BC%EC%9D%B4%ED%94%84%EC%8A%A4%ED%83%80%EC%9D%BC/%ED%85%8C%ED%81%AC-%EC%95%A1%EC%84%B8%EC%84%9C%EB%A6%AC/38-41mm-%EB%9D%BC%EB%B4%87-%EB%B9%84%EC%84%B8%ED%86%A0%EC%8A%A4-apple-watch-%EC%8A%A4%ED%8A%B8%EB%9E%A9/MXZGSTT01BK001.html,https://images.mcmworldwide.com/i/mcmworldwide/MXZGSTT01BK001_01/MXZGSTT01BK001/38-41mm-라봇-비세토스-apple-watch-스트랩?$large$&fmt=auto&qlt=default
라이프스타일,테크-액세서리,(전체),38-41mm--엠보스드-모노그램-레더-apple-watch-밴드,MXZGSTT03BK001,MXZGSTT03BK001,1,https://kr.mcmworldwide.com/ko_KR/%EB%9D%BC%EC%9D%B4%ED%94%84%EC%8A%A4%ED%83%80%EC%9D%BC/%ED%85%8C%ED%81%AC-%EC%95%A1%EC%84%B8%EC%84%9C%EB%A6%AC/38-41mm--%EC%97%A0%EB%B3%B4%EC%8A%A4%EB%93%9C-%EB%AA%A8%EB%85%B8%EA%B7%B8%EB%9E%A8-%EB%A0%88%EB%8D%94-apple-watch-%EB%B0%B4%EB%93%9C/MXZGSTT03BK001.html,https://images.mcmworldwide.com/i/mcmworldwide/MXZGSTT03BK001_01/MXZGSTT03BK001/38-41mm--엠보스드-모노그램-레더-apple-watch-밴드?$large$&fmt=auto&qlt=default
라이프스타일,테크-액세서리,(전체),42-49mm-비세토스-apple-watch-스트랩,MXZEATT04BK001,MXZEATT04BK001;MXZEATT04CO001,2,https://kr.mcmworldwide.com/ko_KR/%EB%9D%BC%EC%9D%B4%ED%94%84%EC%8A%A4%ED%83%80%EC%9D%BC/%ED%85%8C%ED%81%AC-%EC%95%A1%EC%84%B8%EC%84%9C%EB%A6%AC/42-49mm-%EB%B9%84%EC%84%B8%ED%86%A0%EC%8A%A4-apple-watch-%EC%8A%A4%ED%8A%B8%EB%9E%A9/MXZEATT04BK001.html,https://images.mcmworldwide.com/i/mcmworldwide/MXZEATT04BK001_01/MXZEATT04BK001/42-49mm-비세토스-apple-watch-스트랩?$large$&fmt=auto&qlt=default
라이프스타일,테크-액세서리,(전체),42-49mm-비세토스-apple-watch-밴드,MXZFATT051F001,MXZFATT051F001;MXZFATT05K8001,2,https://kr.mcmworldwide.com/ko_KR/%EB%9D%BC%EC%9D%B4%ED%94%84%EC%8A%A4%ED%83%80%EC%9D%BC/%ED%85%8C%ED%81%AC-%EC%95%A1%EC%84%B8%EC%84%9C%EB%A6%AC/42-49mm-%EB%B9%84%EC%84%B8%ED%86%A0%EC%8A%A4-apple-watch-%EB%B0%B4%EB%93%9C/MXZFATT051F001.html,https://images.mcmworldwide.com/i/mcmworldwide/MXZFATT051F001_01/MXZFATT051F001/42-49mm-비세토스-apple-watch-밴드?$large$&fmt=auto&qlt=default
라이프스타일,테크-액세서리,(전체),42-49mm-라봇-비세토스-apple-watch-스트랩,MXZGSTT04BK001,MXZGSTT04BK001;MXZGSTT05CO001,2,https://kr.mcmworldwide.com/ko_KR/%EB%9D%BC%EC%9D%B4%ED%94%84%EC%8A%A4%ED%83%80%EC%9D%BC/%ED%85%8C%ED%81%AC-%EC%95%A1%EC%84%B8%EC%84%9C%EB%A6%AC/42-49mm-%EB%9D%BC%EB%B4%87-%EB%B9%84%EC%84%B8%ED%86%A0%EC%8A%A4-apple-watch-%EC%8A%A4%ED%8A%B8%EB%9E%A9/MXZGSTT04BK001.html,https://images.mcmworldwide.com/i/mcmworldwide/MXZGSTT04BK001_01/MXZGSTT04BK001/42-49mm-라봇-비세토스-apple-watch-스트랩?$large$&fmt=auto&qlt=default
라이프스타일,테크-액세서리,(전체),비세토스-apple-watch-밴드-,MXZFATT09CO001,MXZFATT09CO001;MXZGSTT07BK001,2,https://kr.mcmworldwide.com/ko_KR/%EB%9D%BC%EC%9D%B4%ED%94%84%EC%8A%A4%ED%83%80%EC%9D%BC/%ED%85%8C%ED%81%AC-%EC%95%A1%EC%84%B8%EC%84%9C%EB%A6%AC/%EB%B9%84%EC%84%B8%ED%86%A0%EC%8A%A4-apple-watch-%EB%B0%B4%EB%93%9C-/MXZFATT09CO001.html,https://images.mcmworldwide.com/i/mcmworldwide/MXZFATT09CO001_01/MXZFATT09CO001/비세토스-apple-watch-밴드-?$large$&fmt=auto&qlt=default
라이프스타일,테크-액세서리,(전체),엠보스드-모노그램-레더-apple-watch-밴드-,MXZGSTT06BK001,MXZGSTT06BK001,1,https://kr.mcmworldwide.com/ko_KR/%EB%9D%BC%EC%9D%B4%ED%94%84%EC%8A%A4%ED%83%80%EC%9D%BC/%ED%85%8C%ED%81%AC-%EC%95%A1%EC%84%B8%EC%84%9C%EB%A6%AC/%EC%97%A0%EB%B3%B4%EC%8A%A4%EB%93%9C-%EB%AA%A8%EB%85%B8%EA%B7%B8%EB%9E%A8-%EB%A0%88%EB%8D%94-apple-watch-%EB%B0%B4%EB%93%9C-/MXZGSTT06BK001.html,https://images.mcmworldwide.com/i/mcmworldwide/MXZGSTT06BK001_01/MXZGSTT06BK001/엠보스드-모노그램-레더-apple-watch-밴드-?$large$&fmt=auto&qlt=default
라이프스타일,테크-액세서리,(전체),비세토스-iphone-16-pro-max-케이스,MXEFATA021F001,MXEFATA021F001;MXEFATA02K8001,2,https://kr.mcmworldwide.com/ko_KR/%EB%9D%BC%EC%9D%B4%ED%94%84%EC%8A%A4%ED%83%80%EC%9D%BC/%ED%85%8C%ED%81%AC-%EC%95%A1%EC%84%B8%EC%84%9C%EB%A6%AC/%EB%B9%84%EC%84%B8%ED%86%A0%EC%8A%A4-iphone-16-pro-max-%EC%BC%80%EC%9D%B4%EC%8A%A4/MXEFATA021F001.html,https://images.mcmworldwide.com/i/mcmworldwide/MXEFATA021F001_01/MXEFATA021F001/비세토스-iphone-16-pro-max-케이스?$large$&fmt=auto&qlt=default
라이프스타일,테크-액세서리,(전체),비세토스-iphone-16-pro-케이스,MXEFATA011F001,MXEFATA011F001;MXEFATA01K8001,2,https://kr.mcmworldwide.com/ko_KR/%EB%9D%BC%EC%9D%B4%ED%94%84%EC%8A%A4%ED%83%80%EC%9D%BC/%ED%85%8C%ED%81%AC-%EC%95%A1%EC%84%B8%EC%84%9C%EB%A6%AC/%EB%B9%84%EC%84%B8%ED%86%A0%EC%8A%A4-iphone-16-pro-%EC%BC%80%EC%9D%B4%EC%8A%A4/MXEFATA011F001.html,https://images.mcmworldwide.com/i/mcmworldwide/MXEFATA011F001_01/MXEFATA011F001/비세토스-iphone-16-pro-케이스?$large$&fmt=auto&qlt=default
라이프스타일,테크-액세서리,(전체),mcm-x-casetify-브라스-플레이트-bioveg-iphone-16-pro-max-케이스,MXEGSTA14CO001,MXEGSTA14CO001,1,https://kr.mcmworldwide.com/ko_KR/%EB%9D%BC%EC%9D%B4%ED%94%84%EC%8A%A4%ED%83%80%EC%9D%BC/%ED%85%8C%ED%81%AC-%EC%95%A1%EC%84%B8%EC%84%9C%EB%A6%AC/mcm-x-casetify-%EB%B8%8C%EB%9D%BC%EC%8A%A4-%ED%94%8C%EB%A0%88%EC%9D%B4%ED%8A%B8-bioveg-iphone-16-pro-max-%EC%BC%80%EC%9D%B4%EC%8A%A4/MXEGSTA14CO001.html,https://images.mcmworldwide.com/i/mcmworldwide/MXEGSTA14CO001_01/MXEGSTA14CO001/mcm-x-casetify-브라스-플레이트-bioveg-iphone-16-pro-max-케이스?$large$&fmt=auto&qlt=default
라이프스타일,테크-액세서리,(전체),mcm-x-casetify-브라스-플레이트-bioveg-iphone-16-pro-케이스,MXEGSTA13CO001,MXEGSTA13CO001,1,https://kr.mcmworldwide.com/ko_KR/%EB%9D%BC%EC%9D%B4%ED%94%84%EC%8A%A4%ED%83%80%EC%9D%BC/%ED%85%8C%ED%81%AC-%EC%95%A1%EC%84%B8%EC%84%9C%EB%A6%AC/mcm-x-casetify-%EB%B8%8C%EB%9D%BC%EC%8A%A4-%ED%94%8C%EB%A0%88%EC%9D%B4%ED%8A%B8-bioveg-iphone-16-pro-%EC%BC%80%EC%9D%B4%EC%8A%A4/MXEGSTA13CO001.html,https://images.mcmworldwide.com/i/mcmworldwide/MXEGSTA13CO001_01/MXEGSTA13CO001/mcm-x-casetify-브라스-플레이트-bioveg-iphone-16-pro-케이스?$large$&fmt=auto&qlt=default
라이프스타일,테크-액세서리,(전체),mcm-x-casetify-로고-미러-iphone-17-pro-max-케이스,MXEGSTA02BK001,MXEGSTA02BK001,1,https://kr.mcmworldwide.com/ko_KR/%EB%9D%BC%EC%9D%B4%ED%94%84%EC%8A%A4%ED%83%80%EC%9D%BC/%ED%85%8C%ED%81%AC-%EC%95%A1%EC%84%B8%EC%84%9C%EB%A6%AC/mcm-x-casetify-%EB%A1%9C%EA%B3%A0-%EB%AF%B8%EB%9F%AC-iphone-17-pro-max-%EC%BC%80%EC%9D%B4%EC%8A%A4/MXEGSTA02BK001.html,https://images.mcmworldwide.com/i/mcmworldwide/MXEGSTA02BK001_01/MXEGSTA02BK001/mcm-x-casetify-로고-미러-iphone-17-pro-max-케이스?$large$&fmt=auto&qlt=default
라이프스타일,테크-액세서리,(전체),mcm-x-casetify-로고-iphone-17-pro-max-케이스,MXEGSTA04CO001,MXEGSTA04CO001,1,https://kr.mcmworldwide.com/ko_KR/%EB%9D%BC%EC%9D%B4%ED%94%84%EC%8A%A4%ED%83%80%EC%9D%BC/%ED%85%8C%ED%81%AC-%EC%95%A1%EC%84%B8%EC%84%9C%EB%A6%AC/mcm-x-casetify-%EB%A1%9C%EA%B3%A0-iphone-17-pro-max-%EC%BC%80%EC%9D%B4%EC%8A%A4/MXEGSTA04CO001.html,https://images.mcmworldwide.com/i/mcmworldwide/MXEGSTA04CO001_01/MXEGSTA04CO001/mcm-x-casetify-로고-iphone-17-pro-max-케이스?$large$&fmt=auto&qlt=default
라이프스타일,테크-액세서리,(전체),mcm-x-casetify-모노그램-iphone-17-pro-max-케이스,MXEGSTA06BK001,MXEGSTA06BK001;MXEGSTA08PK001;MXEGSTA16CO001,3,https://kr.mcmworldwide.com/ko_KR/%EB%9D%BC%EC%9D%B4%ED%94%84%EC%8A%A4%ED%83%80%EC%9D%BC/%ED%85%8C%ED%81%AC-%EC%95%A1%EC%84%B8%EC%84%9C%EB%A6%AC/mcm-x-casetify-%EB%AA%A8%EB%85%B8%EA%B7%B8%EB%9E%A8-iphone-17-pro-max-%EC%BC%80%EC%9D%B4%EC%8A%A4/MXEGSTA06BK001.html,https://images.mcmworldwide.com/i/mcmworldwide/MXEGSTA06BK001_01/MXEGSTA06BK001/mcm-x-casetify-모노그램-iphone-17-pro-max-케이스?$large$&fmt=auto&qlt=default
라이프스타일,테크-액세서리,(전체),mcm-x-casetify-라봇-모노그램-바운스-iphone-17-pro-max-케이스,MXEGSTA10MT001,MXEGSTA10MT001,1,https://kr.mcmworldwide.com/ko_KR/%EB%9D%BC%EC%9D%B4%ED%94%84%EC%8A%A4%ED%83%80%EC%9D%BC/%ED%85%8C%ED%81%AC-%EC%95%A1%EC%84%B8%EC%84%9C%EB%A6%AC/mcm-x-casetify-%EB%9D%BC%EB%B4%87-%EB%AA%A8%EB%85%B8%EA%B7%B8%EB%9E%A8-%EB%B0%94%EC%9A%B4%EC%8A%A4-iphone-17-pro-max-%EC%BC%80%EC%9D%B4%EC%8A%A4/MXEGSTA10MT001.html,https://images.mcmworldwide.com/i/mcmworldwide/MXEGSTA10MT001_01/MXEGSTA10MT001/mcm-x-casetify-라봇-모노그램-바운스-iphone-17-pro-max-케이스?$large$&fmt=auto&qlt=default
라이프스타일,테크-액세서리,(전체),mcm-x-casetify-로켓-iphone-17-pro-max-케이스,MXEGSTA12PK001,MXEGSTA12PK001,1,https://kr.mcmworldwide.com/ko_KR/%EB%9D%BC%EC%9D%B4%ED%94%84%EC%8A%A4%ED%83%80%EC%9D%BC/%ED%85%8C%ED%81%AC-%EC%95%A1%EC%84%B8%EC%84%9C%EB%A6%AC/mcm-x-casetify-%EB%A1%9C%EC%BC%93-iphone-17-pro-max-%EC%BC%80%EC%9D%B4%EC%8A%A4/MXEGSTA12PK001.html,https://images.mcmworldwide.com/i/mcmworldwide/MXEGSTA12PK001_01/MXEGSTA12PK001/mcm-x-casetify-로켓-iphone-17-pro-max-케이스?$large$&fmt=auto&qlt=default
라이프스타일,테크-액세서리,(전체),mcm-x-casetify-로고-미러-iphone-17-pro-케이스,MXEGSTA01BK001,MXEGSTA01BK001,1,https://kr.mcmworldwide.com/ko_KR/%EB%9D%BC%EC%9D%B4%ED%94%84%EC%8A%A4%ED%83%80%EC%9D%BC/%ED%85%8C%ED%81%AC-%EC%95%A1%EC%84%B8%EC%84%9C%EB%A6%AC/mcm-x-casetify-%EB%A1%9C%EA%B3%A0-%EB%AF%B8%EB%9F%AC-iphone-17-pro-%EC%BC%80%EC%9D%B4%EC%8A%A4/MXEGSTA01BK001.html,https://images.mcmworldwide.com/i/mcmworldwide/MXEGSTA01BK001_01/MXEGSTA01BK001/mcm-x-casetify-로고-미러-iphone-17-pro-케이스?$large$&fmt=auto&qlt=default
라이프스타일,테크-액세서리,(전체),mcm-x-casetify-로고-iphone-17-pro-케이스,MXEGSTA03CO001,MXEGSTA03CO001,1,https://kr.mcmworldwide.com/ko_KR/%EB%9D%BC%EC%9D%B4%ED%94%84%EC%8A%A4%ED%83%80%EC%9D%BC/%ED%85%8C%ED%81%AC-%EC%95%A1%EC%84%B8%EC%84%9C%EB%A6%AC/mcm-x-casetify-%EB%A1%9C%EA%B3%A0-iphone-17-pro-%EC%BC%80%EC%9D%B4%EC%8A%A4/MXEGSTA03CO001.html,https://images.mcmworldwide.com/i/mcmworldwide/MXEGSTA03CO001_01/MXEGSTA03CO001/mcm-x-casetify-로고-iphone-17-pro-케이스?$large$&fmt=auto&qlt=default
라이프스타일,테크-액세서리,(전체),mcm-x-casetify-모노그램-iphone-17-pro-케이스,MXEGSTA05BK001,MXEGSTA05BK001;MXEGSTA07PK001;MXEGSTA15CO001,3,https://kr.mcmworldwide.com/ko_KR/%EB%9D%BC%EC%9D%B4%ED%94%84%EC%8A%A4%ED%83%80%EC%9D%BC/%ED%85%8C%ED%81%AC-%EC%95%A1%EC%84%B8%EC%84%9C%EB%A6%AC/mcm-x-casetify-%EB%AA%A8%EB%85%B8%EA%B7%B8%EB%9E%A8-iphone-17-pro-%EC%BC%80%EC%9D%B4%EC%8A%A4/MXEGSTA05BK001.html,https://images.mcmworldwide.com/i/mcmworldwide/MXEGSTA05BK001_01/MXEGSTA05BK001/mcm-x-casetify-모노그램-iphone-17-pro-케이스?$large$&fmt=auto&qlt=default
라이프스타일,테크-액세서리,(전체),mcm-x-casetify-라봇-모노그램-바운스-iphone-17-pro-케이스,MXEGSTA09MT001,MXEGSTA09MT001,1,https://kr.mcmworldwide.com/ko_KR/%EB%9D%BC%EC%9D%B4%ED%94%84%EC%8A%A4%ED%83%80%EC%9D%BC/%ED%85%8C%ED%81%AC-%EC%95%A1%EC%84%B8%EC%84%9C%EB%A6%AC/mcm-x-casetify-%EB%9D%BC%EB%B4%87-%EB%AA%A8%EB%85%B8%EA%B7%B8%EB%9E%A8-%EB%B0%94%EC%9A%B4%EC%8A%A4-iphone-17-pro-%EC%BC%80%EC%9D%B4%EC%8A%A4/MXEGSTA09MT001.html,https://images.mcmworldwide.com/i/mcmworldwide/MXEGSTA09MT001_01/MXEGSTA09MT001/mcm-x-casetify-라봇-모노그램-바운스-iphone-17-pro-케이스?$large$&fmt=auto&qlt=default
라이프스타일,테크-액세서리,(전체),mcm-x-casetify-로켓-iphone-17-pro-케이스,MXEGSTA11PK001,MXEGSTA11PK001,1,https://kr.mcmworldwide.com/ko_KR/%EB%9D%BC%EC%9D%B4%ED%94%84%EC%8A%A4%ED%83%80%EC%9D%BC/%ED%85%8C%ED%81%AC-%EC%95%A1%EC%84%B8%EC%84%9C%EB%A6%AC/mcm-x-casetify-%EB%A1%9C%EC%BC%93-iphone-17-pro-%EC%BC%80%EC%9D%B4%EC%8A%A4/MXEGSTA11PK001.html,https://images.mcmworldwide.com/i/mcmworldwide/MXEGSTA11PK001_01/MXEGSTA11PK001/mcm-x-casetify-로켓-iphone-17-pro-케이스?$large$&fmt=auto&qlt=default
라이프스타일,테크-액세서리,(전체),mcm-x-casetify-마그네틱-카드홀더-스탠드,MXZGSTT10SV001,MXZGSTT10SV001,1,https://kr.mcmworldwide.com/ko_KR/%EB%9D%BC%EC%9D%B4%ED%94%84%EC%8A%A4%ED%83%80%EC%9D%BC/%ED%85%8C%ED%81%AC-%EC%95%A1%EC%84%B8%EC%84%9C%EB%A6%AC/mcm-x-casetify-%EB%A7%88%EA%B7%B8%EB%84%A4%ED%8B%B1-%EC%B9%B4%EB%93%9C%ED%99%80%EB%8D%94-%EC%8A%A4%ED%83%A0%EB%93%9C/MXZGSTT10SV001.html,https://images.mcmworldwide.com/i/mcmworldwide/MXZGSTT10SV001_01/MXZGSTT10SV001/mcm-x-casetify-마그네틱-카드홀더-스탠드?$large$&fmt=auto&qlt=default
라이프스타일,테크-액세서리,(전체),엠보스드-모노그램-레더-에어팟-프로-케이스,MXZGATA07BK001,MXZGATA07BK001,1,https://kr.mcmworldwide.com/ko_KR/%EB%9D%BC%EC%9D%B4%ED%94%84%EC%8A%A4%ED%83%80%EC%9D%BC/%ED%85%8C%ED%81%AC-%EC%95%A1%EC%84%B8%EC%84%9C%EB%A6%AC/%EC%97%A0%EB%B3%B4%EC%8A%A4%EB%93%9C-%EB%AA%A8%EB%85%B8%EA%B7%B8%EB%9E%A8-%EB%A0%88%EB%8D%94-%EC%97%90%EC%96%B4%ED%8C%9F-%ED%94%84%EB%A1%9C-%EC%BC%80%EC%9D%B4%EC%8A%A4/MXZGATA07BK001.html,https://images.mcmworldwide.com/i/mcmworldwide/MXZGATA07BK001_01/MXZGATA07BK001/엠보스드-모노그램-레더-에어팟-프로-케이스?$large$&fmt=auto&qlt=default
라이프스타일,테크-액세서리,(전체),비세토스-에어팟-프로-케이스,MXZGSTA16PZ001,MXZGSTA16PZ001,1,https://kr.mcmworldwide.com/ko_KR/%EB%9D%BC%EC%9D%B4%ED%94%84%EC%8A%A4%ED%83%80%EC%9D%BC/%ED%85%8C%ED%81%AC-%EC%95%A1%EC%84%B8%EC%84%9C%EB%A6%AC/%EB%B9%84%EC%84%B8%ED%86%A0%EC%8A%A4-%EC%97%90%EC%96%B4%ED%8C%9F-%ED%94%84%EB%A1%9C-%EC%BC%80%EC%9D%B4%EC%8A%A4/MXZGSTA16PZ001.html,https://images.mcmworldwide.com/i/mcmworldwide/MXZGSTA16PZ001_01/MXZGSTA16PZ001/비세토스-에어팟-프로-케이스?$large$&fmt=auto&qlt=default
라이프스타일,펫-액세서리,(전체),비세토스-펫-하네스,MEZDSMM09BK001,MEZDSMM09BK001;MEZDSMM09CO001;MEZFAMM02CO001,3,https://kr.mcmworldwide.com/ko_KR/%EB%9D%BC%EC%9D%B4%ED%94%84%EC%8A%A4%ED%83%80%EC%9D%BC/%ED%8E%AB-%EC%95%A1%EC%84%B8%EC%84%9C%EB%A6%AC/%EB%B9%84%EC%84%B8%ED%86%A0%EC%8A%A4-%ED%8E%AB-%ED%95%98%EB%84%A4%EC%8A%A4/MEZDSMM09BK001.html,https://images.mcmworldwide.com/i/mcmworldwide/MEZDSMM09BK001_01/MEZDSMM09BK001/비세토스-펫-하네스?$large$&fmt=auto&qlt=default
라이프스타일,펫-액세서리,(전체),비세토스-펫-리터백-홀더,MEZDSMM10CO001,MEZDSMM10CO001,1,https://kr.mcmworldwide.com/ko_KR/%EB%9D%BC%EC%9D%B4%ED%94%84%EC%8A%A4%ED%83%80%EC%9D%BC/%ED%8E%AB-%EC%95%A1%EC%84%B8%EC%84%9C%EB%A6%AC/%EB%B9%84%EC%84%B8%ED%86%A0%EC%8A%A4-%ED%8E%AB-%EB%A6%AC%ED%84%B0%EB%B0%B1-%ED%99%80%EB%8D%94/MEZDSMM10CO001.html,https://images.mcmworldwide.com/i/mcmworldwide/MEZDSMM10CO001_01/MEZDSMM10CO001/비세토스-펫-리터백-홀더?$large$&fmt=auto&qlt=default
라이프스타일,펫-액세서리,(전체),비세토스-펫-보울,MEZESMM01CO001,MEZESMM01CO001,1,https://kr.mcmworldwide.com/ko_KR/%EB%9D%BC%EC%9D%B4%ED%94%84%EC%8A%A4%ED%83%80%EC%9D%BC/%ED%8E%AB-%EC%95%A1%EC%84%B8%EC%84%9C%EB%A6%AC/%EB%B9%84%EC%84%B8%ED%86%A0%EC%8A%A4-%ED%8E%AB-%EB%B3%B4%EC%9A%B8/MEZESMM01CO001.html,https://images.mcmworldwide.com/i/mcmworldwide/MEZESMM01CO001_01/MEZESMM01CO001/비세토스-펫-보울?$large$&fmt=auto&qlt=default
라이프스타일,펫-액세서리,(전체),비세토스-펫-캐리어,MEZESMM03CO001,MEZESMM03CO001,1,https://kr.mcmworldwide.com/ko_KR/%EB%9D%BC%EC%9D%B4%ED%94%84%EC%8A%A4%ED%83%80%EC%9D%BC/%ED%8E%AB-%EC%95%A1%EC%84%B8%EC%84%9C%EB%A6%AC/%EB%B9%84%EC%84%B8%ED%86%A0%EC%8A%A4-%ED%8E%AB-%EC%BA%90%EB%A6%AC%EC%96%B4/MEZESMM03CO001.html,https://images.mcmworldwide.com/i/mcmworldwide/MEZESMM03CO001_01/MEZESMM03CO001/비세토스-펫-캐리어?$large$&fmt=auto&qlt=default
라이프스타일,펫-액세서리,(전체),비세토스-펫-칼라-크로스바디-리쉬,MEZFAMM01CO00M,MEZFAMM01CO00M,1,https://kr.mcmworldwide.com/ko_KR/%EB%9D%BC%EC%9D%B4%ED%94%84%EC%8A%A4%ED%83%80%EC%9D%BC/%ED%8E%AB-%EC%95%A1%EC%84%B8%EC%84%9C%EB%A6%AC/%EB%B9%84%EC%84%B8%ED%86%A0%EC%8A%A4-%ED%8E%AB-%EC%B9%BC%EB%9D%BC-%ED%81%AC%EB%A1%9C%EC%8A%A4%EB%B0%94%EB%94%94-%EB%A6%AC%EC%89%AC/MEZFAMM01CO00M.html,https://images.mcmworldwide.com/i/mcmworldwide/MEZFAMM01CO00M_01/MEZFAMM01CO00M/비세토스-펫-칼라-크로스바디-리쉬?$large$&fmt=auto&qlt=default
라이프스타일,펫-액세서리,(전체),모노그램-나일론-레더-펫-케리어,MEZFAMM03BK001,MEZFAMM03BK001,1,https://kr.mcmworldwide.com/ko_KR/%EB%9D%BC%EC%9D%B4%ED%94%84%EC%8A%A4%ED%83%80%EC%9D%BC/%ED%8E%AB-%EC%95%A1%EC%84%B8%EC%84%9C%EB%A6%AC/%EB%AA%A8%EB%85%B8%EA%B7%B8%EB%9E%A8-%EB%82%98%EC%9D%BC%EB%A1%A0-%EB%A0%88%EB%8D%94-%ED%8E%AB-%EC%BC%80%EB%A6%AC%EC%96%B4/MEZFAMM03BK001.html,https://images.mcmworldwide.com/i/mcmworldwide/MEZFAMM03BK001_01/MEZFAMM03BK001/모노그램-나일론-레더-펫-케리어?$large$&fmt=auto&qlt=default
라이프스타일,펫-액세서리,(전체),퀼팅-모노그램-나일론-패커블-펫-베드,MEZFSMM05CO001,MEZFSMM05CO001,1,https://kr.mcmworldwide.com/ko_KR/%EB%9D%BC%EC%9D%B4%ED%94%84%EC%8A%A4%ED%83%80%EC%9D%BC/%ED%8E%AB-%EC%95%A1%EC%84%B8%EC%84%9C%EB%A6%AC/%ED%80%BC%ED%8C%85-%EB%AA%A8%EB%85%B8%EA%B7%B8%EB%9E%A8-%EB%82%98%EC%9D%BC%EB%A1%A0-%ED%8C%A8%EC%BB%A4%EB%B8%94-%ED%8E%AB-%EB%B2%A0%EB%93%9C/MEZFSMM05CO001.html,https://images.mcmworldwide.com/i/mcmworldwide/MEZFSMM05CO001_01/MEZFSMM05CO001/퀼팅-모노그램-나일론-패커블-펫-베드?$large$&fmt=auto&qlt=default
라이프스타일,펫-액세서리,(전체),모노그램-프린트-펫-리터백-홀더,MEZFSMM07BK001,MEZFSMM07BK001,1,https://kr.mcmworldwide.com/ko_KR/%EB%9D%BC%EC%9D%B4%ED%94%84%EC%8A%A4%ED%83%80%EC%9D%BC/%ED%8E%AB-%EC%95%A1%EC%84%B8%EC%84%9C%EB%A6%AC/%EB%AA%A8%EB%85%B8%EA%B7%B8%EB%9E%A8-%ED%94%84%EB%A6%B0%ED%8A%B8-%ED%8E%AB-%EB%A6%AC%ED%84%B0%EB%B0%B1-%ED%99%80%EB%8D%94/MEZFSMM07BK001.html,https://images.mcmworldwide.com/i/mcmworldwide/MEZFSMM07BK001_01/MEZFSMM07BK001/모노그램-프린트-펫-리터백-홀더?$large$&fmt=auto&qlt=default
라이프스타일,펫-액세서리,(전체),모노그램-프린트-가죽-손목-펫-리터-백-홀더,MEZFSMM07CO001,MEZFSMM07CO001,1,https://kr.mcmworldwide.com/ko_KR/%EB%9D%BC%EC%9D%B4%ED%94%84%EC%8A%A4%ED%83%80%EC%9D%BC/%ED%8E%AB-%EC%95%A1%EC%84%B8%EC%84%9C%EB%A6%AC/%EB%AA%A8%EB%85%B8%EA%B7%B8%EB%9E%A8-%ED%94%84%EB%A6%B0%ED%8A%B8-%EA%B0%80%EC%A3%BD-%EC%86%90%EB%AA%A9-%ED%8E%AB-%EB%A6%AC%ED%84%B0-%EB%B0%B1-%ED%99%80%EB%8D%94/MEZFSMM07CO001.html,https://images.mcmworldwide.com/i/mcmworldwide/MEZFSMM07CO001_01/MEZFSMM07CO001/모노그램-프린트-가죽-손목-펫-리터-백-홀더?$large$&fmt=auto&qlt=default
라이프스타일,홈-데코,(전체),mcm-park-비세토스-토끼-인형,MELFAMM01SV001,MELFAMM01SV001,1,https://kr.mcmworldwide.com/ko_KR/%EB%9D%BC%EC%9D%B4%ED%94%84%EC%8A%A4%ED%83%80%EC%9D%BC/%ED%99%88-%EB%8D%B0%EC%BD%94/mcm-park-%EB%B9%84%EC%84%B8%ED%86%A0%EC%8A%A4-%ED%86%A0%EB%81%BC-%EC%9D%B8%ED%98%95/MELFAMM01SV001.html,https://images.mcmworldwide.com/i/mcmworldwide/MELFAMM01SV001_01/MELFAMM01SV001/mcm-park-비세토스-토끼-인형?$large$&fmt=auto&qlt=default
라이프스타일,홈-데코,(전체),mcm-x-vetsak-누들,MEZGAMM05CO001,MEZGAMM05CO001,1,https://kr.mcmworldwide.com/ko_KR/%EB%9D%BC%EC%9D%B4%ED%94%84%EC%8A%A4%ED%83%80%EC%9D%BC/%ED%99%88-%EB%8D%B0%EC%BD%94/mcm-x-vetsak-%EB%88%84%EB%93%A4/MEZGAMM05CO001.html,https://images.mcmworldwide.com/i/mcmworldwide/MEZGAMM05CO001_01/MEZGAMM05CO001/mcm-x-vetsak-누들?$large$&fmt=auto&qlt=default
라이프스타일,홈-데코,(전체),비세토스-닥스훈트-돌,MELBSVD07BK001,MELBSVD07BK001,1,https://kr.mcmworldwide.com/ko_KR/%EB%9D%BC%EC%9D%B4%ED%94%84%EC%8A%A4%ED%83%80%EC%9D%BC/%ED%99%88-%EB%8D%B0%EC%BD%94/%EB%B9%84%EC%84%B8%ED%86%A0%EC%8A%A4-%EB%8B%A5%EC%8A%A4%ED%9B%88%ED%8A%B8-%EB%8F%8C/MELBSVD07BK001.html,https://images.mcmworldwide.com/i/mcmworldwide/MELBSVD07BK001_01/MELBSVD07BK001/비세토스-닥스훈트-돌?$large$&fmt=auto&qlt=default
라이프스타일,홈-데코,(전체),닥스훈트-비세토스-인형,MELFSMM01PZ001,MELFSMM01PZ001,1,https://kr.mcmworldwide.com/ko_KR/%EB%9D%BC%EC%9D%B4%ED%94%84%EC%8A%A4%ED%83%80%EC%9D%BC/%ED%99%88-%EB%8D%B0%EC%BD%94/%EB%8B%A5%EC%8A%A4%ED%9B%88%ED%8A%B8-%EB%B9%84%EC%84%B8%ED%86%A0%EC%8A%A4-%EC%9D%B8%ED%98%95/MELFSMM01PZ001.html,https://images.mcmworldwide.com/i/mcmworldwide/MELFSMM01PZ001_01/MELFSMM01PZ001/닥스훈트-비세토스-인형?$large$&fmt=auto&qlt=default
라이프스타일,홈-데코,(전체),비세토스-m-pup-인형,MELCSVD01BK001,MELCSVD01BK001;MELCSVD01CO001;MELCSVD01WT001;MELCSVD02BK001;MELCSVD02CO001;MELCSVD02WT001,6,https://kr.mcmworldwide.com/ko_KR/%EB%9D%BC%EC%9D%B4%ED%94%84%EC%8A%A4%ED%83%80%EC%9D%BC/%ED%99%88-%EB%8D%B0%EC%BD%94/%EB%B9%84%EC%84%B8%ED%86%A0%EC%8A%A4-m-pup-%EC%9D%B8%ED%98%95/MELCSVD01BK001.html,https://images.mcmworldwide.com/i/mcmworldwide/MELCSVD01BK001_01/MELCSVD01BK001/비세토스-m-pup-인형?$large$&fmt=auto&qlt=default
여성,슈즈,모두보기,여성용-mcm-에센셜-terrain-스니커즈,MESBABC02WT040,MESBABC02WT040,1,https://kr.mcmworldwide.com/ko_KR/%EC%97%AC%EC%84%B1/%EC%8A%88%EC%A6%88/%EB%AA%A8%EB%91%90%EB%B3%B4%EA%B8%B0/%EC%97%AC%EC%84%B1%EC%9A%A9-mcm-%EC%97%90%EC%84%BC%EC%85%9C-terrain-%EC%8A%A4%EB%8B%88%EC%BB%A4%EC%A6%88/MESBABC02WT040.html,https://images.mcmworldwide.com/i/mcmworldwide/MESBABC02WT040_01/MESBABC02WT040/여성용-mcm-에센셜-terrain-스니커즈?$large$&fmt=auto&qlt=default
여성,슈즈,부츠,스카이워드-메탈릭-카프-레더-앵클-부츠,MESEASW02SV036,MESEASW02SV036;MESEASW02SV037;MESEASW02SV038;MESEASW02SV039,4,https://kr.mcmworldwide.com/ko_KR/%EC%97%AC%EC%84%B1/%EC%8A%88%EC%A6%88/%EB%B6%80%EC%B8%A0/%EC%8A%A4%EC%B9%B4%EC%9D%B4%EC%9B%8C%EB%93%9C-%EB%A9%94%ED%83%88%EB%A6%AD-%EC%B9%B4%ED%94%84-%EB%A0%88%EB%8D%94-%EC%95%B5%ED%81%B4-%EB%B6%80%EC%B8%A0/MESEASW02SV036.html,https://images.mcmworldwide.com/i/mcmworldwide/MESEASW02SV036_01/MESEASW02SV036/스카이워드-메탈릭-카프-레더-앵클-부츠?$large$&fmt=auto&qlt=default
여성,슈즈,부츠,카프스킨-스웨이드-플랫폼-부츠,MESGSMM01CO036,MESGSMM01CO036;MESGSMM01CO037;MESGSMM01CO038,3,https://kr.mcmworldwide.com/ko_KR/%EC%97%AC%EC%84%B1/%EC%8A%88%EC%A6%88/%EB%B6%80%EC%B8%A0/%EC%B9%B4%ED%94%84%EC%8A%A4%ED%82%A8-%EC%8A%A4%EC%9B%A8%EC%9D%B4%EB%93%9C-%ED%94%8C%EB%9E%AB%ED%8F%BC-%EB%B6%80%EC%B8%A0/MESGSMM01CO036.html,https://images.mcmworldwide.com/i/mcmworldwide/MESGSMM01CO036_01/MESGSMM01CO036/카프스킨-스웨이드-플랫폼-부츠?$large$&fmt=auto&qlt=default
여성,슈즈,샌들-슬라이드,mcm-x-we-the-best-울트라스웨이드-슬라이드,MESGAMM09NG036,MESGAMM09NG036;MESGAMM09NG037;MESGAMM09NG038;MEXGAMM06NG041;MEXGAMM06NG042;MEXGAMM06NG043,6,https://kr.mcmworldwide.com/ko_KR/%EC%97%AC%EC%84%B1/%EC%8A%88%EC%A6%88/%EC%83%8C%EB%93%A4-%EC%8A%AC%EB%9D%BC%EC%9D%B4%EB%93%9C/mcm-x-we-the-best-%EC%9A%B8%ED%8A%B8%EB%9D%BC%EC%8A%A4%EC%9B%A8%EC%9D%B4%EB%93%9C-%EC%8A%AC%EB%9D%BC%EC%9D%B4%EB%93%9C/MESGAMM09NG036.html,https://images.mcmworldwide.com/i/mcmworldwide/MESGAMM09NG036_01/MESGAMM09NG036/mcm-x-we-the-best-울트라스웨이드-슬라이드?$large$&fmt=auto&qlt=default
여성,슈즈,샌들-슬라이드,mcm-x-we-the-best-아르데코-슬라이드,MEXGAMM051B041,MEXGAMM051B041;MEXGAMM051B042;MEXGAMM051B043,3,https://kr.mcmworldwide.com/ko_KR/%EC%97%AC%EC%84%B1/%EC%8A%88%EC%A6%88/%EC%83%8C%EB%93%A4-%EC%8A%AC%EB%9D%BC%EC%9D%B4%EB%93%9C/mcm-x-we-the-best-%EC%95%84%EB%A5%B4%EB%8D%B0%EC%BD%94-%EC%8A%AC%EB%9D%BC%EC%9D%B4%EB%93%9C/MEXGAMM051B041.html,https://images.mcmworldwide.com/i/mcmworldwide/MEXGAMM051B041_01/MEXGAMM051B041/mcm-x-we-the-best-아르데코-슬라이드?$large$&fmt=auto&qlt=default
여성,슈즈,샌들-슬라이드,모노그램-프린트-러버-슬라이드,MESCAMM111F036,MESCAMM111F036;MESCAMM111F037;MESCAMM111F039;MESCAMM114B036;MESCAMM114B037;MESCAMM114B038;MESCAMM114B039;MESCAMM114B040;MESCAMM114B041;MESCAMM11BK035;MESCAMM11BK036;MESCAMM11BK037;MESCAMM11BK038;MESCAMM11BK039;MESCAMM11BK040;MESCAMM11CO036;MESCAMM11CO037;MESCAMM11CO038;MESGSMM04CO036;MESGSMM04CO037;MESGSMM04CO038;MESGSMM04CO039;MESGSMM04CO040;MESGSMM04PZ036;MESGSMM04PZ037;MESGSMM04PZ038;MESGSMM04PZ039;MEXCAMM17BK041;MEXCAMM17BK042;MEXCAMM17BK043;MEXCAMM17CO041;MEXCAMM17CO042;MEXCAMM17CO043;MEXGSMM01CO041;MEXGSMM01CO042;MEXGSMM01CO043,36,https://kr.mcmworldwide.com/ko_KR/%EC%97%AC%EC%84%B1/%EC%8A%88%EC%A6%88/%EC%83%8C%EB%93%A4-%EC%8A%AC%EB%9D%BC%EC%9D%B4%EB%93%9C/%EB%AA%A8%EB%85%B8%EA%B7%B8%EB%9E%A8-%ED%94%84%EB%A6%B0%ED%8A%B8-%EB%9F%AC%EB%B2%84-%EC%8A%AC%EB%9D%BC%EC%9D%B4%EB%93%9C/MESCAMM111F036.html,https://images.mcmworldwide.com/i/mcmworldwide/MESCAMM111F036_01/MESCAMM111F036/모노그램-프린트-러버-슬라이드?$large$&fmt=auto&qlt=default
여성,슈즈,샌들-슬라이드,모노그램-플랫폼-양가죽-샌들,MESGAMM06CO036,MESGAMM06CO036;MESGAMM06CO037;MESGAMM06CO038;MESGAMM06CO039,4,https://kr.mcmworldwide.com/ko_KR/%EC%97%AC%EC%84%B1/%EC%8A%88%EC%A6%88/%EC%83%8C%EB%93%A4-%EC%8A%AC%EB%9D%BC%EC%9D%B4%EB%93%9C/%EB%AA%A8%EB%85%B8%EA%B7%B8%EB%9E%A8-%ED%94%8C%EB%9E%AB%ED%8F%BC-%EC%96%91%EA%B0%80%EC%A3%BD-%EC%83%8C%EB%93%A4/MESGAMM06CO036.html,https://images.mcmworldwide.com/i/mcmworldwide/MESGAMM06CO036_01/MESGAMM06CO036/모노그램-플랫폼-양가죽-샌들?$large$&fmt=auto&qlt=default
여성,슈즈,샌들-슬라이드,모노그램-젤리-샌들,MESGSMM05CO036,MESGSMM05CO036;MESGSMM05CO037;MESGSMM05CO038;MESGSMM05CO039,4,https://kr.mcmworldwide.com/ko_KR/%EC%97%AC%EC%84%B1/%EC%8A%88%EC%A6%88/%EC%83%8C%EB%93%A4-%EC%8A%AC%EB%9D%BC%EC%9D%B4%EB%93%9C/%EB%AA%A8%EB%85%B8%EA%B7%B8%EB%9E%A8-%EC%A0%A4%EB%A6%AC-%EC%83%8C%EB%93%A4/MESGSMM05CO036.html,https://images.mcmworldwide.com/i/mcmworldwide/MESGSMM05CO036_01/MESGSMM05CO036/모노그램-젤리-샌들?$large$&fmt=auto&qlt=default
여성,슈즈,스니커즈,diamante-퀼팅-레더-로우탑-스니커즈,MESGSAS01BK040,MESGSAS01BK040;MEXGSAS01BK041;MEXGSAS01BK042;MEXGSAS01BK043,4,https://kr.mcmworldwide.com/ko_KR/%EC%97%AC%EC%84%B1/%EC%8A%88%EC%A6%88/%EC%8A%A4%EB%8B%88%EC%BB%A4%EC%A6%88/diamante-%ED%80%BC%ED%8C%85-%EB%A0%88%EB%8D%94-%EB%A1%9C%EC%9A%B0%ED%83%91-%EC%8A%A4%EB%8B%88%EC%BB%A4%EC%A6%88/MESGSAS01BK040.html,https://images.mcmworldwide.com/i/mcmworldwide/MESGSAS01BK040_01/MESGSAS01BK040/diamante-퀼팅-레더-로우탑-스니커즈?$large$&fmt=auto&qlt=default
여성,슈즈,스니커즈,diamante-퀼팅-모노그램-레더-로우탑-스니커즈,MESGSAS01CO036,MESGSAS01CO036;MESGSAS01CO037;MESGSAS01CO038;MESGSAS01CO039;MESGSAS01CO040;MEXGSAS01CO041;MEXGSAS01CO042;MEXGSAS01CO043,8,https://kr.mcmworldwide.com/ko_KR/%EC%97%AC%EC%84%B1/%EC%8A%88%EC%A6%88/%EC%8A%A4%EB%8B%88%EC%BB%A4%EC%A6%88/diamante-%ED%80%BC%ED%8C%85-%EB%AA%A8%EB%85%B8%EA%B7%B8%EB%9E%A8-%EB%A0%88%EB%8D%94-%EB%A1%9C%EC%9A%B0%ED%83%91-%EC%8A%A4%EB%8B%88%EC%BB%A4%EC%A6%88/MESGSAS01CO036.html,https://images.mcmworldwide.com/i/mcmworldwide/MESGSAS01CO036_01/MESGSAS01CO036/diamante-퀼팅-모노그램-레더-로우탑-스니커즈?$large$&fmt=auto&qlt=default
여성,슈즈,스니커즈,federlite--라우렐-스웨이드-로우탑-스니커즈,MESFAAP01C9036,MESFAAP01C9036;MESFAAP01C9037;MESFAAP01C9038;MESFAAP01C9039;MEXFAAP02C9041;MEXFAAP02C9042;MEXFAAP02C9043,7,https://kr.mcmworldwide.com/ko_KR/%EC%97%AC%EC%84%B1/%EC%8A%88%EC%A6%88/%EC%8A%A4%EB%8B%88%EC%BB%A4%EC%A6%88/federlite--%EB%9D%BC%EC%9A%B0%EB%A0%90-%EC%8A%A4%EC%9B%A8%EC%9D%B4%EB%93%9C-%EB%A1%9C%EC%9A%B0%ED%83%91-%EC%8A%A4%EB%8B%88%EC%BB%A4%EC%A6%88/MESFAAP01C9036.html,https://images.mcmworldwide.com/i/mcmworldwide/MESFAAP01C9036_01/MESFAAP01C9036/federlite--라우렐-스웨이드-로우탑-스니커즈?$large$&fmt=auto&qlt=default
여성,슈즈,스니커즈,federlite--라우렐-메탈릭-레더-로우탑-스니커즈,MESFAAP02SV036,MESFAAP02SV036;MESFAAP02SV037;MESFAAP02SV038;MESFAAP02SV039,4,https://kr.mcmworldwide.com/ko_KR/%EC%97%AC%EC%84%B1/%EC%8A%88%EC%A6%88/%EC%8A%A4%EB%8B%88%EC%BB%A4%EC%A6%88/federlite--%EB%9D%BC%EC%9A%B0%EB%A0%90-%EB%A9%94%ED%83%88%EB%A6%AD-%EB%A0%88%EB%8D%94-%EB%A1%9C%EC%9A%B0%ED%83%91-%EC%8A%A4%EB%8B%88%EC%BB%A4%EC%A6%88/MESFAAP02SV036.html,https://images.mcmworldwide.com/i/mcmworldwide/MESFAAP02SV036_01/MESFAAP02SV036/federlite--라우렐-메탈릭-레더-로우탑-스니커즈?$large$&fmt=auto&qlt=default
여성,슈즈,스니커즈,federlite-립스탑-나일론-스니커즈,MESGAAP01MT036,MESGAAP01MT036;MESGAAP01MT038;MEXGAAP01MT041,3,https://kr.mcmworldwide.com/ko_KR/%EC%97%AC%EC%84%B1/%EC%8A%88%EC%A6%88/%EC%8A%A4%EB%8B%88%EC%BB%A4%EC%A6%88/federlite-%EB%A6%BD%EC%8A%A4%ED%83%91-%EB%82%98%EC%9D%BC%EB%A1%A0-%EC%8A%A4%EB%8B%88%EC%BB%A4%EC%A6%88/MESGAAP01MT036.html,https://images.mcmworldwide.com/i/mcmworldwide/MESGAAP01MT036_01/MESGAAP01MT036/federlite-립스탑-나일론-스니커즈?$large$&fmt=auto&qlt=default
여성,슈즈,스니커즈,federlite-퀼팅-가죽-로우탑-슬립온-스니커즈,MESGSAP02BK036,MESGSAP02BK036;MESGSAP02BK037;MESGSAP02BK038;MESGSAP02BK039,4,https://kr.mcmworldwide.com/ko_KR/%EC%97%AC%EC%84%B1/%EC%8A%88%EC%A6%88/%EC%8A%A4%EB%8B%88%EC%BB%A4%EC%A6%88/federlite-%ED%80%BC%ED%8C%85-%EA%B0%80%EC%A3%BD-%EB%A1%9C%EC%9A%B0%ED%83%91-%EC%8A%AC%EB%A6%BD%EC%98%A8-%EC%8A%A4%EB%8B%88%EC%BB%A4%EC%A6%88/MESGSAP02BK036.html,https://images.mcmworldwide.com/i/mcmworldwide/MESGSAP02BK036_01/MESGSAP02BK036/federlite-퀼팅-가죽-로우탑-슬립온-스니커즈?$large$&fmt=auto&qlt=default
여성,슈즈,스니커즈,federlite-sneakers-in-ripstop-nylon,MESGAAP01MT037,MESGAAP01MT037;MEXGAAP01MT042;MEXGAAP01MT043,3,https://kr.mcmworldwide.com/ko_KR/%EC%97%AC%EC%84%B1/%EC%8A%88%EC%A6%88/%EC%8A%A4%EB%8B%88%EC%BB%A4%EC%A6%88/federlite-sneakers-in-ripstop-nylon/MESGAAP01MT037.html,https://images.mcmworldwide.com/i/mcmworldwide/MESGAAP01MT037_01/MESGAAP01MT037/federlite-sneakers-in-ripstop-nylon?$large$&fmt=auto&qlt=default
여성,슈즈,스니커즈,스카이완더-로우탑-니트-스니커즈,MESGSAH01BK036,MESGSAH01BK036,1,https://kr.mcmworldwide.com/ko_KR/%EC%97%AC%EC%84%B1/%EC%8A%88%EC%A6%88/%EC%8A%A4%EB%8B%88%EC%BB%A4%EC%A6%88/%EC%8A%A4%EC%B9%B4%EC%9D%B4%EC%99%84%EB%8D%94-%EB%A1%9C%EC%9A%B0%ED%83%91-%EB%8B%88%ED%8A%B8-%EC%8A%A4%EB%8B%88%EC%BB%A4%EC%A6%88/MESGSAH01BK036.html,https://images.mcmworldwide.com/i/mcmworldwide/MESGSAH01BK036_01/MESGSAH01BK036/스카이완더-로우탑-니트-스니커즈?$large$&fmt=auto&qlt=default
여성,슈즈,스니커즈,	skywander-니트-로우탑-스니커즈,MESGSAH01BK037,MESGSAH01BK037;MESGSAH01BK038;MESGSAH01BK039;MESGSAH01BK040;MEXGSAH01BK041;MEXGSAH01BK042;MEXGSAH01BK043,7,https://kr.mcmworldwide.com/ko_KR/%EC%97%AC%EC%84%B1/%EC%8A%88%EC%A6%88/%EC%8A%A4%EB%8B%88%EC%BB%A4%EC%A6%88/%09skywander-%EB%8B%88%ED%8A%B8-%EB%A1%9C%EC%9A%B0%ED%83%91-%EC%8A%A4%EB%8B%88%EC%BB%A4%EC%A6%88/MESGSAH01BK037.html,https://images.mcmworldwide.com/i/mcmworldwide/MESGSAH01BK037_01/MESGSAH01BK037/	skywander-니트-로우탑-스니커즈?$large$&fmt=auto&qlt=default
여성,의류,니트웨어-후디,울-리사이클-캐시미어-라우렐-크롭-카디건,MFDFSMM01Q200L,MFDFSMM01Q200L;MFDFSMM01Q200M;MFDFSMM01Q200S;MFDFSMM01Q20XS,4,https://kr.mcmworldwide.com/ko_KR/%EC%97%AC%EC%84%B1/%EC%9D%98%EB%A5%98/%EB%8B%88%ED%8A%B8%EC%9B%A8%EC%96%B4-%ED%9B%84%EB%94%94/%EC%9A%B8-%EB%A6%AC%EC%82%AC%EC%9D%B4%ED%81%B4-%EC%BA%90%EC%8B%9C%EB%AF%B8%EC%96%B4-%EB%9D%BC%EC%9A%B0%EB%A0%90-%ED%81%AC%EB%A1%AD-%EC%B9%B4%EB%94%94%EA%B1%B4/MFDFSMM01Q200L.html,https://images.mcmworldwide.com/i/mcmworldwide/MFDFSMM01Q200L_01/MFDFSMM01Q200L/울-리사이클-캐시미어-라우렐-크롭-카디건?$large$&fmt=auto&qlt=default
여성,의류,니트웨어-후디,울-자카드-라봇-스웨터,MFEGSMM01BK00L,MFEGSMM01BK00L,1,https://kr.mcmworldwide.com/ko_KR/%EC%97%AC%EC%84%B1/%EC%9D%98%EB%A5%98/%EB%8B%88%ED%8A%B8%EC%9B%A8%EC%96%B4-%ED%9B%84%EB%94%94/%EC%9A%B8-%EC%9E%90%EC%B9%B4%EB%93%9C-%EB%9D%BC%EB%B4%87-%EC%8A%A4%EC%9B%A8%ED%84%B0/MFEGSMM01BK00L.html,https://images.mcmworldwide.com/i/mcmworldwide/MFEGSMM01BK00L_01/MFEGSMM01BK00L/울-자카드-라봇-스웨터?$large$&fmt=auto&qlt=default
여성,의류,모두보기,logo-laurel-print-t-shirt-in-organic-cotton,MFTDAMM11WT00L,MFTDAMM11WT00L;MFTDAMM11WT00M;MHTDAMM11WT00S,3,https://kr.mcmworldwide.com/ko_KR/%EC%97%AC%EC%84%B1/%EC%9D%98%EB%A5%98/%EB%AA%A8%EB%91%90%EB%B3%B4%EA%B8%B0/logo-laurel-print-t-shirt-in-organic-cotton/MFTDAMM11WT00L.html,https://images.mcmworldwide.com/i/mcmworldwide/MFTDAMM11WT00L_01/MFTDAMM11WT00L/logo-laurel-print-t-shirt-in-organic-cotton?$large$&fmt=auto&qlt=default
여성,의류,모두보기,여성용-mcm-에센셜-오가닉-코튼-로고-후디,MFABABC02BK0XL,MFABABC02BK0XL,1,https://kr.mcmworldwide.com/ko_KR/%EC%97%AC%EC%84%B1/%EC%9D%98%EB%A5%98/%EB%AA%A8%EB%91%90%EB%B3%B4%EA%B8%B0/%EC%97%AC%EC%84%B1%EC%9A%A9-mcm-%EC%97%90%EC%84%BC%EC%85%9C-%EC%98%A4%EA%B0%80%EB%8B%89-%EC%BD%94%ED%8A%BC-%EB%A1%9C%EA%B3%A0-%ED%9B%84%EB%94%94/MFABABC02BK0XL.html,https://images.mcmworldwide.com/i/mcmworldwide/MFABABC02BK0XL_01/MFABABC02BK0XL/여성용-mcm-에센셜-오가닉-코튼-로고-후디?$large$&fmt=auto&qlt=default
여성,의류,모두보기,mcm-에센셜-로고-후디,MHABABC02BK2XL,MHABABC02BK2XL,1,https://kr.mcmworldwide.com/ko_KR/%EC%97%AC%EC%84%B1/%EC%9D%98%EB%A5%98/%EB%AA%A8%EB%91%90%EB%B3%B4%EA%B8%B0/mcm-%EC%97%90%EC%84%BC%EC%85%9C-%EB%A1%9C%EA%B3%A0-%ED%9B%84%EB%94%94/MHABABC02BK2XL.html,https://images.mcmworldwide.com/i/mcmworldwide/MHABABC02BK2XL_01/MHABABC02BK2XL/mcm-에센셜-로고-후디?$large$&fmt=auto&qlt=default
여성,의류,모두보기,여성용-오가닉-코튼-클래식-로고-스웨트셔츠,MFABSMM02B20XS,MFABSMM02B20XS,1,https://kr.mcmworldwide.com/ko_KR/%EC%97%AC%EC%84%B1/%EC%9D%98%EB%A5%98/%EB%AA%A8%EB%91%90%EB%B3%B4%EA%B8%B0/%EC%97%AC%EC%84%B1%EC%9A%A9-%EC%98%A4%EA%B0%80%EB%8B%89-%EC%BD%94%ED%8A%BC-%ED%81%B4%EB%9E%98%EC%8B%9D-%EB%A1%9C%EA%B3%A0-%EC%8A%A4%EC%9B%A8%ED%8A%B8%EC%85%94%EC%B8%A0/MFABSMM02B20XS.html,https://images.mcmworldwide.com/i/mcmworldwide/MFABSMM02B20XS_01/MFABSMM02B20XS/여성용-오가닉-코튼-클래식-로고-스웨트셔츠?$large$&fmt=auto&qlt=default
여성,의류,모두보기,여성용-큐빅-모노그램-자카드-울-블레이저,MFJCSCK05BK00L,MFJCSCK05BK00L,1,https://kr.mcmworldwide.com/ko_KR/%EC%97%AC%EC%84%B1/%EC%9D%98%EB%A5%98/%EB%AA%A8%EB%91%90%EB%B3%B4%EA%B8%B0/%EC%97%AC%EC%84%B1%EC%9A%A9-%ED%81%90%EB%B9%85-%EB%AA%A8%EB%85%B8%EA%B7%B8%EB%9E%A8-%EC%9E%90%EC%B9%B4%EB%93%9C-%EC%9A%B8-%EB%B8%94%EB%A0%88%EC%9D%B4%EC%A0%80/MFJCSCK05BK00L.html,https://images.mcmworldwide.com/i/mcmworldwide/MFJCSCK05BK00L_01/MFJCSCK05BK00L/여성용-큐빅-모노그램-자카드-울-블레이저?$large$&fmt=auto&qlt=default
여성,의류,모두보기,여성용-큐빅-모노그램-자카드-울-팬츠,MFPCSCK06BK00L,MFPCSCK06BK00L;MFPCSCK06BK0XS,2,https://kr.mcmworldwide.com/ko_KR/%EC%97%AC%EC%84%B1/%EC%9D%98%EB%A5%98/%EB%AA%A8%EB%91%90%EB%B3%B4%EA%B8%B0/%EC%97%AC%EC%84%B1%EC%9A%A9-%ED%81%90%EB%B9%85-%EB%AA%A8%EB%85%B8%EA%B7%B8%EB%9E%A8-%EC%9E%90%EC%B9%B4%EB%93%9C-%EC%9A%B8-%ED%8C%AC%EC%B8%A0/MFPCSCK06BK00L.html,https://images.mcmworldwide.com/i/mcmworldwide/MFPCSCK06BK00L_01/MFPCSCK06BK00L/여성용-큐빅-모노그램-자카드-울-팬츠?$large$&fmt=auto&qlt=default
여성,의류,모두보기,여성용-밸런타인데이-티셔츠,MFTCAMM04WT0XL,MFTCAMM04WT0XL,1,https://kr.mcmworldwide.com/ko_KR/%EC%97%AC%EC%84%B1/%EC%9D%98%EB%A5%98/%EB%AA%A8%EB%91%90%EB%B3%B4%EA%B8%B0/%EC%97%AC%EC%84%B1%EC%9A%A9-%EB%B0%B8%EB%9F%B0%ED%83%80%EC%9D%B8%EB%8D%B0%EC%9D%B4-%ED%8B%B0%EC%85%94%EC%B8%A0/MFTCAMM04WT0XL.html,https://images.mcmworldwide.com/i/mcmworldwide/MFTCAMM04WT0XL_01/MFTCAMM04WT0XL/여성용-밸런타인데이-티셔츠?$large$&fmt=auto&qlt=default
여성,의류,모두보기,시퀸-탱크탑,MFTEAMM05BK00L,MFTEAMM05BK00L,1,https://kr.mcmworldwide.com/ko_KR/%EC%97%AC%EC%84%B1/%EC%9D%98%EB%A5%98/%EB%AA%A8%EB%91%90%EB%B3%B4%EA%B8%B0/%EC%8B%9C%ED%80%B8-%ED%83%B1%ED%81%AC%ED%83%91/MFTEAMM05BK00L.html,https://images.mcmworldwide.com/i/mcmworldwide/MFTEAMM05BK00L_01/MFTEAMM05BK00L/시퀸-탱크탑?$large$&fmt=auto&qlt=default
여성,의류,스커트-팬츠,모노그램-미디-스커트-econyl®-,MFKFAMM01BK00M,MFKFAMM01BK00M;MFKFAMM01BK00S;MFKFAMM01BK0XS;MFKFAMM01PZ00M;MFKFAMM01PZ00S;MFKFAMM01PZ0XS,6,https://kr.mcmworldwide.com/ko_KR/%EC%97%AC%EC%84%B1/%EC%9D%98%EB%A5%98/%EC%8A%A4%EC%BB%A4%ED%8A%B8-%ED%8C%AC%EC%B8%A0/%EB%AA%A8%EB%85%B8%EA%B7%B8%EB%9E%A8-%EB%AF%B8%EB%94%94-%EC%8A%A4%EC%BB%A4%ED%8A%B8-econyl%C2%AE-/MFKFAMM01BK00M.html,https://images.mcmworldwide.com/i/mcmworldwide/MFKFAMM01BK00M_01/MFKFAMM01BK00M/모노그램-미디-스커트-econyl®-?$large$&fmt=auto&qlt=default
여성,의류,스커트-팬츠,econyl®-모노그램-프린트-스커트,MFKFAMM01CO00L,MFKFAMM01CO00L;MFKFAMM01CO00M;MFKFAMM01CO00S,3,https://kr.mcmworldwide.com/ko_KR/%EC%97%AC%EC%84%B1/%EC%9D%98%EB%A5%98/%EC%8A%A4%EC%BB%A4%ED%8A%B8-%ED%8C%AC%EC%B8%A0/econyl%C2%AE-%EB%AA%A8%EB%85%B8%EA%B7%B8%EB%9E%A8-%ED%94%84%EB%A6%B0%ED%8A%B8-%EC%8A%A4%EC%BB%A4%ED%8A%B8/MFKFAMM01CO00L.html,https://images.mcmworldwide.com/i/mcmworldwide/MFKFAMM01CO00L_01/MFKFAMM01CO00L/econyl®-모노그램-프린트-스커트?$large$&fmt=auto&qlt=default
여성,의류,스커트-팬츠,econyl®-모노그램-프린트-쇼츠,MFPFAMM01CO00L,MFPFAMM01CO00L;MFPFAMM01CO00M;MFPFAMM01CO00S,3,https://kr.mcmworldwide.com/ko_KR/%EC%97%AC%EC%84%B1/%EC%9D%98%EB%A5%98/%EC%8A%A4%EC%BB%A4%ED%8A%B8-%ED%8C%AC%EC%B8%A0/econyl%C2%AE-%EB%AA%A8%EB%85%B8%EA%B7%B8%EB%9E%A8-%ED%94%84%EB%A6%B0%ED%8A%B8-%EC%87%BC%EC%B8%A0/MFPFAMM01CO00L.html,https://images.mcmworldwide.com/i/mcmworldwide/MFPFAMM01CO00L_01/MFPFAMM01CO00L/econyl®-모노그램-프린트-쇼츠?$large$&fmt=auto&qlt=default
여성,의류,스커트-팬츠,econyl®과-모노그램-프린트-레더-스커트-레이어드-쇼츠,MFPFAMM05K800M,MFPFAMM05K800M;MFPFAMM05K800S;MFPFAMM05K80XS,3,https://kr.mcmworldwide.com/ko_KR/%EC%97%AC%EC%84%B1/%EC%9D%98%EB%A5%98/%EC%8A%A4%EC%BB%A4%ED%8A%B8-%ED%8C%AC%EC%B8%A0/econyl%C2%AE%EA%B3%BC-%EB%AA%A8%EB%85%B8%EA%B7%B8%EB%9E%A8-%ED%94%84%EB%A6%B0%ED%8A%B8-%EB%A0%88%EB%8D%94-%EC%8A%A4%EC%BB%A4%ED%8A%B8-%EB%A0%88%EC%9D%B4%EC%96%B4%EB%93%9C-%EC%87%BC%EC%B8%A0/MFPFAMM05K800M.html,https://images.mcmworldwide.com/i/mcmworldwide/MFPFAMM05K800M_01/MFPFAMM05K800M/econyl®과-모노그램-프린트-레더-스커트-레이어드-쇼츠?$large$&fmt=auto&qlt=default
여성,의류,스커트-팬츠,루렉스-데님-오버올-스커트,MFKGAMM01LI00M,MFKGAMM01LI00M;MFKGAMM01LI00S;MFKGAMM01LI0XS,3,https://kr.mcmworldwide.com/ko_KR/%EC%97%AC%EC%84%B1/%EC%9D%98%EB%A5%98/%EC%8A%A4%EC%BB%A4%ED%8A%B8-%ED%8C%AC%EC%B8%A0/%EB%A3%A8%EB%A0%89%EC%8A%A4-%EB%8D%B0%EB%8B%98-%EC%98%A4%EB%B2%84%EC%98%AC-%EC%8A%A4%EC%BB%A4%ED%8A%B8/MFKGAMM01LI00M.html,https://images.mcmworldwide.com/i/mcmworldwide/MFKGAMM01LI00M_01/MFKGAMM01LI00M/루렉스-데님-오버올-스커트?$large$&fmt=auto&qlt=default
여성,의류,스커트-팬츠,메탈릭-폴리에스터-카고-팬츠,MFPEAMM03SV00M,MFPEAMM03SV00M;MFPEAMM03SV00S,2,https://kr.mcmworldwide.com/ko_KR/%EC%97%AC%EC%84%B1/%EC%9D%98%EB%A5%98/%EC%8A%A4%EC%BB%A4%ED%8A%B8-%ED%8C%AC%EC%B8%A0/%EB%A9%94%ED%83%88%EB%A6%AD-%ED%8F%B4%EB%A6%AC%EC%97%90%EC%8A%A4%ED%84%B0-%EC%B9%B4%EA%B3%A0-%ED%8C%AC%EC%B8%A0/MFPEAMM03SV00M.html,https://images.mcmworldwide.com/i/mcmworldwide/MFPEAMM03SV00M_01/MFPEAMM03SV00M/메탈릭-폴리에스터-카고-팬츠?$large$&fmt=auto&qlt=default
여성,의류,스커트-팬츠,아프레-스키-메탈릭-폴리에스터-퀼트-팬츠,MFPEAMM04SV00M,MFPEAMM04SV00M;MFPEAMM04SV00S,2,https://kr.mcmworldwide.com/ko_KR/%EC%97%AC%EC%84%B1/%EC%9D%98%EB%A5%98/%EC%8A%A4%EC%BB%A4%ED%8A%B8-%ED%8C%AC%EC%B8%A0/%EC%95%84%ED%94%84%EB%A0%88-%EC%8A%A4%ED%82%A4-%EB%A9%94%ED%83%88%EB%A6%AD-%ED%8F%B4%EB%A6%AC%EC%97%90%EC%8A%A4%ED%84%B0-%ED%80%BC%ED%8A%B8-%ED%8C%AC%EC%B8%A0/MFPEAMM04SV00M.html,https://images.mcmworldwide.com/i/mcmworldwide/MFPEAMM04SV00M_01/MFPEAMM04SV00M/아프레-스키-메탈릭-폴리에스터-퀼트-팬츠?$large$&fmt=auto&qlt=default
여성,의류,스커트-팬츠,로레토스-울-자카드-팬츠,MFPEAMM05VC038,MFPEAMM05VC038;MFPEAMM05VC040;MFPEAMM05VC042,3,https://kr.mcmworldwide.com/ko_KR/%EC%97%AC%EC%84%B1/%EC%9D%98%EB%A5%98/%EC%8A%A4%EC%BB%A4%ED%8A%B8-%ED%8C%AC%EC%B8%A0/%EB%A1%9C%EB%A0%88%ED%86%A0%EC%8A%A4-%EC%9A%B8-%EC%9E%90%EC%B9%B4%EB%93%9C-%ED%8C%AC%EC%B8%A0/MFPEAMM05VC038.html,https://images.mcmworldwide.com/i/mcmworldwide/MFPEAMM05VC038_01/MFPEAMM05VC038/로레토스-울-자카드-팬츠?$large$&fmt=auto&qlt=default
여성,의류,스커트-팬츠,부클레-팬츠,MFPESMM03VC038,MFPESMM03VC038;MFPESMM03VC040;MFPESMM03VC042;MFPESMM03VC044,4,https://kr.mcmworldwide.com/ko_KR/%EC%97%AC%EC%84%B1/%EC%9D%98%EB%A5%98/%EC%8A%A4%EC%BB%A4%ED%8A%B8-%ED%8C%AC%EC%B8%A0/%EB%B6%80%ED%81%B4%EB%A0%88-%ED%8C%AC%EC%B8%A0/MFPESMM03VC038.html,https://images.mcmworldwide.com/i/mcmworldwide/MFPESMM03VC038_01/MFPESMM03VC038/부클레-팬츠?$large$&fmt=auto&qlt=default
여성,의류,스커트-팬츠,양가죽-버뮤다-쇼츠,MFPFAMM02BK040,MFPFAMM02BK040;MFPFAMM02BK042,2,https://kr.mcmworldwide.com/ko_KR/%EC%97%AC%EC%84%B1/%EC%9D%98%EB%A5%98/%EC%8A%A4%EC%BB%A4%ED%8A%B8-%ED%8C%AC%EC%B8%A0/%EC%96%91%EA%B0%80%EC%A3%BD-%EB%B2%84%EB%AE%A4%EB%8B%A4-%EC%87%BC%EC%B8%A0/MFPFAMM02BK040.html,https://images.mcmworldwide.com/i/mcmworldwide/MFPFAMM02BK040_01/MFPFAMM02BK040/양가죽-버뮤다-쇼츠?$large$&fmt=auto&qlt=default
여성,의류,스커트-팬츠,카고-팬츠,MFPFAMM03IG00M,MFPFAMM03IG00M;MFPFAMM03IG00S,2,https://kr.mcmworldwide.com/ko_KR/%EC%97%AC%EC%84%B1/%EC%9D%98%EB%A5%98/%EC%8A%A4%EC%BB%A4%ED%8A%B8-%ED%8C%AC%EC%B8%A0/%EC%B9%B4%EA%B3%A0-%ED%8C%AC%EC%B8%A0/MFPFAMM03IG00M.html,https://images.mcmworldwide.com/i/mcmworldwide/MFPFAMM03IG00M_01/MFPFAMM03IG00M/카고-팬츠?$large$&fmt=auto&qlt=default
여성,의류,스커트-팬츠,모노그램-데님-자카드-진,MFPFAMM04HD040,MFPFAMM04HD040;MFPFAMM04HD042,2,https://kr.mcmworldwide.com/ko_KR/%EC%97%AC%EC%84%B1/%EC%9D%98%EB%A5%98/%EC%8A%A4%EC%BB%A4%ED%8A%B8-%ED%8C%AC%EC%B8%A0/%EB%AA%A8%EB%85%B8%EA%B7%B8%EB%9E%A8-%EB%8D%B0%EB%8B%98-%EC%9E%90%EC%B9%B4%EB%93%9C-%EC%A7%84/MFPFAMM04HD040.html,https://images.mcmworldwide.com/i/mcmworldwide/MFPFAMM04HD040_01/MFPFAMM04HD040/모노그램-데님-자카드-진?$large$&fmt=auto&qlt=default
여성,의류,스커트-팬츠,루렉스-울-플레어-팬츠,MFPGAMM02BK040,MFPGAMM02BK040;MFPGAMM02BK042,2,https://kr.mcmworldwide.com/ko_KR/%EC%97%AC%EC%84%B1/%EC%9D%98%EB%A5%98/%EC%8A%A4%EC%BB%A4%ED%8A%B8-%ED%8C%AC%EC%B8%A0/%EB%A3%A8%EB%A0%89%EC%8A%A4-%EC%9A%B8-%ED%94%8C%EB%A0%88%EC%96%B4-%ED%8C%AC%EC%B8%A0/MFPGAMM02BK040.html,https://images.mcmworldwide.com/i/mcmworldwide/MFPGAMM02BK040_01/MFPGAMM02BK040/루렉스-울-플레어-팬츠?$large$&fmt=auto&qlt=default
여성,의류,스커트-팬츠,루렉스-데님-플레어-팬츠,MFPGAMM04LI038,MFPGAMM04LI038;MFPGAMM04LI040;MFPGAMM04LI042,3,https://kr.mcmworldwide.com/ko_KR/%EC%97%AC%EC%84%B1/%EC%9D%98%EB%A5%98/%EC%8A%A4%EC%BB%A4%ED%8A%B8-%ED%8C%AC%EC%B8%A0/%EB%A3%A8%EB%A0%89%EC%8A%A4-%EB%8D%B0%EB%8B%98-%ED%94%8C%EB%A0%88%EC%96%B4-%ED%8C%AC%EC%B8%A0/MFPGAMM04LI038.html,https://images.mcmworldwide.com/i/mcmworldwide/MFPGAMM04LI038_01/MFPGAMM04LI038/루렉스-데님-플레어-팬츠?$large$&fmt=auto&qlt=default
여성,의류,스커트-팬츠,실크-파자마-팬츠,MFPGAMM05OQ040,MFPGAMM05OQ040;MFPGAMM05OQ042;MFPGAMM05PZ040;MFPGAMM05PZ042,4,https://kr.mcmworldwide.com/ko_KR/%EC%97%AC%EC%84%B1/%EC%9D%98%EB%A5%98/%EC%8A%A4%EC%BB%A4%ED%8A%B8-%ED%8C%AC%EC%B8%A0/%EC%8B%A4%ED%81%AC-%ED%8C%8C%EC%9E%90%EB%A7%88-%ED%8C%AC%EC%B8%A0/MFPGAMM05OQ040.html,https://images.mcmworldwide.com/i/mcmworldwide/MFPGAMM05OQ040_01/MFPGAMM05OQ040/실크-파자마-팬츠?$large$&fmt=auto&qlt=default
여성,의류,스커트-팬츠,워싱-데님-진,MFPGAMM06PZ038,MFPGAMM06PZ038;MFPGAMM06PZ040;MFPGAMM06PZ042,3,https://kr.mcmworldwide.com/ko_KR/%EC%97%AC%EC%84%B1/%EC%9D%98%EB%A5%98/%EC%8A%A4%EC%BB%A4%ED%8A%B8-%ED%8C%AC%EC%B8%A0/%EC%9B%8C%EC%8B%B1-%EB%8D%B0%EB%8B%98-%EC%A7%84/MFPGAMM06PZ038.html,https://images.mcmworldwide.com/i/mcmworldwide/MFPGAMM06PZ038_01/MFPGAMM06PZ038/워싱-데님-진?$large$&fmt=auto&qlt=default
여성,의류,스커트-팬츠,별자리-데님-진,MFPGSMM021H038,MFPGSMM021H038;MFPGSMM021H040;MFPGSMM021H042;MFPGSMM021H044,4,https://kr.mcmworldwide.com/ko_KR/%EC%97%AC%EC%84%B1/%EC%9D%98%EB%A5%98/%EC%8A%A4%EC%BB%A4%ED%8A%B8-%ED%8C%AC%EC%B8%A0/%EB%B3%84%EC%9E%90%EB%A6%AC-%EB%8D%B0%EB%8B%98-%EC%A7%84/MFPGSMM021H038.html,https://images.mcmworldwide.com/i/mcmworldwide/MFPGSMM021H038_01/MFPGSMM021H038/별자리-데님-진?$large$&fmt=auto&qlt=default
여성,의류,스커트-팬츠,울-트윌-모노그램-팬츠,MFPGSMM03NL038,MFPGSMM03NL038;MFPGSMM03NL040;MFPGSMM03NL042;MFPGSMM03NL044,4,https://kr.mcmworldwide.com/ko_KR/%EC%97%AC%EC%84%B1/%EC%9D%98%EB%A5%98/%EC%8A%A4%EC%BB%A4%ED%8A%B8-%ED%8C%AC%EC%B8%A0/%EC%9A%B8-%ED%8A%B8%EC%9C%8C-%EB%AA%A8%EB%85%B8%EA%B7%B8%EB%9E%A8-%ED%8C%AC%EC%B8%A0/MFPGSMM03NL038.html,https://images.mcmworldwide.com/i/mcmworldwide/MFPGSMM03NL038_01/MFPGSMM03NL038/울-트윌-모노그램-팬츠?$large$&fmt=auto&qlt=default
여성,의류,스커트-팬츠,양가죽-쇼츠,MFPGSMM04BK040,MFPGSMM04BK040;MFPGSMM04BK042,2,https://kr.mcmworldwide.com/ko_KR/%EC%97%AC%EC%84%B1/%EC%9D%98%EB%A5%98/%EC%8A%A4%EC%BB%A4%ED%8A%B8-%ED%8C%AC%EC%B8%A0/%EC%96%91%EA%B0%80%EC%A3%BD-%EC%87%BC%EC%B8%A0/MFPGSMM04BK040.html,https://images.mcmworldwide.com/i/mcmworldwide/MFPGSMM04BK040_01/MFPGSMM04BK040/양가죽-쇼츠?$large$&fmt=auto&qlt=default
여성,의류,재킷-코트,시어링-econyl®-애비에이터-재킷,MFJFAMM01IG00M,MFJFAMM01IG00M,1,https://kr.mcmworldwide.com/ko_KR/%EC%97%AC%EC%84%B1/%EC%9D%98%EB%A5%98/%EC%9E%AC%ED%82%B7-%EC%BD%94%ED%8A%B8/%EC%8B%9C%EC%96%B4%EB%A7%81-econyl%C2%AE-%EC%95%A0%EB%B9%84%EC%97%90%EC%9D%B4%ED%84%B0-%EC%9E%AC%ED%82%B7/MFJFAMM01IG00M.html,https://images.mcmworldwide.com/i/mcmworldwide/MFJFAMM01IG00M_01/MFJFAMM01IG00M/시어링-econyl®-애비에이터-재킷?$large$&fmt=auto&qlt=default
여성,의류,재킷-코트,모노그램-프린트-후드-윈드브레이커-econyl®-,MFJGAMM01CO00L,MFJGAMM01CO00L;MFJGAMM01CO00M;MFJGAMM01CO00S;MFJGAMM01PZ00L;MFJGAMM01PZ00M;MFJGAMM01PZ00S,6,https://kr.mcmworldwide.com/ko_KR/%EC%97%AC%EC%84%B1/%EC%9D%98%EB%A5%98/%EC%9E%AC%ED%82%B7-%EC%BD%94%ED%8A%B8/%EB%AA%A8%EB%85%B8%EA%B7%B8%EB%9E%A8-%ED%94%84%EB%A6%B0%ED%8A%B8-%ED%9B%84%EB%93%9C-%EC%9C%88%EB%93%9C%EB%B8%8C%EB%A0%88%EC%9D%B4%EC%BB%A4-econyl%C2%AE-/MFJGAMM01CO00L.html,https://images.mcmworldwide.com/i/mcmworldwide/MFJGAMM01CO00L_01/MFJGAMM01CO00L/모노그램-프린트-후드-윈드브레이커-econyl®-?$large$&fmt=auto&qlt=default
여성,의류,재킷-코트,mcmotor-양가죽-크롭-바이크-재킷,MFJBAMM03BK00L,MFJBAMM03BK00L;MFJBAMM03BK00M;MFJBAMM03BK00S,3,https://kr.mcmworldwide.com/ko_KR/%EC%97%AC%EC%84%B1/%EC%9D%98%EB%A5%98/%EC%9E%AC%ED%82%B7-%EC%BD%94%ED%8A%B8/mcmotor-%EC%96%91%EA%B0%80%EC%A3%BD-%ED%81%AC%EB%A1%AD-%EB%B0%94%EC%9D%B4%ED%81%AC-%EC%9E%AC%ED%82%B7/MFJBAMM03BK00L.html,https://images.mcmworldwide.com/i/mcmworldwide/MFJBAMM03BK00L_01/MFJBAMM03BK00L/mcmotor-양가죽-크롭-바이크-재킷?$large$&fmt=auto&qlt=default
여성,의류,재킷-코트,로레토스-모노그램-투인원-데님-파카,MFCEAMM02LI00S,MFCEAMM02LI00S,1,https://kr.mcmworldwide.com/ko_KR/%EC%97%AC%EC%84%B1/%EC%9D%98%EB%A5%98/%EC%9E%AC%ED%82%B7-%EC%BD%94%ED%8A%B8/%EB%A1%9C%EB%A0%88%ED%86%A0%EC%8A%A4-%EB%AA%A8%EB%85%B8%EA%B7%B8%EB%9E%A8-%ED%88%AC%EC%9D%B8%EC%9B%90-%EB%8D%B0%EB%8B%98-%ED%8C%8C%EC%B9%B4/MFCEAMM02LI00S.html,https://images.mcmworldwide.com/i/mcmworldwide/MFCEAMM02LI00S_01/MFCEAMM02LI00S/로레토스-모노그램-투인원-데님-파카?$large$&fmt=auto&qlt=default
여성,의류,재킷-코트,아프레-스키-메탈릭-폴리에스터-퀼트-패딩,MFCEAMM03SV00M,MFCEAMM03SV00M;MFCEAMM03SV00S,2,https://kr.mcmworldwide.com/ko_KR/%EC%97%AC%EC%84%B1/%EC%9D%98%EB%A5%98/%EC%9E%AC%ED%82%B7-%EC%BD%94%ED%8A%B8/%EC%95%84%ED%94%84%EB%A0%88-%EC%8A%A4%ED%82%A4-%EB%A9%94%ED%83%88%EB%A6%AD-%ED%8F%B4%EB%A6%AC%EC%97%90%EC%8A%A4%ED%84%B0-%ED%80%BC%ED%8A%B8-%ED%8C%A8%EB%94%A9/MFCEAMM03SV00M.html,https://images.mcmworldwide.com/i/mcmworldwide/MFCEAMM03SV00M_01/MFCEAMM03SV00M/아프레-스키-메탈릭-폴리에스터-퀼트-패딩?$large$&fmt=auto&qlt=default
여성,의류,재킷-코트,트렌치-코트,MFCFAMM02IG038,MFCFAMM02IG038;MFCFAMM02IG040,2,https://kr.mcmworldwide.com/ko_KR/%EC%97%AC%EC%84%B1/%EC%9D%98%EB%A5%98/%EC%9E%AC%ED%82%B7-%EC%BD%94%ED%8A%B8/%ED%8A%B8%EB%A0%8C%EC%B9%98-%EC%BD%94%ED%8A%B8/MFCFAMM02IG038.html,https://images.mcmworldwide.com/i/mcmworldwide/MFCFAMM02IG038_01/MFCFAMM02IG038/트렌치-코트?$large$&fmt=auto&qlt=default
여성,의류,재킷-코트,탈착-가능한-후드가-있는-오버사이즈-크롭-트렌치-코트,MFJEAMM05IG00S,MFJEAMM05IG00S;MFJEAMM05IG0XS,2,https://kr.mcmworldwide.com/ko_KR/%EC%97%AC%EC%84%B1/%EC%9D%98%EB%A5%98/%EC%9E%AC%ED%82%B7-%EC%BD%94%ED%8A%B8/%ED%83%88%EC%B0%A9-%EA%B0%80%EB%8A%A5%ED%95%9C-%ED%9B%84%EB%93%9C%EA%B0%80-%EC%9E%88%EB%8A%94-%EC%98%A4%EB%B2%84%EC%82%AC%EC%9D%B4%EC%A6%88-%ED%81%AC%EB%A1%AD-%ED%8A%B8%EB%A0%8C%EC%B9%98-%EC%BD%94%ED%8A%B8/MFJEAMM05IG00S.html,https://images.mcmworldwide.com/i/mcmworldwide/MFJEAMM05IG00S_01/MFJEAMM05IG00S/탈착-가능한-후드가-있는-오버사이즈-크롭-트렌치-코트?$large$&fmt=auto&qlt=default
여성,의류,재킷-코트,블루종-가죽-재킷,MFJEAMM06BK00M,MFJEAMM06BK00M,1,https://kr.mcmworldwide.com/ko_KR/%EC%97%AC%EC%84%B1/%EC%9D%98%EB%A5%98/%EC%9E%AC%ED%82%B7-%EC%BD%94%ED%8A%B8/%EB%B8%94%EB%A3%A8%EC%A2%85-%EA%B0%80%EC%A3%BD-%EC%9E%AC%ED%82%B7/MFJEAMM06BK00M.html,https://images.mcmworldwide.com/i/mcmworldwide/MFJEAMM06BK00M_01/MFJEAMM06BK00M/블루종-가죽-재킷?$large$&fmt=auto&qlt=default
여성,의류,재킷-코트,부클레-재킷,MFJESMM05VC038,MFJESMM05VC038;MFJESMM05VC040;MFJESMM05VC042;MFJESMM05VC044,4,https://kr.mcmworldwide.com/ko_KR/%EC%97%AC%EC%84%B1/%EC%9D%98%EB%A5%98/%EC%9E%AC%ED%82%B7-%EC%BD%94%ED%8A%B8/%EB%B6%80%ED%81%B4%EB%A0%88-%EC%9E%AC%ED%82%B7/MFJESMM05VC038.html,https://images.mcmworldwide.com/i/mcmworldwide/MFJESMM05VC038_01/MFJESMM05VC038/부클레-재킷?$large$&fmt=auto&qlt=default
여성,의류,재킷-코트,파워-울-재킷,MFJESMM06BK038,MFJESMM06BK038;MFJESMM06BK040,2,https://kr.mcmworldwide.com/ko_KR/%EC%97%AC%EC%84%B1/%EC%9D%98%EB%A5%98/%EC%9E%AC%ED%82%B7-%EC%BD%94%ED%8A%B8/%ED%8C%8C%EC%9B%8C-%EC%9A%B8-%EC%9E%AC%ED%82%B7/MFJESMM06BK038.html,https://images.mcmworldwide.com/i/mcmworldwide/MFJESMM06BK038_01/MFJESMM06BK038/파워-울-재킷?$large$&fmt=auto&qlt=default
여성,의류,재킷-코트,메탈릭-루렉스-트위드-재킷,MFJESMM07TV042,MFJESMM07TV042,1,https://kr.mcmworldwide.com/ko_KR/%EC%97%AC%EC%84%B1/%EC%9D%98%EB%A5%98/%EC%9E%AC%ED%82%B7-%EC%BD%94%ED%8A%B8/%EB%A9%94%ED%83%88%EB%A6%AD-%EB%A3%A8%EB%A0%89%EC%8A%A4-%ED%8A%B8%EC%9C%84%EB%93%9C-%EC%9E%AC%ED%82%B7/MFJESMM07TV042.html,https://images.mcmworldwide.com/i/mcmworldwide/MFJESMM07TV042_01/MFJESMM07TV042/메탈릭-루렉스-트위드-재킷?$large$&fmt=auto&qlt=default
여성,의류,재킷-코트,워싱-데님-재킷,MFJGAMM02PZ040,MFJGAMM02PZ040;MFJGAMM02PZ042;MFJGAMM02PZ044,3,https://kr.mcmworldwide.com/ko_KR/%EC%97%AC%EC%84%B1/%EC%9D%98%EB%A5%98/%EC%9E%AC%ED%82%B7-%EC%BD%94%ED%8A%B8/%EC%9B%8C%EC%8B%B1-%EB%8D%B0%EB%8B%98-%EC%9E%AC%ED%82%B7/MFJGAMM02PZ040.html,https://images.mcmworldwide.com/i/mcmworldwide/MFJGAMM02PZ040_01/MFJGAMM02PZ040/워싱-데님-재킷?$large$&fmt=auto&qlt=default
여성,의류,재킷-코트,모노그램-레더-벨트가-더해진-별자리-데님-재킷,MFJGSMM051H040,MFJGSMM051H040;MFJGSMM051H042;MFJGSMM051H044,3,https://kr.mcmworldwide.com/ko_KR/%EC%97%AC%EC%84%B1/%EC%9D%98%EB%A5%98/%EC%9E%AC%ED%82%B7-%EC%BD%94%ED%8A%B8/%EB%AA%A8%EB%85%B8%EA%B7%B8%EB%9E%A8-%EB%A0%88%EB%8D%94-%EB%B2%A8%ED%8A%B8%EA%B0%80-%EB%8D%94%ED%95%B4%EC%A7%84-%EB%B3%84%EC%9E%90%EB%A6%AC-%EB%8D%B0%EB%8B%98-%EC%9E%AC%ED%82%B7/MFJGSMM051H040.html,https://images.mcmworldwide.com/i/mcmworldwide/MFJGSMM051H040_01/MFJGSMM051H040/모노그램-레더-벨트가-더해진-별자리-데님-재킷?$large$&fmt=auto&qlt=default
여성,의류,재킷-코트,탈부착-후드-리사이클-나일론-패딩-베스트,MFVFAMM01NR00L,MFVFAMM01NR00L;MFVFAMM01NR00M;MFVFAMM01NR00S,3,https://kr.mcmworldwide.com/ko_KR/%EC%97%AC%EC%84%B1/%EC%9D%98%EB%A5%98/%EC%9E%AC%ED%82%B7-%EC%BD%94%ED%8A%B8/%ED%83%88%EB%B6%80%EC%B0%A9-%ED%9B%84%EB%93%9C-%EB%A6%AC%EC%82%AC%EC%9D%B4%ED%81%B4-%EB%82%98%EC%9D%BC%EB%A1%A0-%ED%8C%A8%EB%94%A9-%EB%B2%A0%EC%8A%A4%ED%8A%B8/MFVFAMM01NR00L.html,https://images.mcmworldwide.com/i/mcmworldwide/MFVFAMM01NR00L_01/MFVFAMM01NR00L/탈부착-후드-리사이클-나일론-패딩-베스트?$large$&fmt=auto&qlt=default
여성,의류,재킷-코트,트위드-베스트,MFVGAMM01BK00M,MFVGAMM01BK00M;MFVGAMM01BK00S,2,https://kr.mcmworldwide.com/ko_KR/%EC%97%AC%EC%84%B1/%EC%9D%98%EB%A5%98/%EC%9E%AC%ED%82%B7-%EC%BD%94%ED%8A%B8/%ED%8A%B8%EC%9C%84%EB%93%9C-%EB%B2%A0%EC%8A%A4%ED%8A%B8/MFVGAMM01BK00M.html,https://images.mcmworldwide.com/i/mcmworldwide/MFVGAMM01BK00M_01/MFVGAMM01BK00M/트위드-베스트?$large$&fmt=auto&qlt=default
여성,의류,재킷-코트,리버서블-푸퍼-베스트,MFVGAMM02SV00M,MFVGAMM02SV00M,1,https://kr.mcmworldwide.com/ko_KR/%EC%97%AC%EC%84%B1/%EC%9D%98%EB%A5%98/%EC%9E%AC%ED%82%B7-%EC%BD%94%ED%8A%B8/%EB%A6%AC%EB%B2%84%EC%84%9C%EB%B8%94-%ED%91%B8%ED%8D%BC-%EB%B2%A0%EC%8A%A4%ED%8A%B8/MFVGAMM02SV00M.html,https://images.mcmworldwide.com/i/mcmworldwide/MFVGAMM02SV00M_01/MFVGAMM02SV00M/리버서블-푸퍼-베스트?$large$&fmt=auto&qlt=default
여성,의류,재킷-코트,태권도-베스트,MFVGSMM02RP040,MFVGSMM02RP040;MFVGSMM02RP042,2,https://kr.mcmworldwide.com/ko_KR/%EC%97%AC%EC%84%B1/%EC%9D%98%EB%A5%98/%EC%9E%AC%ED%82%B7-%EC%BD%94%ED%8A%B8/%ED%83%9C%EA%B6%8C%EB%8F%84-%EB%B2%A0%EC%8A%A4%ED%8A%B8/MFVGSMM02RP040.html,https://images.mcmworldwide.com/i/mcmworldwide/MFVGSMM02RP040_01/MFVGSMM02RP040/태권도-베스트?$large$&fmt=auto&qlt=default
여성,의류,티셔츠-탑,모노그램-econyl®이-더해진-라우렐-크롭-코튼-티셔츠,MFTFAMM03BW00M,MFTFAMM03BW00M;MFTFAMM03BW00S;MFTFAMM03BW0XS;MFTFAMM03PZ00M;MFTFAMM03PZ00S;MFTFAMM03PZ0XS;MFTFAMM03WT00L;MFTFAMM03WT00M;MFTFAMM03WT00S,9,https://kr.mcmworldwide.com/ko_KR/%EC%97%AC%EC%84%B1/%EC%9D%98%EB%A5%98/%ED%8B%B0%EC%85%94%EC%B8%A0-%ED%83%91/%EB%AA%A8%EB%85%B8%EA%B7%B8%EB%9E%A8-econyl%C2%AE%EC%9D%B4-%EB%8D%94%ED%95%B4%EC%A7%84-%EB%9D%BC%EC%9A%B0%EB%A0%90-%ED%81%AC%EB%A1%AD-%EC%BD%94%ED%8A%BC-%ED%8B%B0%EC%85%94%EC%B8%A0/MFTFAMM03BW00M.html,https://images.mcmworldwide.com/i/mcmworldwide/MFTFAMM03BW00M_01/MFTFAMM03BW00M/모노그램-econyl®이-더해진-라우렐-크롭-코튼-티셔츠?$large$&fmt=auto&qlt=default
여성,의류,티셔츠-탑,메탈릭-폴리에스터-오버사이즈-셔츠,MFHEAMM03SV040,MFHEAMM03SV040;MFHEAMM03SV042,2,https://kr.mcmworldwide.com/ko_KR/%EC%97%AC%EC%84%B1/%EC%9D%98%EB%A5%98/%ED%8B%B0%EC%85%94%EC%B8%A0-%ED%83%91/%EB%A9%94%ED%83%88%EB%A6%AD-%ED%8F%B4%EB%A6%AC%EC%97%90%EC%8A%A4%ED%84%B0-%EC%98%A4%EB%B2%84%EC%82%AC%EC%9D%B4%EC%A6%88-%EC%85%94%EC%B8%A0/MFHEAMM03SV040.html,https://images.mcmworldwide.com/i/mcmworldwide/MFHEAMM03SV040_01/MFHEAMM03SV040/메탈릭-폴리에스터-오버사이즈-셔츠?$large$&fmt=auto&qlt=default
여성,의류,티셔츠-탑,양가죽-셔츠,MFHEAMM04BK038,MFHEAMM04BK038;MFHEAMM04BK040,2,https://kr.mcmworldwide.com/ko_KR/%EC%97%AC%EC%84%B1/%EC%9D%98%EB%A5%98/%ED%8B%B0%EC%85%94%EC%B8%A0-%ED%83%91/%EC%96%91%EA%B0%80%EC%A3%BD-%EC%85%94%EC%B8%A0/MFHEAMM04BK038.html,https://images.mcmworldwide.com/i/mcmworldwide/MFHEAMM04BK038_01/MFHEAMM04BK038/양가죽-셔츠?$large$&fmt=auto&qlt=default
여성,의류,티셔츠-탑,모노그램-데님-자카드-자켓,MFHFAMM01HD040,MFHFAMM01HD040;MFHFAMM01HD042;MFHFAMM01HD044,3,https://kr.mcmworldwide.com/ko_KR/%EC%97%AC%EC%84%B1/%EC%9D%98%EB%A5%98/%ED%8B%B0%EC%85%94%EC%B8%A0-%ED%83%91/%EB%AA%A8%EB%85%B8%EA%B7%B8%EB%9E%A8-%EB%8D%B0%EB%8B%98-%EC%9E%90%EC%B9%B4%EB%93%9C-%EC%9E%90%EC%BC%93/MFHFAMM01HD040.html,https://images.mcmworldwide.com/i/mcmworldwide/MFHFAMM01HD040_01/MFHFAMM01HD040/모노그램-데님-자카드-자켓?$large$&fmt=auto&qlt=default
여성,의류,티셔츠-탑,실크-파자마-셔츠,MFHGAMM01OQ040,MFHGAMM01OQ040;MFHGAMM01OQ042;MFHGAMM01PZ040;MFHGAMM01PZ042;MFHGAMM01PZ044,5,https://kr.mcmworldwide.com/ko_KR/%EC%97%AC%EC%84%B1/%EC%9D%98%EB%A5%98/%ED%8B%B0%EC%85%94%EC%B8%A0-%ED%83%91/%EC%8B%A4%ED%81%AC-%ED%8C%8C%EC%9E%90%EB%A7%88-%EC%85%94%EC%B8%A0/MFHGAMM01OQ040.html,https://images.mcmworldwide.com/i/mcmworldwide/MFHGAMM01OQ040_01/MFHGAMM01OQ040/실크-파자마-셔츠?$large$&fmt=auto&qlt=default
여성,의류,티셔츠-탑,모노그램-플록-포켓-웨스턴-셔츠,MFHGAMM02L8040,MFHGAMM02L8040;MFHGAMM02L8042;MFHGAMM02L8044,3,https://kr.mcmworldwide.com/ko_KR/%EC%97%AC%EC%84%B1/%EC%9D%98%EB%A5%98/%ED%8B%B0%EC%85%94%EC%B8%A0-%ED%83%91/%EB%AA%A8%EB%85%B8%EA%B7%B8%EB%9E%A8-%ED%94%8C%EB%A1%9D-%ED%8F%AC%EC%BC%93-%EC%9B%A8%EC%8A%A4%ED%84%B4-%EC%85%94%EC%B8%A0/MFHGAMM02L8040.html,https://images.mcmworldwide.com/i/mcmworldwide/MFHGAMM02L8040_01/MFHGAMM02L8040/모노그램-플록-포켓-웨스턴-셔츠?$large$&fmt=auto&qlt=default
여성,의류,티셔츠-탑,그라데이션-모노그램-립스탑-나일론-블라우스,MFHGSMM02L8042,MFHGSMM02L8042,1,https://kr.mcmworldwide.com/ko_KR/%EC%97%AC%EC%84%B1/%EC%9D%98%EB%A5%98/%ED%8B%B0%EC%85%94%EC%B8%A0-%ED%83%91/%EA%B7%B8%EB%9D%BC%EB%8D%B0%EC%9D%B4%EC%85%98-%EB%AA%A8%EB%85%B8%EA%B7%B8%EB%9E%A8-%EB%A6%BD%EC%8A%A4%ED%83%91-%EB%82%98%EC%9D%BC%EB%A1%A0-%EB%B8%94%EB%9D%BC%EC%9A%B0%EC%8A%A4/MFHGSMM02L8042.html,https://images.mcmworldwide.com/i/mcmworldwide/MFHGSMM02L8042_01/MFHGSMM02L8042/그라데이션-모노그램-립스탑-나일론-블라우스?$large$&fmt=auto&qlt=default
여성,의류,티셔츠-탑,크리스탈-모노그램-폰테-티셔츠,MFTEAMM04ET00M,MFTEAMM04ET00M,1,https://kr.mcmworldwide.com/ko_KR/%EC%97%AC%EC%84%B1/%EC%9D%98%EB%A5%98/%ED%8B%B0%EC%85%94%EC%B8%A0-%ED%83%91/%ED%81%AC%EB%A6%AC%EC%8A%A4%ED%83%88-%EB%AA%A8%EB%85%B8%EA%B7%B8%EB%9E%A8-%ED%8F%B0%ED%85%8C-%ED%8B%B0%EC%85%94%EC%B8%A0/MFTEAMM04ET00M.html,https://images.mcmworldwide.com/i/mcmworldwide/MFTEAMM04ET00M_01/MFTEAMM04ET00M/크리스탈-모노그램-폰테-티셔츠?$large$&fmt=auto&qlt=default
여성,의류,티셔츠-탑,로고-프린트-티셔츠,MFTFSBC01WT00S,MFTFSBC01WT00S,1,https://kr.mcmworldwide.com/ko_KR/%EC%97%AC%EC%84%B1/%EC%9D%98%EB%A5%98/%ED%8B%B0%EC%85%94%EC%B8%A0-%ED%83%91/%EB%A1%9C%EA%B3%A0-%ED%94%84%EB%A6%B0%ED%8A%B8-%ED%8B%B0%EC%85%94%EC%B8%A0/MFTFSBC01WT00S.html,https://images.mcmworldwide.com/i/mcmworldwide/MFTFSBC01WT00S_01/MFTFSBC01WT00S/로고-프린트-티셔츠?$large$&fmt=auto&qlt=default
여성,의류,티셔츠-탑,디스코-시퀸-티셔츠-,MFTGAMM01WT00L,MFTGAMM01WT00L;MFTGAMM01WT00M;MFTGAMM01WT00S,3,https://kr.mcmworldwide.com/ko_KR/%EC%97%AC%EC%84%B1/%EC%9D%98%EB%A5%98/%ED%8B%B0%EC%85%94%EC%B8%A0-%ED%83%91/%EB%94%94%EC%8A%A4%EC%BD%94-%EC%8B%9C%ED%80%B8-%ED%8B%B0%EC%85%94%EC%B8%A0-/MFTGAMM01WT00L.html,https://images.mcmworldwide.com/i/mcmworldwide/MFTGAMM01WT00L_01/MFTGAMM01WT00L/디스코-시퀸-티셔츠-?$large$&fmt=auto&qlt=default
여성,의류,티셔츠-탑,모노그램-크롭-티셔츠-,MFTGSMM05WT00L,MFTGSMM05WT00L;MFTGSMM05WT00M;MFTGSMM05WT00S,3,https://kr.mcmworldwide.com/ko_KR/%EC%97%AC%EC%84%B1/%EC%9D%98%EB%A5%98/%ED%8B%B0%EC%85%94%EC%B8%A0-%ED%83%91/%EB%AA%A8%EB%85%B8%EA%B7%B8%EB%9E%A8-%ED%81%AC%EB%A1%AD-%ED%8B%B0%EC%85%94%EC%B8%A0-/MFTGSMM05WT00L.html,https://images.mcmworldwide.com/i/mcmworldwide/MFTGSMM05WT00L_01/MFTGSMM05WT00L/모노그램-크롭-티셔츠-?$large$&fmt=auto&qlt=default
여성,지갑-레더소품,모두보기,aren-비세토스-오리지널-지퍼-지갑,MYLAAVI03CO001,MYLAAVI03CO001,1,https://kr.mcmworldwide.com/ko_KR/%EC%97%AC%EC%84%B1/%EC%A7%80%EA%B0%91-%EB%A0%88%EB%8D%94%EC%86%8C%ED%92%88/%EB%AA%A8%EB%91%90%EB%B3%B4%EA%B8%B0/aren-%EB%B9%84%EC%84%B8%ED%86%A0%EC%8A%A4-%EC%98%A4%EB%A6%AC%EC%A7%80%EB%84%90-%EC%A7%80%ED%8D%BC-%EC%A7%80%EA%B0%91/MYLAAVI03CO001.html,https://images.mcmworldwide.com/i/mcmworldwide/MYLAAVI03CO001_01/MYLAAVI03CO001/aren-비세토스-오리지널-지퍼-지갑?$large$&fmt=auto&qlt=default
여성,지갑-레더소품,모두보기,aren-엠보스드-모노그램-레더-콘티넨털-지갑,MYLDATA08BK001,MYLDATA08BK001,1,https://kr.mcmworldwide.com/ko_KR/%EC%97%AC%EC%84%B1/%EC%A7%80%EA%B0%91-%EB%A0%88%EB%8D%94%EC%86%8C%ED%92%88/%EB%AA%A8%EB%91%90%EB%B3%B4%EA%B8%B0/aren-%EC%97%A0%EB%B3%B4%EC%8A%A4%EB%93%9C-%EB%AA%A8%EB%85%B8%EA%B7%B8%EB%9E%A8-%EB%A0%88%EB%8D%94-%EC%BD%98%ED%8B%B0%EB%84%A8%ED%84%B8-%EC%A7%80%EA%B0%91/MYLDATA08BK001.html,https://images.mcmworldwide.com/i/mcmworldwide/MYLDATA08BK001_01/MYLDATA08BK001/aren-엠보스드-모노그램-레더-콘티넨털-지갑?$large$&fmt=auto&qlt=default
여성,지갑-레더소품,모두보기,aren-비세토스-콘티넨털-지갑,MYLFATA04CO001,MYLFATA04CO001,1,https://kr.mcmworldwide.com/ko_KR/%EC%97%AC%EC%84%B1/%EC%A7%80%EA%B0%91-%EB%A0%88%EB%8D%94%EC%86%8C%ED%92%88/%EB%AA%A8%EB%91%90%EB%B3%B4%EA%B8%B0/aren-%EB%B9%84%EC%84%B8%ED%86%A0%EC%8A%A4-%EC%BD%98%ED%8B%B0%EB%84%A8%ED%84%B8-%EC%A7%80%EA%B0%91/MYLFATA04CO001.html,https://images.mcmworldwide.com/i/mcmworldwide/MYLFATA04CO001_01/MYLFATA04CO001/aren-비세토스-콘티넨털-지갑?$large$&fmt=auto&qlt=default
여성,지갑-레더소품,모두보기,aren-비세토스-브라스-플레이트-지갑,MYSGSTA01CO001,MYSGSTA01CO001,1,https://kr.mcmworldwide.com/ko_KR/%EC%97%AC%EC%84%B1/%EC%A7%80%EA%B0%91-%EB%A0%88%EB%8D%94%EC%86%8C%ED%92%88/%EB%AA%A8%EB%91%90%EB%B3%B4%EA%B8%B0/aren-%EB%B9%84%EC%84%B8%ED%86%A0%EC%8A%A4-%EB%B8%8C%EB%9D%BC%EC%8A%A4-%ED%94%8C%EB%A0%88%EC%9D%B4%ED%8A%B8-%EC%A7%80%EA%B0%91/MYSGSTA01CO001.html,https://images.mcmworldwide.com/i/mcmworldwide/MYSGSTA01CO001_01/MYSGSTA01CO001/aren-비세토스-브라스-플레이트-지갑?$large$&fmt=auto&qlt=default
여성,지갑-레더소품,모두보기,aren-zip-card-case-in-visetos,MYADSTA02FP001,MYADSTA02FP001,1,https://kr.mcmworldwide.com/ko_KR/%EC%97%AC%EC%84%B1/%EC%A7%80%EA%B0%91-%EB%A0%88%EB%8D%94%EC%86%8C%ED%92%88/%EB%AA%A8%EB%91%90%EB%B3%B4%EA%B8%B0/aren-zip-card-case-in-visetos/MYADSTA02FP001.html,https://images.mcmworldwide.com/i/mcmworldwide/MYADSTA02FP001_01/MYADSTA02FP001/aren-zip-card-case-in-visetos?$large$&fmt=auto&qlt=default
여성,지갑-레더소품,반지갑,aren-비세토스-3단-지갑,MYSFSTA02BK001,MYSFSTA02BK001;MYSFSTA02CO001;MYSFSTA02PZ001;MYSGSTA03I8001,4,https://kr.mcmworldwide.com/ko_KR/%EC%97%AC%EC%84%B1/%EC%A7%80%EA%B0%91-%EB%A0%88%EB%8D%94%EC%86%8C%ED%92%88/%EB%B0%98%EC%A7%80%EA%B0%91/aren-%EB%B9%84%EC%84%B8%ED%86%A0%EC%8A%A4-3%EB%8B%A8-%EC%A7%80%EA%B0%91/MYSFSTA02BK001.html,https://images.mcmworldwide.com/i/mcmworldwide/MYSFSTA02BK001_01/MYSFSTA02BK001/aren-비세토스-3단-지갑?$large$&fmt=auto&qlt=default
여성,지갑-레더소품,반지갑,aren-디스코-비세토스-지퍼-지갑,MYLGATA02CO001,MYLGATA02CO001,1,https://kr.mcmworldwide.com/ko_KR/%EC%97%AC%EC%84%B1/%EC%A7%80%EA%B0%91-%EB%A0%88%EB%8D%94%EC%86%8C%ED%92%88/%EB%B0%98%EC%A7%80%EA%B0%91/aren-%EB%94%94%EC%8A%A4%EC%BD%94-%EB%B9%84%EC%84%B8%ED%86%A0%EC%8A%A4-%EC%A7%80%ED%8D%BC-%EC%A7%80%EA%B0%91/MYLGATA02CO001.html,https://images.mcmworldwide.com/i/mcmworldwide/MYLGATA02CO001_01/MYLGATA02CO001/aren-디스코-비세토스-지퍼-지갑?$large$&fmt=auto&qlt=default
여성,지갑-레더소품,반지갑,aren-비세토스-브라스-플레이트-지갑,MYSGATA024B001,MYSGATA024B001;MYSGSTA01BK001;MYSGSTA01PZ001,3,https://kr.mcmworldwide.com/ko_KR/%EC%97%AC%EC%84%B1/%EC%A7%80%EA%B0%91-%EB%A0%88%EB%8D%94%EC%86%8C%ED%92%88/%EB%B0%98%EC%A7%80%EA%B0%91/aren-%EB%B9%84%EC%84%B8%ED%86%A0%EC%8A%A4-%EB%B8%8C%EB%9D%BC%EC%8A%A4-%ED%94%8C%EB%A0%88%EC%9D%B4%ED%8A%B8-%EC%A7%80%EA%B0%91/MYSGATA024B001.html,https://images.mcmworldwide.com/i/mcmworldwide/MYSGATA024B001_01/MYSGATA024B001/aren-비세토스-브라스-플레이트-지갑?$large$&fmt=auto&qlt=default
여성,지갑-레더소품,반지갑,다이아몬드-메탈릭-미러-가죽-지갑,MYSEAAK02SV001,MYSEAAK02SV001,1,https://kr.mcmworldwide.com/ko_KR/%EC%97%AC%EC%84%B1/%EC%A7%80%EA%B0%91-%EB%A0%88%EB%8D%94%EC%86%8C%ED%92%88/%EB%B0%98%EC%A7%80%EA%B0%91/%EB%8B%A4%EC%9D%B4%EC%95%84%EB%AA%AC%EB%93%9C-%EB%A9%94%ED%83%88%EB%A6%AD-%EB%AF%B8%EB%9F%AC-%EA%B0%80%EC%A3%BD-%EC%A7%80%EA%B0%91/MYSEAAK02SV001.html,https://images.mcmworldwide.com/i/mcmworldwide/MYSEAAK02SV001_01/MYSEAAK02SV001/다이아몬드-메탈릭-미러-가죽-지갑?$large$&fmt=auto&qlt=default
여성,지갑-레더소품,반지갑,pina-스터드-장식-카프스킨-지갑,MYSGAAF01BK001,MYSGAAF01BK001,1,https://kr.mcmworldwide.com/ko_KR/%EC%97%AC%EC%84%B1/%EC%A7%80%EA%B0%91-%EB%A0%88%EB%8D%94%EC%86%8C%ED%92%88/%EB%B0%98%EC%A7%80%EA%B0%91/pina-%EC%8A%A4%ED%84%B0%EB%93%9C-%EC%9E%A5%EC%8B%9D-%EC%B9%B4%ED%94%84%EC%8A%A4%ED%82%A8-%EC%A7%80%EA%B0%91/MYSGAAF01BK001.html,https://images.mcmworldwide.com/i/mcmworldwide/MYSGAAF01BK001_01/MYSGAAF01BK001/pina-스터드-장식-카프스킨-지갑?$large$&fmt=auto&qlt=default
여성,지갑-레더소품,반지갑,pina-스터드-장식-비세토스-지갑,MYSGATA01CO001,MYSGATA01CO001,1,https://kr.mcmworldwide.com/ko_KR/%EC%97%AC%EC%84%B1/%EC%A7%80%EA%B0%91-%EB%A0%88%EB%8D%94%EC%86%8C%ED%92%88/%EB%B0%98%EC%A7%80%EA%B0%91/pina-%EC%8A%A4%ED%84%B0%EB%93%9C-%EC%9E%A5%EC%8B%9D-%EB%B9%84%EC%84%B8%ED%86%A0%EC%8A%A4-%EC%A7%80%EA%B0%91/MYSGATA01CO001.html,https://images.mcmworldwide.com/i/mcmworldwide/MYSGATA01CO001_01/MYSGATA01CO001/pina-스터드-장식-비세토스-지갑?$large$&fmt=auto&qlt=default
여성,지갑-레더소품,반지갑,tracy-비세토스-3단-지갑,MYS9APA13BK001,MYS9APA13BK001;MYSAAPA02CO001;MYSESXT01CO001;MYSESXT01PZ001;MYSESXT01WT001,5,https://kr.mcmworldwide.com/ko_KR/%EC%97%AC%EC%84%B1/%EC%A7%80%EA%B0%91-%EB%A0%88%EB%8D%94%EC%86%8C%ED%92%88/%EB%B0%98%EC%A7%80%EA%B0%91/tracy-%EB%B9%84%EC%84%B8%ED%86%A0%EC%8A%A4-3%EB%8B%A8-%EC%A7%80%EA%B0%91/MYS9APA13BK001.html,https://images.mcmworldwide.com/i/mcmworldwide/MYS9APA13BK001_01/MYS9APA13BK001/tracy-비세토스-3단-지갑?$large$&fmt=auto&qlt=default
여성,지갑-레더소품,반지갑,tracy-비세토스-카드-홀더,MYADSXT01BK001,MYADSXT01BK001,1,https://kr.mcmworldwide.com/ko_KR/%EC%97%AC%EC%84%B1/%EC%A7%80%EA%B0%91-%EB%A0%88%EB%8D%94%EC%86%8C%ED%92%88/%EB%B0%98%EC%A7%80%EA%B0%91/tracy-%EB%B9%84%EC%84%B8%ED%86%A0%EC%8A%A4-%EC%B9%B4%EB%93%9C-%ED%99%80%EB%8D%94/MYADSXT01BK001.html,https://images.mcmworldwide.com/i/mcmworldwide/MYADSXT01BK001_01/MYADSXT01BK001/tracy-비세토스-카드-홀더?$large$&fmt=auto&qlt=default
여성,지갑-레더소품,반지갑,tracy-비세토스-지갑,MYSDSXT01BK001,MYSDSXT01BK001;MYSDSXT01I8001;MYSESXT03CO001,3,https://kr.mcmworldwide.com/ko_KR/%EC%97%AC%EC%84%B1/%EC%A7%80%EA%B0%91-%EB%A0%88%EB%8D%94%EC%86%8C%ED%92%88/%EB%B0%98%EC%A7%80%EA%B0%91/tracy-%EB%B9%84%EC%84%B8%ED%86%A0%EC%8A%A4-%EC%A7%80%EA%B0%91/MYSDSXT01BK001.html,https://images.mcmworldwide.com/i/mcmworldwide/MYSDSXT01BK001_01/MYSDSXT01BK001/tracy-비세토스-지갑?$large$&fmt=auto&qlt=default
여성,지갑-레더소품,반지갑,tracy-엠보스드-모노그램-레더-지갑,MYSESXT02BK001,MYSESXT02BK001,1,https://kr.mcmworldwide.com/ko_KR/%EC%97%AC%EC%84%B1/%EC%A7%80%EA%B0%91-%EB%A0%88%EB%8D%94%EC%86%8C%ED%92%88/%EB%B0%98%EC%A7%80%EA%B0%91/tracy-%EC%97%A0%EB%B3%B4%EC%8A%A4%EB%93%9C-%EB%AA%A8%EB%85%B8%EA%B7%B8%EB%9E%A8-%EB%A0%88%EB%8D%94-%EC%A7%80%EA%B0%91/MYSESXT02BK001.html,https://images.mcmworldwide.com/i/mcmworldwide/MYSESXT02BK001_01/MYSESXT02BK001/tracy-엠보스드-모노그램-레더-지갑?$large$&fmt=auto&qlt=default
여성,지갑-레더소품,장지갑,aren-비세토스-콘티넨털-지갑,MYLAAVI01PZ001,MYLAAVI01PZ001,1,https://kr.mcmworldwide.com/ko_KR/%EC%97%AC%EC%84%B1/%EC%A7%80%EA%B0%91-%EB%A0%88%EB%8D%94%EC%86%8C%ED%92%88/%EC%9E%A5%EC%A7%80%EA%B0%91/aren-%EB%B9%84%EC%84%B8%ED%86%A0%EC%8A%A4-%EC%BD%98%ED%8B%B0%EB%84%A8%ED%84%B8-%EC%A7%80%EA%B0%91/MYLAAVI01PZ001.html,https://images.mcmworldwide.com/i/mcmworldwide/MYLAAVI01PZ001_01/MYLAAVI01PZ001/aren-비세토스-콘티넨털-지갑?$large$&fmt=auto&qlt=default
여성,지갑-레더소품,체인-지갑,aren-비세토스-크로스바디-월렛,MYLFATA01CO001,MYLFATA01CO001;MYLFATA01PZ001,2,https://kr.mcmworldwide.com/ko_KR/%EC%97%AC%EC%84%B1/%EC%A7%80%EA%B0%91-%EB%A0%88%EB%8D%94%EC%86%8C%ED%92%88/%EC%B2%B4%EC%9D%B8-%EC%A7%80%EA%B0%91/aren-%EB%B9%84%EC%84%B8%ED%86%A0%EC%8A%A4-%ED%81%AC%EB%A1%9C%EC%8A%A4%EB%B0%94%EB%94%94-%EC%9B%94%EB%A0%9B/MYLFATA01CO001.html,https://images.mcmworldwide.com/i/mcmworldwide/MYLFATA01CO001_01/MYLFATA01CO001/aren-비세토스-크로스바디-월렛?$large$&fmt=auto&qlt=default
여성,지갑-레더소품,체인-지갑,aren-비세토스-체인-월렛,MYLFATA03BK001,MYLFATA03BK001;MYLFATA03CO001;MYLFATA03PZ001,3,https://kr.mcmworldwide.com/ko_KR/%EC%97%AC%EC%84%B1/%EC%A7%80%EA%B0%91-%EB%A0%88%EB%8D%94%EC%86%8C%ED%92%88/%EC%B2%B4%EC%9D%B8-%EC%A7%80%EA%B0%91/aren-%EB%B9%84%EC%84%B8%ED%86%A0%EC%8A%A4-%EC%B2%B4%EC%9D%B8-%EC%9B%94%EB%A0%9B/MYLFATA03BK001.html,https://images.mcmworldwide.com/i/mcmworldwide/MYLFATA03BK001_01/MYLFATA03BK001/aren-비세토스-체인-월렛?$large$&fmt=auto&qlt=default
여성,지갑-레더소품,체인-지갑,aren-엠보스드-모노그램-레더-체인-월렛,MYLGSTA01BK001,MYLGSTA01BK001;MYLGSTA01QA001;MYLGSTA02BK001,3,https://kr.mcmworldwide.com/ko_KR/%EC%97%AC%EC%84%B1/%EC%A7%80%EA%B0%91-%EB%A0%88%EB%8D%94%EC%86%8C%ED%92%88/%EC%B2%B4%EC%9D%B8-%EC%A7%80%EA%B0%91/aren-%EC%97%A0%EB%B3%B4%EC%8A%A4%EB%93%9C-%EB%AA%A8%EB%85%B8%EA%B7%B8%EB%9E%A8-%EB%A0%88%EB%8D%94-%EC%B2%B4%EC%9D%B8-%EC%9B%94%EB%A0%9B/MYLGSTA01BK001.html,https://images.mcmworldwide.com/i/mcmworldwide/MYLGSTA01BK001_01/MYLGSTA01BK001/aren-엠보스드-모노그램-레더-체인-월렛?$large$&fmt=auto&qlt=default
여성,지갑-레더소품,체인-지갑,다이아몬드-메탈릭-미러-레더-체인-지갑,MYLEAAK02SV001,MYLEAAK02SV001,1,https://kr.mcmworldwide.com/ko_KR/%EC%97%AC%EC%84%B1/%EC%A7%80%EA%B0%91-%EB%A0%88%EB%8D%94%EC%86%8C%ED%92%88/%EC%B2%B4%EC%9D%B8-%EC%A7%80%EA%B0%91/%EB%8B%A4%EC%9D%B4%EC%95%84%EB%AA%AC%EB%93%9C-%EB%A9%94%ED%83%88%EB%A6%AD-%EB%AF%B8%EB%9F%AC-%EB%A0%88%EB%8D%94-%EC%B2%B4%EC%9D%B8-%EC%A7%80%EA%B0%91/MYLEAAK02SV001.html,https://images.mcmworldwide.com/i/mcmworldwide/MYLEAAK02SV001_01/MYLEAAK02SV001/다이아몬드-메탈릭-미러-레더-체인-지갑?$large$&fmt=auto&qlt=default
여성,지갑-레더소품,체인-지갑,pina-crossbody-wallet-in-studded-visetos,MYLGATA01CO001,MYLGATA01CO001,1,https://kr.mcmworldwide.com/ko_KR/%EC%97%AC%EC%84%B1/%EC%A7%80%EA%B0%91-%EB%A0%88%EB%8D%94%EC%86%8C%ED%92%88/%EC%B2%B4%EC%9D%B8-%EC%A7%80%EA%B0%91/pina-crossbody-wallet-in-studded-visetos/MYLGATA01CO001.html,https://images.mcmworldwide.com/i/mcmworldwide/MYLGATA01CO001_01/MYLGATA01CO001/pina-crossbody-wallet-in-studded-visetos?$large$&fmt=auto&qlt=default
여성,지갑-레더소품,체인-지갑,pina-스터드-장식-크로스바디-월렛,MYLGATA03BK001,MYLGATA03BK001,1,https://kr.mcmworldwide.com/ko_KR/%EC%97%AC%EC%84%B1/%EC%A7%80%EA%B0%91-%EB%A0%88%EB%8D%94%EC%86%8C%ED%92%88/%EC%B2%B4%EC%9D%B8-%EC%A7%80%EA%B0%91/pina-%EC%8A%A4%ED%84%B0%EB%93%9C-%EC%9E%A5%EC%8B%9D-%ED%81%AC%EB%A1%9C%EC%8A%A4%EB%B0%94%EB%94%94-%EC%9B%94%EB%A0%9B/MYLGATA03BK001.html,https://images.mcmworldwide.com/i/mcmworldwide/MYLGATA03BK001_01/MYLGATA03BK001/pina-스터드-장식-크로스바디-월렛?$large$&fmt=auto&qlt=default
여성,지갑-레더소품,체인-지갑,tracy-비세토스-크로스바디-지갑,MYLAAPA02CO001,MYLAAPA02CO001,1,https://kr.mcmworldwide.com/ko_KR/%EC%97%AC%EC%84%B1/%EC%A7%80%EA%B0%91-%EB%A0%88%EB%8D%94%EC%86%8C%ED%92%88/%EC%B2%B4%EC%9D%B8-%EC%A7%80%EA%B0%91/tracy-%EB%B9%84%EC%84%B8%ED%86%A0%EC%8A%A4-%ED%81%AC%EB%A1%9C%EC%8A%A4%EB%B0%94%EB%94%94-%EC%A7%80%EA%B0%91/MYLAAPA02CO001.html,https://images.mcmworldwide.com/i/mcmworldwide/MYLAAPA02CO001_01/MYLAAPA02CO001/tracy-비세토스-크로스바디-지갑?$large$&fmt=auto&qlt=default
여성,지갑-레더소품,체인-지갑,tracy-비세토스-체인-지갑,MYLDSXT01BK001,MYLDSXT01BK001;MYLDSXT01CO001;MYLDSXT01I8001;MYLDSXT01PZ001;MYLDSXT01WT001;MYLDSXT03CO001;MYLESXT02CO001,7,https://kr.mcmworldwide.com/ko_KR/%EC%97%AC%EC%84%B1/%EC%A7%80%EA%B0%91-%EB%A0%88%EB%8D%94%EC%86%8C%ED%92%88/%EC%B2%B4%EC%9D%B8-%EC%A7%80%EA%B0%91/tracy-%EB%B9%84%EC%84%B8%ED%86%A0%EC%8A%A4-%EC%B2%B4%EC%9D%B8-%EC%A7%80%EA%B0%91/MYLDSXT01BK001.html,https://images.mcmworldwide.com/i/mcmworldwide/MYLDSXT01BK001_01/MYLDSXT01BK001/tracy-비세토스-체인-지갑?$large$&fmt=auto&qlt=default
여성,지갑-레더소품,체인-지갑,tracy-엠보스드-모노그램-레더-체인-지갑,MYLESXT01BK001,MYLESXT01BK001,1,https://kr.mcmworldwide.com/ko_KR/%EC%97%AC%EC%84%B1/%EC%A7%80%EA%B0%91-%EB%A0%88%EB%8D%94%EC%86%8C%ED%92%88/%EC%B2%B4%EC%9D%B8-%EC%A7%80%EA%B0%91/tracy-%EC%97%A0%EB%B3%B4%EC%8A%A4%EB%93%9C-%EB%AA%A8%EB%85%B8%EA%B7%B8%EB%9E%A8-%EB%A0%88%EB%8D%94-%EC%B2%B4%EC%9D%B8-%EC%A7%80%EA%B0%91/MYLESXT01BK001.html,https://images.mcmworldwide.com/i/mcmworldwide/MYLESXT01BK001_01/MYLESXT01BK001/tracy-엠보스드-모노그램-레더-체인-지갑?$large$&fmt=auto&qlt=default
여성,지갑-레더소품,카드지갑-레더소품,aren-비세토스-랜야드-카드-지갑,MXZFATA01PZ001,MXZFATA01PZ001,1,https://kr.mcmworldwide.com/ko_KR/%EC%97%AC%EC%84%B1/%EC%A7%80%EA%B0%91-%EB%A0%88%EB%8D%94%EC%86%8C%ED%92%88/%EC%B9%B4%EB%93%9C%EC%A7%80%EA%B0%91-%EB%A0%88%EB%8D%94%EC%86%8C%ED%92%88/aren-%EB%B9%84%EC%84%B8%ED%86%A0%EC%8A%A4-%EB%9E%9C%EC%95%BC%EB%93%9C-%EC%B9%B4%EB%93%9C-%EC%A7%80%EA%B0%91/MXZFATA01PZ001.html,https://images.mcmworldwide.com/i/mcmworldwide/MXZFATA01PZ001_01/MXZFATA01PZ001/aren-비세토스-랜야드-카드-지갑?$large$&fmt=auto&qlt=default
여성,지갑-레더소품,카드지갑-레더소품,aren-비세토스-카드-파우치,MYAFATA01BK001,MYAFATA01BK001;MYAFATA01CO001;MYAFATA01PZ001;MYAGSTA01BK001;MYAGSTA01CO001;MYAGSTA01PZ001,6,https://kr.mcmworldwide.com/ko_KR/%EC%97%AC%EC%84%B1/%EC%A7%80%EA%B0%91-%EB%A0%88%EB%8D%94%EC%86%8C%ED%92%88/%EC%B9%B4%EB%93%9C%EC%A7%80%EA%B0%91-%EB%A0%88%EB%8D%94%EC%86%8C%ED%92%88/aren-%EB%B9%84%EC%84%B8%ED%86%A0%EC%8A%A4-%EC%B9%B4%EB%93%9C-%ED%8C%8C%EC%9A%B0%EC%B9%98/MYAFATA01BK001.html,https://images.mcmworldwide.com/i/mcmworldwide/MYAFATA01BK001_01/MYAFATA01BK001/aren-비세토스-카드-파우치?$large$&fmt=auto&qlt=default
여성,지갑-레더소품,카드지갑-레더소품,aren-브라스-플래이트-카드-지갑,MYAFATA02BK001,MYAFATA02BK001,1,https://kr.mcmworldwide.com/ko_KR/%EC%97%AC%EC%84%B1/%EC%A7%80%EA%B0%91-%EB%A0%88%EB%8D%94%EC%86%8C%ED%92%88/%EC%B9%B4%EB%93%9C%EC%A7%80%EA%B0%91-%EB%A0%88%EB%8D%94%EC%86%8C%ED%92%88/aren-%EB%B8%8C%EB%9D%BC%EC%8A%A4-%ED%94%8C%EB%9E%98%EC%9D%B4%ED%8A%B8-%EC%B9%B4%EB%93%9C-%EC%A7%80%EA%B0%91/MYAFATA02BK001.html,https://images.mcmworldwide.com/i/mcmworldwide/MYAFATA02BK001_01/MYAFATA02BK001/aren-브라스-플래이트-카드-지갑?$large$&fmt=auto&qlt=default
여성,지갑-레더소품,카드지갑-레더소품,aren-라봇-비세토스-카드-파우치,MYAGSTA02CO001,MYAGSTA02CO001,1,https://kr.mcmworldwide.com/ko_KR/%EC%97%AC%EC%84%B1/%EC%A7%80%EA%B0%91-%EB%A0%88%EB%8D%94%EC%86%8C%ED%92%88/%EC%B9%B4%EB%93%9C%EC%A7%80%EA%B0%91-%EB%A0%88%EB%8D%94%EC%86%8C%ED%92%88/aren-%EB%9D%BC%EB%B4%87-%EB%B9%84%EC%84%B8%ED%86%A0%EC%8A%A4-%EC%B9%B4%EB%93%9C-%ED%8C%8C%EC%9A%B0%EC%B9%98/MYAGSTA02CO001.html,https://images.mcmworldwide.com/i/mcmworldwide/MYAGSTA02CO001_01/MYAGSTA02CO001/aren-라봇-비세토스-카드-파우치?$large$&fmt=auto&qlt=default
여성,지갑-레더소품,카드지갑-레더소품,lanyard-id-card-holder-in-visetos,MXZGATA01PZ001,MXZGATA01PZ001,1,https://kr.mcmworldwide.com/ko_KR/%EC%97%AC%EC%84%B1/%EC%A7%80%EA%B0%91-%EB%A0%88%EB%8D%94%EC%86%8C%ED%92%88/%EC%B9%B4%EB%93%9C%EC%A7%80%EA%B0%91-%EB%A0%88%EB%8D%94%EC%86%8C%ED%92%88/lanyard-id-card-holder-in-visetos/MXZGATA01PZ001.html,https://images.mcmworldwide.com/i/mcmworldwide/MXZGATA01PZ001_01/MXZGATA01PZ001/lanyard-id-card-holder-in-visetos?$large$&fmt=auto&qlt=default
여성,지갑-레더소품,카드지갑-레더소품,패트리샤-비세토스-지퍼-카드-케이스,MYABSPA07CO001,MYABSPA07CO001;MYAFSXT01PZ001,2,https://kr.mcmworldwide.com/ko_KR/%EC%97%AC%EC%84%B1/%EC%A7%80%EA%B0%91-%EB%A0%88%EB%8D%94%EC%86%8C%ED%92%88/%EC%B9%B4%EB%93%9C%EC%A7%80%EA%B0%91-%EB%A0%88%EB%8D%94%EC%86%8C%ED%92%88/%ED%8C%A8%ED%8A%B8%EB%A6%AC%EC%83%A4-%EB%B9%84%EC%84%B8%ED%86%A0%EC%8A%A4-%EC%A7%80%ED%8D%BC-%EC%B9%B4%EB%93%9C-%EC%BC%80%EC%9D%B4%EC%8A%A4/MYABSPA07CO001.html,https://images.mcmworldwide.com/i/mcmworldwide/MYABSPA07CO001_01/MYABSPA07CO001/패트리샤-비세토스-지퍼-카드-케이스?$large$&fmt=auto&qlt=default
여성,지갑-레더소품,카드지갑-레더소품,tracy-비세토스-카드-홀더,MYADSXT01CO001,MYADSXT01CO001,1,https://kr.mcmworldwide.com/ko_KR/%EC%97%AC%EC%84%B1/%EC%A7%80%EA%B0%91-%EB%A0%88%EB%8D%94%EC%86%8C%ED%92%88/%EC%B9%B4%EB%93%9C%EC%A7%80%EA%B0%91-%EB%A0%88%EB%8D%94%EC%86%8C%ED%92%88/tracy-%EB%B9%84%EC%84%B8%ED%86%A0%EC%8A%A4-%EC%B9%B4%EB%93%9C-%ED%99%80%EB%8D%94/MYADSXT01CO001.html,https://images.mcmworldwide.com/i/mcmworldwide/MYADSXT01CO001_01/MYADSXT01CO001/tracy-비세토스-카드-홀더?$large$&fmt=auto&qlt=default
여성,지갑-레더소품,카드지갑-레더소품,tracy-비세토스-체인-카드-지갑,MYAESXT02CO001,MYAESXT02CO001,1,https://kr.mcmworldwide.com/ko_KR/%EC%97%AC%EC%84%B1/%EC%A7%80%EA%B0%91-%EB%A0%88%EB%8D%94%EC%86%8C%ED%92%88/%EC%B9%B4%EB%93%9C%EC%A7%80%EA%B0%91-%EB%A0%88%EB%8D%94%EC%86%8C%ED%92%88/tracy-%EB%B9%84%EC%84%B8%ED%86%A0%EC%8A%A4-%EC%B2%B4%EC%9D%B8-%EC%B9%B4%EB%93%9C-%EC%A7%80%EA%B0%91/MYAESXT02CO001.html,https://images.mcmworldwide.com/i/mcmworldwide/MYAESXT02CO001_01/MYAESXT02CO001/tracy-비세토스-체인-카드-지갑?$large$&fmt=auto&qlt=default
여성,패션소품,가방-액세서리-참-장식,aren-비세토스-버클-어깨-스트랩,MYZDSTA03CO001,MYZDSTA03CO001,1,https://kr.mcmworldwide.com/ko_KR/%EC%97%AC%EC%84%B1/%ED%8C%A8%EC%85%98%EC%86%8C%ED%92%88/%EA%B0%80%EB%B0%A9-%EC%95%A1%EC%84%B8%EC%84%9C%EB%A6%AC-%EC%B0%B8-%EC%9E%A5%EC%8B%9D/aren-%EB%B9%84%EC%84%B8%ED%86%A0%EC%8A%A4-%EB%B2%84%ED%81%B4-%EC%96%B4%EA%B9%A8-%EC%8A%A4%ED%8A%B8%EB%9E%A9/MYZDSTA03CO001.html,https://images.mcmworldwide.com/i/mcmworldwide/MYZDSTA03CO001_01/MYZDSTA03CO001/aren-비세토스-버클-어깨-스트랩?$large$&fmt=auto&qlt=default
여성,패션소품,가방-액세서리-참-장식,aren-모노그램-웨빙-숄더-스트랩,MYZFSTA04BK001,MYZFSTA04BK001,1,https://kr.mcmworldwide.com/ko_KR/%EC%97%AC%EC%84%B1/%ED%8C%A8%EC%85%98%EC%86%8C%ED%92%88/%EA%B0%80%EB%B0%A9-%EC%95%A1%EC%84%B8%EC%84%9C%EB%A6%AC-%EC%B0%B8-%EC%9E%A5%EC%8B%9D/aren-%EB%AA%A8%EB%85%B8%EA%B7%B8%EB%9E%A8-%EC%9B%A8%EB%B9%99-%EC%88%84%EB%8D%94-%EC%8A%A4%ED%8A%B8%EB%9E%A9/MYZFSTA04BK001.html,https://images.mcmworldwide.com/i/mcmworldwide/MYZFSTA04BK001_01/MYZFSTA04BK001/aren-모노그램-웨빙-숄더-스트랩?$large$&fmt=auto&qlt=default
여성,패션소품,가방-액세서리-참-장식,aren-비세토스-파우치가-더해진-숄더-스트랩-,MYZGATA07CO001,MYZGATA07CO001,1,https://kr.mcmworldwide.com/ko_KR/%EC%97%AC%EC%84%B1/%ED%8C%A8%EC%85%98%EC%86%8C%ED%92%88/%EA%B0%80%EB%B0%A9-%EC%95%A1%EC%84%B8%EC%84%9C%EB%A6%AC-%EC%B0%B8-%EC%9E%A5%EC%8B%9D/aren-%EB%B9%84%EC%84%B8%ED%86%A0%EC%8A%A4-%ED%8C%8C%EC%9A%B0%EC%B9%98%EA%B0%80-%EB%8D%94%ED%95%B4%EC%A7%84-%EC%88%84%EB%8D%94-%EC%8A%A4%ED%8A%B8%EB%9E%A9-/MYZGATA07CO001.html,https://images.mcmworldwide.com/i/mcmworldwide/MYZGATA07CO001_01/MYZGATA07CO001/aren-비세토스-파우치가-더해진-숄더-스트랩-?$large$&fmt=auto&qlt=default
여성,패션소품,가방-액세서리-참-장식,aren-라봇-비세토스-숄더-스트랩,MYZGSTA05CO001,MYZGSTA05CO001,1,https://kr.mcmworldwide.com/ko_KR/%EC%97%AC%EC%84%B1/%ED%8C%A8%EC%85%98%EC%86%8C%ED%92%88/%EA%B0%80%EB%B0%A9-%EC%95%A1%EC%84%B8%EC%84%9C%EB%A6%AC-%EC%B0%B8-%EC%9E%A5%EC%8B%9D/aren-%EB%9D%BC%EB%B4%87-%EB%B9%84%EC%84%B8%ED%86%A0%EC%8A%A4-%EC%88%84%EB%8D%94-%EC%8A%A4%ED%8A%B8%EB%9E%A9/MYZGSTA05CO001.html,https://images.mcmworldwide.com/i/mcmworldwide/MYZGSTA05CO001_01/MYZGSTA05CO001/aren-라봇-비세토스-숄더-스트랩?$large$&fmt=auto&qlt=default
여성,패션소품,가방-액세서리-참-장식,aren-코튼-비세토스-숄더-스트랩,MYZGSTA06BK001,MYZGSTA06BK001;MYZGSTA06CO001,2,https://kr.mcmworldwide.com/ko_KR/%EC%97%AC%EC%84%B1/%ED%8C%A8%EC%85%98%EC%86%8C%ED%92%88/%EA%B0%80%EB%B0%A9-%EC%95%A1%EC%84%B8%EC%84%9C%EB%A6%AC-%EC%B0%B8-%EC%9E%A5%EC%8B%9D/aren-%EC%BD%94%ED%8A%BC-%EB%B9%84%EC%84%B8%ED%86%A0%EC%8A%A4-%EC%88%84%EB%8D%94-%EC%8A%A4%ED%8A%B8%EB%9E%A9/MYZGSTA06BK001.html,https://images.mcmworldwide.com/i/mcmworldwide/MYZGSTA06BK001_01/MYZGSTA06BK001/aren-코튼-비세토스-숄더-스트랩?$large$&fmt=auto&qlt=default
여성,패션소품,가방-액세서리-참-장식,pina-스터드-장식이-더해진-카프킨-숄더-스트랩,MYZGATA09BK001,MYZGATA09BK001,1,https://kr.mcmworldwide.com/ko_KR/%EC%97%AC%EC%84%B1/%ED%8C%A8%EC%85%98%EC%86%8C%ED%92%88/%EA%B0%80%EB%B0%A9-%EC%95%A1%EC%84%B8%EC%84%9C%EB%A6%AC-%EC%B0%B8-%EC%9E%A5%EC%8B%9D/pina-%EC%8A%A4%ED%84%B0%EB%93%9C-%EC%9E%A5%EC%8B%9D%EC%9D%B4-%EB%8D%94%ED%95%B4%EC%A7%84-%EC%B9%B4%ED%94%84%ED%82%A8-%EC%88%84%EB%8D%94-%EC%8A%A4%ED%8A%B8%EB%9E%A9/MYZGATA09BK001.html,https://images.mcmworldwide.com/i/mcmworldwide/MYZGATA09BK001_01/MYZGATA09BK001/pina-스터드-장식이-더해진-카프킨-숄더-스트랩?$large$&fmt=auto&qlt=default
여성,패션소품,모두보기,디아망뜨-비세토스-3d-참,MXZFAAK02CO001,MXZFAAK02CO001,1,https://kr.mcmworldwide.com/ko_KR/%EC%97%AC%EC%84%B1/%ED%8C%A8%EC%85%98%EC%86%8C%ED%92%88/%EB%AA%A8%EB%91%90%EB%B3%B4%EA%B8%B0/%EB%94%94%EC%95%84%EB%A7%9D%EB%9C%A8-%EB%B9%84%EC%84%B8%ED%86%A0%EC%8A%A4-3d-%EC%B0%B8/MXZFAAK02CO001.html,https://images.mcmworldwide.com/i/mcmworldwide/MXZFAAK02CO001_01/MXZFAAK02CO001/디아망뜨-비세토스-3d-참?$large$&fmt=auto&qlt=default
여성,패션소품,모두보기,디아망뜨-스페니쉬-송아지-가죽-3d-참,MXZFAAK03L8001,MXZFAAK03L8001;MXZFAAK03Y0001,2,https://kr.mcmworldwide.com/ko_KR/%EC%97%AC%EC%84%B1/%ED%8C%A8%EC%85%98%EC%86%8C%ED%92%88/%EB%AA%A8%EB%91%90%EB%B3%B4%EA%B8%B0/%EB%94%94%EC%95%84%EB%A7%9D%EB%9C%A8-%EC%8A%A4%ED%8E%98%EB%8B%88%EC%89%AC-%EC%86%A1%EC%95%84%EC%A7%80-%EA%B0%80%EC%A3%BD-3d-%EC%B0%B8/MXZFAAK03L8001.html,https://images.mcmworldwide.com/i/mcmworldwide/MXZFAAK03L8001_01/MXZFAAK03L8001/디아망뜨-스페니쉬-송아지-가죽-3d-참?$large$&fmt=auto&qlt=default
여성,패션소품,모두보기,cubic-jacquard-shawl,MEFDSMM16IW001,MEFDSMM16IW001,1,https://kr.mcmworldwide.com/ko_KR/%EC%97%AC%EC%84%B1/%ED%8C%A8%EC%85%98%EC%86%8C%ED%92%88/%EB%AA%A8%EB%91%90%EB%B3%B4%EA%B8%B0/cubic-jacquard-shawl/MEFDSMM16IW001.html,https://images.mcmworldwide.com/i/mcmworldwide/MEFDSMM16IW001_01/MEFDSMM16IW001/cubic-jacquard-shawl?$large$&fmt=auto&qlt=default
여성,패션소품,모두보기,앱스트랙트-모노그램-쁘띠-실크-스카프,MEFESMM06G0001,MEFESMM06G0001,1,https://kr.mcmworldwide.com/ko_KR/%EC%97%AC%EC%84%B1/%ED%8C%A8%EC%85%98%EC%86%8C%ED%92%88/%EB%AA%A8%EB%91%90%EB%B3%B4%EA%B8%B0/%EC%95%B1%EC%8A%A4%ED%8A%B8%EB%9E%99%ED%8A%B8-%EB%AA%A8%EB%85%B8%EA%B7%B8%EB%9E%A8-%EC%81%98%EB%9D%A0-%EC%8B%A4%ED%81%AC-%EC%8A%A4%EC%B9%B4%ED%94%84/MEFESMM06G0001.html,https://images.mcmworldwide.com/i/mcmworldwide/MEFESMM06G0001_01/MEFESMM06G0001/앱스트랙트-모노그램-쁘띠-실크-스카프?$large$&fmt=auto&qlt=default
여성,패션소품,모두보기,모노그램-니트-양말,MEZCAMM17BK0ML,MEZCAMM17BK0ML;MEZCAMM17CO0ML;MEZCAMM17PZ0ML;MEZCAMM17PZ0SM;MEZCAMM17Q70ML;MEZCAMM17WL0ML;MEZCAMM17WL0SM,7,https://kr.mcmworldwide.com/ko_KR/%EC%97%AC%EC%84%B1/%ED%8C%A8%EC%85%98%EC%86%8C%ED%92%88/%EB%AA%A8%EB%91%90%EB%B3%B4%EA%B8%B0/%EB%AA%A8%EB%85%B8%EA%B7%B8%EB%9E%A8-%EB%8B%88%ED%8A%B8-%EC%96%91%EB%A7%90/MEZCAMM17BK0ML.html,https://images.mcmworldwide.com/i/mcmworldwide/MEZCAMM17BK0ML_01/MEZCAMM17BK0ML/모노그램-니트-양말?$large$&fmt=auto&qlt=default
여성,패션소품,모두보기,모노그램-니트-삭스,MEZCAMM17F00ML,MEZCAMM17F00ML;MEZCAMM17F00SM,2,https://kr.mcmworldwide.com/ko_KR/%EC%97%AC%EC%84%B1/%ED%8C%A8%EC%85%98%EC%86%8C%ED%92%88/%EB%AA%A8%EB%91%90%EB%B3%B4%EA%B8%B0/%EB%AA%A8%EB%85%B8%EA%B7%B8%EB%9E%A8-%EB%8B%88%ED%8A%B8-%EC%82%AD%EC%8A%A4/MEZCAMM17F00ML.html,https://images.mcmworldwide.com/i/mcmworldwide/MEZCAMM17F00ML_01/MEZCAMM17F00ML/모노그램-니트-삭스?$large$&fmt=auto&qlt=default
여성,패션소품,모자-헤어-액세서리,econyl®-리버서블-모노그램-스크런치,MEEFAMM01B7001,MEEFAMM01B7001,1,https://kr.mcmworldwide.com/ko_KR/%EC%97%AC%EC%84%B1/%ED%8C%A8%EC%85%98%EC%86%8C%ED%92%88/%EB%AA%A8%EC%9E%90-%ED%97%A4%EC%96%B4-%EC%95%A1%EC%84%B8%EC%84%9C%EB%A6%AC/econyl%C2%AE-%EB%A6%AC%EB%B2%84%EC%84%9C%EB%B8%94-%EB%AA%A8%EB%85%B8%EA%B7%B8%EB%9E%A8-%EC%8A%A4%ED%81%AC%EB%9F%B0%EC%B9%98/MEEFAMM01B7001.html,https://images.mcmworldwide.com/i/mcmworldwide/MEEFAMM01B7001_01/MEEFAMM01B7001/econyl®-리버서블-모노그램-스크런치?$large$&fmt=auto&qlt=default
여성,패션소품,모자-헤어-액세서리,모노그램-프린트-econyl®-포켓이-있는-울-비니,MEHFAMM01BK001,MEHFAMM01BK001,1,https://kr.mcmworldwide.com/ko_KR/%EC%97%AC%EC%84%B1/%ED%8C%A8%EC%85%98%EC%86%8C%ED%92%88/%EB%AA%A8%EC%9E%90-%ED%97%A4%EC%96%B4-%EC%95%A1%EC%84%B8%EC%84%9C%EB%A6%AC/%EB%AA%A8%EB%85%B8%EA%B7%B8%EB%9E%A8-%ED%94%84%EB%A6%B0%ED%8A%B8-econyl%C2%AE-%ED%8F%AC%EC%BC%93%EC%9D%B4-%EC%9E%88%EB%8A%94-%EC%9A%B8-%EB%B9%84%EB%8B%88/MEHFAMM01BK001.html,https://images.mcmworldwide.com/i/mcmworldwide/MEHFAMM01BK001_01/MEHFAMM01BK001/모노그램-프린트-econyl®-포켓이-있는-울-비니?$large$&fmt=auto&qlt=default
여성,패션소품,모자-헤어-액세서리,mcm-x-we-the-best-코튼-트윌-버킷-헷,MEHGAMM031B001,MEHGAMM031B001,1,https://kr.mcmworldwide.com/ko_KR/%EC%97%AC%EC%84%B1/%ED%8C%A8%EC%85%98%EC%86%8C%ED%92%88/%EB%AA%A8%EC%9E%90-%ED%97%A4%EC%96%B4-%EC%95%A1%EC%84%B8%EC%84%9C%EB%A6%AC/mcm-x-we-the-best-%EC%BD%94%ED%8A%BC-%ED%8A%B8%EC%9C%8C-%EB%B2%84%ED%82%B7-%ED%97%B7/MEHGAMM031B001.html,https://images.mcmworldwide.com/i/mcmworldwide/MEHGAMM031B001_01/MEHGAMM031B001/mcm-x-we-the-best-코튼-트윌-버킷-헷?$large$&fmt=auto&qlt=default
여성,패션소품,모자-헤어-액세서리,mcm-x-we-the-best-울트라스웨이드-캡,MEHGAMM04NG001,MEHGAMM04NG001,1,https://kr.mcmworldwide.com/ko_KR/%EC%97%AC%EC%84%B1/%ED%8C%A8%EC%85%98%EC%86%8C%ED%92%88/%EB%AA%A8%EC%9E%90-%ED%97%A4%EC%96%B4-%EC%95%A1%EC%84%B8%EC%84%9C%EB%A6%AC/mcm-x-we-the-best-%EC%9A%B8%ED%8A%B8%EB%9D%BC%EC%8A%A4%EC%9B%A8%EC%9D%B4%EB%93%9C-%EC%BA%A1/MEHGAMM04NG001.html,https://images.mcmworldwide.com/i/mcmworldwide/MEHGAMM04NG001_01/MEHGAMM04NG001/mcm-x-we-the-best-울트라스웨이드-캡?$large$&fmt=auto&qlt=default
여성,패션소품,모자-헤어-액세서리,업사이클링-프로젝트-스카프-스크런치,MEEGSUP01OQ001,MEEGSUP01OQ001;MEEGSUP01P7001,2,https://kr.mcmworldwide.com/ko_KR/%EC%97%AC%EC%84%B1/%ED%8C%A8%EC%85%98%EC%86%8C%ED%92%88/%EB%AA%A8%EC%9E%90-%ED%97%A4%EC%96%B4-%EC%95%A1%EC%84%B8%EC%84%9C%EB%A6%AC/%EC%97%85%EC%82%AC%EC%9D%B4%ED%81%B4%EB%A7%81-%ED%94%84%EB%A1%9C%EC%A0%9D%ED%8A%B8-%EC%8A%A4%EC%B9%B4%ED%94%84-%EC%8A%A4%ED%81%AC%EB%9F%B0%EC%B9%98/MEEGSUP01OQ001.html,https://images.mcmworldwide.com/i/mcmworldwide/MEEGSUP01OQ001_01/MEEGSUP01OQ001/업사이클링-프로젝트-스카프-스크런치?$large$&fmt=auto&qlt=default
여성,패션소품,모자-헤어-액세서리,울-캐시미어-자카드-메가-헤링본-비니,MEHFAMM03Y0001,MEHFAMM03Y0001,1,https://kr.mcmworldwide.com/ko_KR/%EC%97%AC%EC%84%B1/%ED%8C%A8%EC%85%98%EC%86%8C%ED%92%88/%EB%AA%A8%EC%9E%90-%ED%97%A4%EC%96%B4-%EC%95%A1%EC%84%B8%EC%84%9C%EB%A6%AC/%EC%9A%B8-%EC%BA%90%EC%8B%9C%EB%AF%B8%EC%96%B4-%EC%9E%90%EC%B9%B4%EB%93%9C-%EB%A9%94%EA%B0%80-%ED%97%A4%EB%A7%81%EB%B3%B8-%EB%B9%84%EB%8B%88/MEHFAMM03Y0001.html,https://images.mcmworldwide.com/i/mcmworldwide/MEHFAMM03Y0001_01/MEHFAMM03Y0001/울-캐시미어-자카드-메가-헤링본-비니?$large$&fmt=auto&qlt=default
여성,패션소품,모자-헤어-액세서리,에센셜-울-비니,MEHFSBC01BK001,MEHFSBC01BK001;MEHFSBC01CO001;MEHFSBC01Q6001,3,https://kr.mcmworldwide.com/ko_KR/%EC%97%AC%EC%84%B1/%ED%8C%A8%EC%85%98%EC%86%8C%ED%92%88/%EB%AA%A8%EC%9E%90-%ED%97%A4%EC%96%B4-%EC%95%A1%EC%84%B8%EC%84%9C%EB%A6%AC/%EC%97%90%EC%84%BC%EC%85%9C-%EC%9A%B8-%EB%B9%84%EB%8B%88/MEHFSBC01BK001.html,https://images.mcmworldwide.com/i/mcmworldwide/MEHFSBC01BK001_01/MEHFSBC01BK001/에센셜-울-비니?$large$&fmt=auto&qlt=default
여성,패션소품,모자-헤어-액세서리,리버서블-버킷-헷,MEHGABC01PZ058,MEHGABC01PZ058,1,https://kr.mcmworldwide.com/ko_KR/%EC%97%AC%EC%84%B1/%ED%8C%A8%EC%85%98%EC%86%8C%ED%92%88/%EB%AA%A8%EC%9E%90-%ED%97%A4%EC%96%B4-%EC%95%A1%EC%84%B8%EC%84%9C%EB%A6%AC/%EB%A6%AC%EB%B2%84%EC%84%9C%EB%B8%94-%EB%B2%84%ED%82%B7-%ED%97%B7/MEHGABC01PZ058.html,https://images.mcmworldwide.com/i/mcmworldwide/MEHGABC01PZ058_01/MEHGABC01PZ058/리버서블-버킷-헷?$large$&fmt=auto&qlt=default
여성,패션소품,모자-헤어-액세서리,루렉스-울-라봇-비니,MEHGSMM01BK001,MEHGSMM01BK001,1,https://kr.mcmworldwide.com/ko_KR/%EC%97%AC%EC%84%B1/%ED%8C%A8%EC%85%98%EC%86%8C%ED%92%88/%EB%AA%A8%EC%9E%90-%ED%97%A4%EC%96%B4-%EC%95%A1%EC%84%B8%EC%84%9C%EB%A6%AC/%EB%A3%A8%EB%A0%89%EC%8A%A4-%EC%9A%B8-%EB%9D%BC%EB%B4%87-%EB%B9%84%EB%8B%88/MEHGSMM01BK001.html,https://images.mcmworldwide.com/i/mcmworldwide/MEHGSMM01BK001_01/MEHGSMM01BK001/루렉스-울-라봇-비니?$large$&fmt=auto&qlt=default
여성,패션소품,벨트,aren-스터드-가죽-벨트,MYBGATA03BK080,MYBGATA03BK080;MYBGATA03BK090,2,https://kr.mcmworldwide.com/ko_KR/%EC%97%AC%EC%84%B1/%ED%8C%A8%EC%85%98%EC%86%8C%ED%92%88/%EB%B2%A8%ED%8A%B8/aren-%EC%8A%A4%ED%84%B0%EB%93%9C-%EA%B0%80%EC%A3%BD-%EB%B2%A8%ED%8A%B8/MYBGATA03BK080.html,https://images.mcmworldwide.com/i/mcmworldwide/MYBGATA03BK080_01/MYBGATA03BK080/aren-스터드-가죽-벨트?$large$&fmt=auto&qlt=default
여성,패션소품,벨트,m-art-비세토스-벨트-1인치,MYBFSUM01CO090,MYBFSUM01CO090;MYBFSUM01CO100,2,https://kr.mcmworldwide.com/ko_KR/%EC%97%AC%EC%84%B1/%ED%8C%A8%EC%85%98%EC%86%8C%ED%92%88/%EB%B2%A8%ED%8A%B8/m-art-%EB%B9%84%EC%84%B8%ED%86%A0%EC%8A%A4-%EB%B2%A8%ED%8A%B8-1%EC%9D%B8%EC%B9%98/MYBFSUM01CO090.html,https://images.mcmworldwide.com/i/mcmworldwide/MYBFSUM01CO090_01/MYBFSUM01CO090/m-art-비세토스-벨트-1인치?$large$&fmt=auto&qlt=default
여성,패션소품,벨트,m-art-비세토스-1인치-벨트,MYBGAUM014B080,MYBGAUM014B080;MYBGAUM014B090;MYBGAUM014B100;MYBGAUM014B110;MYBGAUM01PZ090;MYBGAUM01PZ100,6,https://kr.mcmworldwide.com/ko_KR/%EC%97%AC%EC%84%B1/%ED%8C%A8%EC%85%98%EC%86%8C%ED%92%88/%EB%B2%A8%ED%8A%B8/m-art-%EB%B9%84%EC%84%B8%ED%86%A0%EC%8A%A4-1%EC%9D%B8%EC%B9%98-%EB%B2%A8%ED%8A%B8/MYBGAUM014B080.html,https://images.mcmworldwide.com/i/mcmworldwide/MYBGAUM014B080_01/MYBGAUM014B080/m-art-비세토스-1인치-벨트?$large$&fmt=auto&qlt=default
여성,패션소품,벨트,m-art-비세토스-파우치-벨트,MYBFATA02K8100,MYBFATA02K8100,1,https://kr.mcmworldwide.com/ko_KR/%EC%97%AC%EC%84%B1/%ED%8C%A8%EC%85%98%EC%86%8C%ED%92%88/%EB%B2%A8%ED%8A%B8/m-art-%EB%B9%84%EC%84%B8%ED%86%A0%EC%8A%A4-%ED%8C%8C%EC%9A%B0%EC%B9%98-%EB%B2%A8%ED%8A%B8/MYBFATA02K8100.html,https://images.mcmworldwide.com/i/mcmworldwide/MYBFATA02K8100_01/MYBFATA02K8100/m-art-비세토스-파우치-벨트?$large$&fmt=auto&qlt=default
여성,패션소품,쁘띠-스카프-스카프,m50-로고-실크-스카프,MEFGAMM09BK001,MEFGAMM09BK001,1,https://kr.mcmworldwide.com/ko_KR/%EC%97%AC%EC%84%B1/%ED%8C%A8%EC%85%98%EC%86%8C%ED%92%88/%EC%81%98%EB%9D%A0-%EC%8A%A4%EC%B9%B4%ED%94%84-%EC%8A%A4%EC%B9%B4%ED%94%84/m50-%EB%A1%9C%EA%B3%A0-%EC%8B%A4%ED%81%AC-%EC%8A%A4%EC%B9%B4%ED%94%84/MEFGAMM09BK001.html,https://images.mcmworldwide.com/i/mcmworldwide/MEFGAMM09BK001_01/MEFGAMM09BK001/m50-로고-실크-스카프?$large$&fmt=auto&qlt=default
여성,패션소품,쁘띠-스카프-스카프,m50-로고-쁘띠-실크-스카프,MEFGAMM13BK001,MEFGAMM13BK001,1,https://kr.mcmworldwide.com/ko_KR/%EC%97%AC%EC%84%B1/%ED%8C%A8%EC%85%98%EC%86%8C%ED%92%88/%EC%81%98%EB%9D%A0-%EC%8A%A4%EC%B9%B4%ED%94%84-%EC%8A%A4%EC%B9%B4%ED%94%84/m50-%EB%A1%9C%EA%B3%A0-%EC%81%98%EB%9D%A0-%EC%8B%A4%ED%81%AC-%EC%8A%A4%EC%B9%B4%ED%94%84/MEFGAMM13BK001.html,https://images.mcmworldwide.com/i/mcmworldwide/MEFGAMM13BK001_01/MEFGAMM13BK001/m50-로고-쁘띠-실크-스카프?$large$&fmt=auto&qlt=default
여성,패션소품,쁘띠-스카프-스카프,mcm-x-butterbear-티셔츠,MEFGAMM05Q7001,MEFGAMM05Q7001;MEFGAMM06OQ001;MEFGAMM074B001;MEFGAMM08PZ001;MEFGSMM02L8001;MEFGSMM03L8001;MEFGSMM06CO001,7,https://kr.mcmworldwide.com/ko_KR/%EC%97%AC%EC%84%B1/%ED%8C%A8%EC%85%98%EC%86%8C%ED%92%88/%EC%81%98%EB%9D%A0-%EC%8A%A4%EC%B9%B4%ED%94%84-%EC%8A%A4%EC%B9%B4%ED%94%84/mcm-x-butterbear-%ED%8B%B0%EC%85%94%EC%B8%A0/MEFGAMM05Q7001.html,https://images.mcmworldwide.com/i/mcmworldwide/MEFGAMM05Q7001_01/MEFGAMM05Q7001/mcm-x-butterbear-티셔츠?$large$&fmt=auto&qlt=default
여성,패션소품,쁘띠-스카프-스카프,모노그램-프린트-쁘띠-실크-스카프,MEFDAMM09CO001,MEFDAMM09CO001;MEFDAMM11CO001,2,https://kr.mcmworldwide.com/ko_KR/%EC%97%AC%EC%84%B1/%ED%8C%A8%EC%85%98%EC%86%8C%ED%92%88/%EC%81%98%EB%9D%A0-%EC%8A%A4%EC%B9%B4%ED%94%84-%EC%8A%A4%EC%B9%B4%ED%94%84/%EB%AA%A8%EB%85%B8%EA%B7%B8%EB%9E%A8-%ED%94%84%EB%A6%B0%ED%8A%B8-%EC%81%98%EB%9D%A0-%EC%8B%A4%ED%81%AC-%EC%8A%A4%EC%B9%B4%ED%94%84/MEFDAMM09CO001.html,https://images.mcmworldwide.com/i/mcmworldwide/MEFDAMM09CO001_01/MEFDAMM09CO001/모노그램-프린트-쁘띠-실크-스카프?$large$&fmt=auto&qlt=default
여성,패션소품,쁘띠-스카프-스카프,모노그램-프린트-쁘띠-스카프,MEFDAMM11PZ001,MEFDAMM11PZ001;MEFGAMM04OQ001,2,https://kr.mcmworldwide.com/ko_KR/%EC%97%AC%EC%84%B1/%ED%8C%A8%EC%85%98%EC%86%8C%ED%92%88/%EC%81%98%EB%9D%A0-%EC%8A%A4%EC%B9%B4%ED%94%84-%EC%8A%A4%EC%B9%B4%ED%94%84/%EB%AA%A8%EB%85%B8%EA%B7%B8%EB%9E%A8-%ED%94%84%EB%A6%B0%ED%8A%B8-%EC%81%98%EB%9D%A0-%EC%8A%A4%EC%B9%B4%ED%94%84/MEFDAMM11PZ001.html,https://images.mcmworldwide.com/i/mcmworldwide/MEFDAMM11PZ001_01/MEFDAMM11PZ001/모노그램-프린트-쁘띠-스카프?$large$&fmt=auto&qlt=default
여성,패션소품,쁘띠-스카프-스카프,오가닉-실크-라우렐-쁘띠-스카프,MEFEAMM05CO001,MEFEAMM05CO001;MEFEAMM05XC001,2,https://kr.mcmworldwide.com/ko_KR/%EC%97%AC%EC%84%B1/%ED%8C%A8%EC%85%98%EC%86%8C%ED%92%88/%EC%81%98%EB%9D%A0-%EC%8A%A4%EC%B9%B4%ED%94%84-%EC%8A%A4%EC%B9%B4%ED%94%84/%EC%98%A4%EA%B0%80%EB%8B%89-%EC%8B%A4%ED%81%AC-%EB%9D%BC%EC%9A%B0%EB%A0%90-%EC%81%98%EB%9D%A0-%EC%8A%A4%EC%B9%B4%ED%94%84/MEFEAMM05CO001.html,https://images.mcmworldwide.com/i/mcmworldwide/MEFEAMM05CO001_01/MEFEAMM05CO001/오가닉-실크-라우렐-쁘띠-스카프?$large$&fmt=auto&qlt=default
여성,패션소품,쁘띠-스카프-스카프,라우렐-오가닉-실크-쁘띠-스카프,MEFEAMM05E4001,MEFEAMM05E4001,1,https://kr.mcmworldwide.com/ko_KR/%EC%97%AC%EC%84%B1/%ED%8C%A8%EC%85%98%EC%86%8C%ED%92%88/%EC%81%98%EB%9D%A0-%EC%8A%A4%EC%B9%B4%ED%94%84-%EC%8A%A4%EC%B9%B4%ED%94%84/%EB%9D%BC%EC%9A%B0%EB%A0%90-%EC%98%A4%EA%B0%80%EB%8B%89-%EC%8B%A4%ED%81%AC-%EC%81%98%EB%9D%A0-%EC%8A%A4%EC%B9%B4%ED%94%84/MEFEAMM05E4001.html,https://images.mcmworldwide.com/i/mcmworldwide/MEFEAMM05E4001_01/MEFEAMM05E4001/라우렐-오가닉-실크-쁘띠-스카프?$large$&fmt=auto&qlt=default
여성,패션소품,쁘띠-스카프-스카프,로레토스-자카드-쁘띠-스카프,MEFEAMM06E4001,MEFEAMM06E4001;MEFEAMM06Y9001,2,https://kr.mcmworldwide.com/ko_KR/%EC%97%AC%EC%84%B1/%ED%8C%A8%EC%85%98%EC%86%8C%ED%92%88/%EC%81%98%EB%9D%A0-%EC%8A%A4%EC%B9%B4%ED%94%84-%EC%8A%A4%EC%B9%B4%ED%94%84/%EB%A1%9C%EB%A0%88%ED%86%A0%EC%8A%A4-%EC%9E%90%EC%B9%B4%EB%93%9C-%EC%81%98%EB%9D%A0-%EC%8A%A4%EC%B9%B4%ED%94%84/MEFEAMM06E4001.html,https://images.mcmworldwide.com/i/mcmworldwide/MEFEAMM06E4001_01/MEFEAMM06E4001/로레토스-자카드-쁘띠-스카프?$large$&fmt=auto&qlt=default
여성,패션소품,쁘띠-스카프-스카프,모노그램-쁘띠-스카프,MEFESMM03OQ001,MEFESMM03OQ001;MEFESMM03P7001,2,https://kr.mcmworldwide.com/ko_KR/%EC%97%AC%EC%84%B1/%ED%8C%A8%EC%85%98%EC%86%8C%ED%92%88/%EC%81%98%EB%9D%A0-%EC%8A%A4%EC%B9%B4%ED%94%84-%EC%8A%A4%EC%B9%B4%ED%94%84/%EB%AA%A8%EB%85%B8%EA%B7%B8%EB%9E%A8-%EC%81%98%EB%9D%A0-%EC%8A%A4%EC%B9%B4%ED%94%84/MEFESMM03OQ001.html,https://images.mcmworldwide.com/i/mcmworldwide/MEFESMM03OQ001_01/MEFESMM03OQ001/모노그램-쁘띠-스카프?$large$&fmt=auto&qlt=default
여성,패션소품,쁘띠-스카프-스카프,다이아몬드-모노그램-스카프,MEFESMM07OQ001,MEFESMM07OQ001;MEFESMM07P7001,2,https://kr.mcmworldwide.com/ko_KR/%EC%97%AC%EC%84%B1/%ED%8C%A8%EC%85%98%EC%86%8C%ED%92%88/%EC%81%98%EB%9D%A0-%EC%8A%A4%EC%B9%B4%ED%94%84-%EC%8A%A4%EC%B9%B4%ED%94%84/%EB%8B%A4%EC%9D%B4%EC%95%84%EB%AA%AC%EB%93%9C-%EB%AA%A8%EB%85%B8%EA%B7%B8%EB%9E%A8-%EC%8A%A4%EC%B9%B4%ED%94%84/MEFESMM07OQ001.html,https://images.mcmworldwide.com/i/mcmworldwide/MEFESMM07OQ001_01/MEFESMM07OQ001/다이아몬드-모노그램-스카프?$large$&fmt=auto&qlt=default
여성,패션소품,쁘띠-스카프-스카프,다이아몬드-로고-자카드-숄,MEFESMM10BK001,MEFESMM10BK001;MEFESMM10WI001,2,https://kr.mcmworldwide.com/ko_KR/%EC%97%AC%EC%84%B1/%ED%8C%A8%EC%85%98%EC%86%8C%ED%92%88/%EC%81%98%EB%9D%A0-%EC%8A%A4%EC%B9%B4%ED%94%84-%EC%8A%A4%EC%B9%B4%ED%94%84/%EB%8B%A4%EC%9D%B4%EC%95%84%EB%AA%AC%EB%93%9C-%EB%A1%9C%EA%B3%A0-%EC%9E%90%EC%B9%B4%EB%93%9C-%EC%88%84/MEFESMM10BK001.html,https://images.mcmworldwide.com/i/mcmworldwide/MEFESMM10BK001_01/MEFESMM10BK001/다이아몬드-로고-자카드-숄?$large$&fmt=auto&qlt=default
여성,패션소품,쁘띠-스카프-스카프,다이아몬드-모노그램-울-숄,MEFESMM12CO001,MEFESMM12CO001;MEFESMM12P8001,2,https://kr.mcmworldwide.com/ko_KR/%EC%97%AC%EC%84%B1/%ED%8C%A8%EC%85%98%EC%86%8C%ED%92%88/%EC%81%98%EB%9D%A0-%EC%8A%A4%EC%B9%B4%ED%94%84-%EC%8A%A4%EC%B9%B4%ED%94%84/%EB%8B%A4%EC%9D%B4%EC%95%84%EB%AA%AC%EB%93%9C-%EB%AA%A8%EB%85%B8%EA%B7%B8%EB%9E%A8-%EC%9A%B8-%EC%88%84/MEFESMM12CO001.html,https://images.mcmworldwide.com/i/mcmworldwide/MEFESMM12CO001_01/MEFESMM12CO001/다이아몬드-모노그램-울-숄?$large$&fmt=auto&qlt=default
여성,패션소품,쁘띠-스카프-스카프,리버서블-모노그램-프린트-쁘띠-스카프,MEFFAMM01XC001,MEFFAMM01XC001;MEFFAMM01Y0001,2,https://kr.mcmworldwide.com/ko_KR/%EC%97%AC%EC%84%B1/%ED%8C%A8%EC%85%98%EC%86%8C%ED%92%88/%EC%81%98%EB%9D%A0-%EC%8A%A4%EC%B9%B4%ED%94%84-%EC%8A%A4%EC%B9%B4%ED%94%84/%EB%A6%AC%EB%B2%84%EC%84%9C%EB%B8%94-%EB%AA%A8%EB%85%B8%EA%B7%B8%EB%9E%A8-%ED%94%84%EB%A6%B0%ED%8A%B8-%EC%81%98%EB%9D%A0-%EC%8A%A4%EC%B9%B4%ED%94%84/MEFFAMM01XC001.html,https://images.mcmworldwide.com/i/mcmworldwide/MEFFAMM01XC001_01/MEFFAMM01XC001/리버서블-모노그램-프린트-쁘띠-스카프?$large$&fmt=auto&qlt=default
여성,패션소품,쁘띠-스카프-스카프,오가닉-실크-메가-헤링본-프린트-스카프,MEFFAMM02OQ001,MEFFAMM02OQ001,1,https://kr.mcmworldwide.com/ko_KR/%EC%97%AC%EC%84%B1/%ED%8C%A8%EC%85%98%EC%86%8C%ED%92%88/%EC%81%98%EB%9D%A0-%EC%8A%A4%EC%B9%B4%ED%94%84-%EC%8A%A4%EC%B9%B4%ED%94%84/%EC%98%A4%EA%B0%80%EB%8B%89-%EC%8B%A4%ED%81%AC-%EB%A9%94%EA%B0%80-%ED%97%A4%EB%A7%81%EB%B3%B8-%ED%94%84%EB%A6%B0%ED%8A%B8-%EC%8A%A4%EC%B9%B4%ED%94%84/MEFFAMM02OQ001.html,https://images.mcmworldwide.com/i/mcmworldwide/MEFFAMM02OQ001_01/MEFFAMM02OQ001/오가닉-실크-메가-헤링본-프린트-스카프?$large$&fmt=auto&qlt=default
여성,패션소품,쁘띠-스카프-스카프,울-실크-자카드-모노그램-숄,MEFFAMM03B7001,MEFFAMM03B7001;MEFGSMM01D5001,2,https://kr.mcmworldwide.com/ko_KR/%EC%97%AC%EC%84%B1/%ED%8C%A8%EC%85%98%EC%86%8C%ED%92%88/%EC%81%98%EB%9D%A0-%EC%8A%A4%EC%B9%B4%ED%94%84-%EC%8A%A4%EC%B9%B4%ED%94%84/%EC%9A%B8-%EC%8B%A4%ED%81%AC-%EC%9E%90%EC%B9%B4%EB%93%9C-%EB%AA%A8%EB%85%B8%EA%B7%B8%EB%9E%A8-%EC%88%84/MEFFAMM03B7001.html,https://images.mcmworldwide.com/i/mcmworldwide/MEFFAMM03B7001_01/MEFFAMM03B7001/울-실크-자카드-모노그램-숄?$large$&fmt=auto&qlt=default
여성,패션소품,쁘띠-스카프-스카프,애니멀-패턴-실크-스카프,MEFGAMM10CO001,MEFGAMM10CO001,1,https://kr.mcmworldwide.com/ko_KR/%EC%97%AC%EC%84%B1/%ED%8C%A8%EC%85%98%EC%86%8C%ED%92%88/%EC%81%98%EB%9D%A0-%EC%8A%A4%EC%B9%B4%ED%94%84-%EC%8A%A4%EC%B9%B4%ED%94%84/%EC%95%A0%EB%8B%88%EB%A9%80-%ED%8C%A8%ED%84%B4-%EC%8B%A4%ED%81%AC-%EC%8A%A4%EC%B9%B4%ED%94%84/MEFGAMM10CO001.html,https://images.mcmworldwide.com/i/mcmworldwide/MEFGAMM10CO001_01/MEFGAMM10CO001/애니멀-패턴-실크-스카프?$large$&fmt=auto&qlt=default
여성,패션소품,쁘띠-스카프-스카프,페이즐리-코튼-실크-스카프,MEFGAMM12CO001,MEFGAMM12CO001;MEFGAMM12GR001;MEFGAMM12QH001,3,https://kr.mcmworldwide.com/ko_KR/%EC%97%AC%EC%84%B1/%ED%8C%A8%EC%85%98%EC%86%8C%ED%92%88/%EC%81%98%EB%9D%A0-%EC%8A%A4%EC%B9%B4%ED%94%84-%EC%8A%A4%EC%B9%B4%ED%94%84/%ED%8E%98%EC%9D%B4%EC%A6%90%EB%A6%AC-%EC%BD%94%ED%8A%BC-%EC%8B%A4%ED%81%AC-%EC%8A%A4%EC%B9%B4%ED%94%84/MEFGAMM12CO001.html,https://images.mcmworldwide.com/i/mcmworldwide/MEFGAMM12CO001_01/MEFGAMM12CO001/페이즐리-코튼-실크-스카프?$large$&fmt=auto&qlt=default
여성,패션소품,쁘띠-스카프-스카프,애니멀-패턴-쁘띠-실크-스카프,MEFGAMM16CO001,MEFGAMM16CO001,1,https://kr.mcmworldwide.com/ko_KR/%EC%97%AC%EC%84%B1/%ED%8C%A8%EC%85%98%EC%86%8C%ED%92%88/%EC%81%98%EB%9D%A0-%EC%8A%A4%EC%B9%B4%ED%94%84-%EC%8A%A4%EC%B9%B4%ED%94%84/%EC%95%A0%EB%8B%88%EB%A9%80-%ED%8C%A8%ED%84%B4-%EC%81%98%EB%9D%A0-%EC%8B%A4%ED%81%AC-%EC%8A%A4%EC%B9%B4%ED%94%84/MEFGAMM16CO001.html,https://images.mcmworldwide.com/i/mcmworldwide/MEFGAMM16CO001_01/MEFGAMM16CO001/애니멀-패턴-쁘띠-실크-스카프?$large$&fmt=auto&qlt=default
여성,패션소품,선글라스,오발-선글라스,MEGGSMM04BK001,MEGGSMM04BK001;MEGGSMM06BK001;MEGGSMM06PK001,3,https://kr.mcmworldwide.com/ko_KR/%EC%97%AC%EC%84%B1/%ED%8C%A8%EC%85%98%EC%86%8C%ED%92%88/%EC%84%A0%EA%B8%80%EB%9D%BC%EC%8A%A4/%EC%98%A4%EB%B0%9C-%EC%84%A0%EA%B8%80%EB%9D%BC%EC%8A%A4/MEGGSMM04BK001.html,https://images.mcmworldwide.com/i/mcmworldwide/MEGGSMM04BK001_01/MEGGSMM04BK001/오발-선글라스?$large$&fmt=auto&qlt=default
여성,패션소품,선글라스,스퀘어-선글라스,MEGGSMM05BK001,MEGGSMM05BK001,1,https://kr.mcmworldwide.com/ko_KR/%EC%97%AC%EC%84%B1/%ED%8C%A8%EC%85%98%EC%86%8C%ED%92%88/%EC%84%A0%EA%B8%80%EB%9D%BC%EC%8A%A4/%EC%8A%A4%ED%80%98%EC%96%B4-%EC%84%A0%EA%B8%80%EB%9D%BC%EC%8A%A4/MEGGSMM05BK001.html,https://images.mcmworldwide.com/i/mcmworldwide/MEGGSMM05BK001_01/MEGGSMM05BK001/스퀘어-선글라스?$large$&fmt=auto&qlt=default
여성,패션소품,향수,crush-오-드-퍼퓸,MPFESMM02PK001,MPFESMM02PK001;MPFESMM03PK001;MPFESMM04PK001,3,https://kr.mcmworldwide.com/ko_KR/%EC%97%AC%EC%84%B1/%ED%8C%A8%EC%85%98%EC%86%8C%ED%92%88/%ED%96%A5%EC%88%98/crush-%EC%98%A4-%EB%93%9C-%ED%8D%BC%ED%93%B8/MPFESMM02PK001.html,https://images.mcmworldwide.com/i/mcmworldwide/MPFESMM02PK001_01/MPFESMM02PK001/crush-오-드-퍼퓸?$large$&fmt=auto&qlt=default
여성,패션소품,향수,diamond-오-드-퍼퓸,MPFEAMM05BK001,MPFEAMM05BK001;MPFEAMM06BK001;MPFEAMM07BK001,3,https://kr.mcmworldwide.com/ko_KR/%EC%97%AC%EC%84%B1/%ED%8C%A8%EC%85%98%EC%86%8C%ED%92%88/%ED%96%A5%EC%88%98/diamond-%EC%98%A4-%EB%93%9C-%ED%8D%BC%ED%93%B8/MPFEAMM05BK001.html,https://images.mcmworldwide.com/i/mcmworldwide/MPFEAMM05BK001_01/MPFEAMM05BK001/diamond-오-드-퍼퓸?$large$&fmt=auto&qlt=default
여성,패션소품,향수,mcm-오-드-퍼퓸,MPFBSMM01CO001,MPFBSMM01CO001;MPFBSMM02CO001;MPFBSMM03CO001,3,https://kr.mcmworldwide.com/ko_KR/%EC%97%AC%EC%84%B1/%ED%8C%A8%EC%85%98%EC%86%8C%ED%92%88/%ED%96%A5%EC%88%98/mcm-%EC%98%A4-%EB%93%9C-%ED%8D%BC%ED%93%B8/MPFBSMM01CO001.html,https://images.mcmworldwide.com/i/mcmworldwide/MPFBSMM01CO001_01/MPFBSMM01CO001/mcm-오-드-퍼퓸?$large$&fmt=auto&qlt=default
여성,패션소품,향수,mcm-오-드-퍼퓸-트래블-스프레이,MPFBSMM04CO001,MPFBSMM04CO001,1,https://kr.mcmworldwide.com/ko_KR/%EC%97%AC%EC%84%B1/%ED%8C%A8%EC%85%98%EC%86%8C%ED%92%88/%ED%96%A5%EC%88%98/mcm-%EC%98%A4-%EB%93%9C-%ED%8D%BC%ED%93%B8-%ED%8A%B8%EB%9E%98%EB%B8%94-%EC%8A%A4%ED%94%84%EB%A0%88%EC%9D%B4/MPFBSMM04CO001.html,https://images.mcmworldwide.com/i/mcmworldwide/MPFBSMM04CO001_01/MPFBSMM04CO001/mcm-오-드-퍼퓸-트래블-스프레이?$large$&fmt=auto&qlt=default
여성,패션소품,향수,mcm-onyx-오-드-퍼퓸,MPFDSMM02BK001,MPFDSMM02BK001;MPFDSMM03BK001;MPFDSMM04BK001,3,https://kr.mcmworldwide.com/ko_KR/%EC%97%AC%EC%84%B1/%ED%8C%A8%EC%85%98%EC%86%8C%ED%92%88/%ED%96%A5%EC%88%98/mcm-onyx-%EC%98%A4-%EB%93%9C-%ED%8D%BC%ED%93%B8/MPFDSMM02BK001.html,https://images.mcmworldwide.com/i/mcmworldwide/MPFDSMM02BK001_01/MPFDSMM02BK001/mcm-onyx-오-드-퍼퓸?$large$&fmt=auto&qlt=default
여성,패션소품,향수,마이티-베어-오-드-퍼퓸,MPFFSMM04CO001,MPFFSMM04CO001,1,https://kr.mcmworldwide.com/ko_KR/%EC%97%AC%EC%84%B1/%ED%8C%A8%EC%85%98%EC%86%8C%ED%92%88/%ED%96%A5%EC%88%98/%EB%A7%88%EC%9D%B4%ED%8B%B0-%EB%B2%A0%EC%96%B4-%EC%98%A4-%EB%93%9C-%ED%8D%BC%ED%93%B8/MPFFSMM04CO001.html,https://images.mcmworldwide.com/i/mcmworldwide/MPFFSMM04CO001_01/MPFFSMM04CO001/마이티-베어-오-드-퍼퓸?$large$&fmt=auto&qlt=default
여성,패션소품,향수,졸리-레빗-오-드-퍼퓸,MPFFSMM05CO001,MPFFSMM05CO001,1,https://kr.mcmworldwide.com/ko_KR/%EC%97%AC%EC%84%B1/%ED%8C%A8%EC%85%98%EC%86%8C%ED%92%88/%ED%96%A5%EC%88%98/%EC%A1%B8%EB%A6%AC-%EB%A0%88%EB%B9%97-%EC%98%A4-%EB%93%9C-%ED%8D%BC%ED%93%B8/MPFFSMM05CO001.html,https://images.mcmworldwide.com/i/mcmworldwide/MPFFSMM05CO001_01/MPFFSMM05CO001/졸리-레빗-오-드-퍼퓸?$large$&fmt=auto&qlt=default
여성,패션소품,향수,달링-독시-오-드-퍼퓸,MPFFSMM06CO001,MPFFSMM06CO001,1,https://kr.mcmworldwide.com/ko_KR/%EC%97%AC%EC%84%B1/%ED%8C%A8%EC%85%98%EC%86%8C%ED%92%88/%ED%96%A5%EC%88%98/%EB%8B%AC%EB%A7%81-%EB%8F%85%EC%8B%9C-%EC%98%A4-%EB%93%9C-%ED%8D%BC%ED%93%B8/MPFFSMM06CO001.html,https://images.mcmworldwide.com/i/mcmworldwide/MPFFSMM06CO001_01/MPFFSMM06CO001/달링-독시-오-드-퍼퓸?$large$&fmt=auto&qlt=default
여성,패션소품,향수,차밍-펍-오-드-퍼퓸,MPFFSMM07CO001,MPFFSMM07CO001,1,https://kr.mcmworldwide.com/ko_KR/%EC%97%AC%EC%84%B1/%ED%8C%A8%EC%85%98%EC%86%8C%ED%92%88/%ED%96%A5%EC%88%98/%EC%B0%A8%EB%B0%8D-%ED%8E%8D-%EC%98%A4-%EB%93%9C-%ED%8D%BC%ED%93%B8/MPFFSMM07CO001.html,https://images.mcmworldwide.com/i/mcmworldwide/MPFFSMM07CO001_01/MPFFSMM07CO001/차밍-펍-오-드-퍼퓸?$large$&fmt=auto&qlt=default
여성,패션소품,향수,향수-컬렉션-기프트-세트,MPFFSMM12CO001,MPFFSMM12CO001;MPFGAMM06CO001,2,https://kr.mcmworldwide.com/ko_KR/%EC%97%AC%EC%84%B1/%ED%8C%A8%EC%85%98%EC%86%8C%ED%92%88/%ED%96%A5%EC%88%98/%ED%96%A5%EC%88%98-%EC%BB%AC%EB%A0%89%EC%85%98-%EA%B8%B0%ED%94%84%ED%8A%B8-%EC%84%B8%ED%8A%B8/MPFFSMM12CO001.html,https://images.mcmworldwide.com/i/mcmworldwide/MPFFSMM12CO001_01/MPFFSMM12CO001/향수-컬렉션-기프트-세트?$large$&fmt=auto&qlt=default
여성,패션소품,향수,코지-캣-오-드-퍼퓸,MPFGAMM02CO001,MPFGAMM02CO001,1,https://kr.mcmworldwide.com/ko_KR/%EC%97%AC%EC%84%B1/%ED%8C%A8%EC%85%98%EC%86%8C%ED%92%88/%ED%96%A5%EC%88%98/%EC%BD%94%EC%A7%80-%EC%BA%A3-%EC%98%A4-%EB%93%9C-%ED%8D%BC%ED%93%B8/MPFGAMM02CO001.html,https://images.mcmworldwide.com/i/mcmworldwide/MPFGAMM02CO001_01/MPFGAMM02CO001/코지-캣-오-드-퍼퓸?$large$&fmt=auto&qlt=default
여성,패션소품,향수,코스믹-스타-오-드-퍼퓸,MPFGSMM02WT001,MPFGSMM02WT001;MPFGSMM03WT001;MPFGSMM04WT001,3,https://kr.mcmworldwide.com/ko_KR/%EC%97%AC%EC%84%B1/%ED%8C%A8%EC%85%98%EC%86%8C%ED%92%88/%ED%96%A5%EC%88%98/%EC%BD%94%EC%8A%A4%EB%AF%B9-%EC%8A%A4%ED%83%80-%EC%98%A4-%EB%93%9C-%ED%8D%BC%ED%93%B8/MPFGSMM02WT001.html,https://images.mcmworldwide.com/i/mcmworldwide/MPFGSMM02WT001_01/MPFGSMM02WT001/코스믹-스타-오-드-퍼퓸?$large$&fmt=auto&qlt=default
여성,패션소품,향수,onyx-오-드-퍼퓸-홀리데이-기프트-세트,MPFEAMM10BK001,MPFEAMM10BK001,1,https://kr.mcmworldwide.com/ko_KR/%EC%97%AC%EC%84%B1/%ED%8C%A8%EC%85%98%EC%86%8C%ED%92%88/%ED%96%A5%EC%88%98/onyx-%EC%98%A4-%EB%93%9C-%ED%8D%BC%ED%93%B8-%ED%99%80%EB%A6%AC%EB%8D%B0%EC%9D%B4-%EA%B8%B0%ED%94%84%ED%8A%B8-%EC%84%B8%ED%8A%B8/MPFEAMM10BK001.html,https://images.mcmworldwide.com/i/mcmworldwide/MPFEAMM10BK001_01/MPFEAMM10BK001/onyx-오-드-퍼퓸-홀리데이-기프트-세트?$large$&fmt=auto&qlt=default
여성,핸드백,모두보기,diamond-비세토스-레더-믹스,MWTESAK01CO001,MWTESAK01CO001;MWTESAK01WT001;MWTESAK04CO001,3,https://kr.mcmworldwide.com/ko_KR/%EC%97%AC%EC%84%B1/%ED%95%B8%EB%93%9C%EB%B0%B1/%EB%AA%A8%EB%91%90%EB%B3%B4%EA%B8%B0/diamond-%EB%B9%84%EC%84%B8%ED%86%A0%EC%8A%A4-%EB%A0%88%EB%8D%94-%EB%AF%B9%EC%8A%A4/MWTESAK01CO001.html,https://images.mcmworldwide.com/i/mcmworldwide/MWTESAK01CO001_01/MWTESAK01CO001/diamond-비세토스-레더-믹스?$large$&fmt=auto&qlt=default
여성,핸드백,모두보기,diamond--엠보스드-레더,MWTESAK02BK001,MWTESAK02BK001,1,https://kr.mcmworldwide.com/ko_KR/%EC%97%AC%EC%84%B1/%ED%95%B8%EB%93%9C%EB%B0%B1/%EB%AA%A8%EB%91%90%EB%B3%B4%EA%B8%B0/diamond--%EC%97%A0%EB%B3%B4%EC%8A%A4%EB%93%9C-%EB%A0%88%EB%8D%94/MWTESAK02BK001.html,https://images.mcmworldwide.com/i/mcmworldwide/MWTESAK02BK001_01/MWTESAK02BK001/diamond--엠보스드-레더?$large$&fmt=auto&qlt=default
여성,핸드백,모두보기,아렌-비세토스-호보,MWHBSKM01BK001,MWHBSKM01BK001,1,https://kr.mcmworldwide.com/ko_KR/%EC%97%AC%EC%84%B1/%ED%95%B8%EB%93%9C%EB%B0%B1/%EB%AA%A8%EB%91%90%EB%B3%B4%EA%B8%B0/%EC%95%84%EB%A0%8C-%EB%B9%84%EC%84%B8%ED%86%A0%EC%8A%A4-%ED%98%B8%EB%B3%B4/MWHBSKM01BK001.html,https://images.mcmworldwide.com/i/mcmworldwide/MWHBSKM01BK001_01/MWHBSKM01BK001/아렌-비세토스-호보?$large$&fmt=auto&qlt=default
여성,핸드백,모두보기,다이아몬드-모노그램-트릴로지-크로스바디-파우치,MYZEAAK01BK001,MYZEAAK01BK001,1,https://kr.mcmworldwide.com/ko_KR/%EC%97%AC%EC%84%B1/%ED%95%B8%EB%93%9C%EB%B0%B1/%EB%AA%A8%EB%91%90%EB%B3%B4%EA%B8%B0/%EB%8B%A4%EC%9D%B4%EC%95%84%EB%AA%AC%EB%93%9C-%EB%AA%A8%EB%85%B8%EA%B7%B8%EB%9E%A8-%ED%8A%B8%EB%A6%B4%EB%A1%9C%EC%A7%80-%ED%81%AC%EB%A1%9C%EC%8A%A4%EB%B0%94%EB%94%94-%ED%8C%8C%EC%9A%B0%EC%B9%98/MYZEAAK01BK001.html,https://images.mcmworldwide.com/i/mcmworldwide/MYZEAAK01BK001_01/MYZEAAK01BK001/다이아몬드-모노그램-트릴로지-크로스바디-파우치?$large$&fmt=auto&qlt=default
여성,핸드백,백팩-벨트백,디아망뜨-양가죽-3d-백팩,MWKGSAK01BK001,MWKGSAK01BK001,1,https://kr.mcmworldwide.com/ko_KR/%EC%97%AC%EC%84%B1/%ED%95%B8%EB%93%9C%EB%B0%B1/%EB%B0%B1%ED%8C%A9-%EB%B2%A8%ED%8A%B8%EB%B0%B1/%EB%94%94%EC%95%84%EB%A7%9D%EB%9C%A8-%EC%96%91%EA%B0%80%EC%A3%BD-3d-%EB%B0%B1%ED%8C%A9/MWKGSAK01BK001.html,https://images.mcmworldwide.com/i/mcmworldwide/MWKGSAK01BK001_01/MWKGSAK01BK001/디아망뜨-양가죽-3d-백팩?$large$&fmt=auto&qlt=default
여성,핸드백,백팩-벨트백,비세토스-레더-믹스-다이아몬드-3d-벨트-백,MWZFSAK04CO001,MWZFSAK04CO001,1,https://kr.mcmworldwide.com/ko_KR/%EC%97%AC%EC%84%B1/%ED%95%B8%EB%93%9C%EB%B0%B1/%EB%B0%B1%ED%8C%A9-%EB%B2%A8%ED%8A%B8%EB%B0%B1/%EB%B9%84%EC%84%B8%ED%86%A0%EC%8A%A4-%EB%A0%88%EB%8D%94-%EB%AF%B9%EC%8A%A4-%EB%8B%A4%EC%9D%B4%EC%95%84%EB%AA%AC%EB%93%9C-3d-%EB%B2%A8%ED%8A%B8-%EB%B0%B1/MWZFSAK04CO001.html,https://images.mcmworldwide.com/i/mcmworldwide/MWZFSAK04CO001_01/MWZFSAK04CO001/비세토스-레더-믹스-다이아몬드-3d-벨트-백?$large$&fmt=auto&qlt=default
여성,핸드백,백팩-벨트백,aren-drawstring-backpack-in-visetos,MWKGATA02I8001,MWKGATA02I8001,1,https://kr.mcmworldwide.com/ko_KR/%EC%97%AC%EC%84%B1/%ED%95%B8%EB%93%9C%EB%B0%B1/%EB%B0%B1%ED%8C%A9-%EB%B2%A8%ED%8A%B8%EB%B0%B1/aren-drawstring-backpack-in-visetos/MWKGATA02I8001.html,https://images.mcmworldwide.com/i/mcmworldwide/MWKGATA02I8001_01/MWKGATA02I8001/aren-drawstring-backpack-in-visetos?$large$&fmt=auto&qlt=default
여성,핸드백,백팩-벨트백,aren-econyl®과-가죽-드로우스트링-백팩,MWKFATA03BK001,MWKFATA03BK001;MWKFATA04BK001,2,https://kr.mcmworldwide.com/ko_KR/%EC%97%AC%EC%84%B1/%ED%95%B8%EB%93%9C%EB%B0%B1/%EB%B0%B1%ED%8C%A9-%EB%B2%A8%ED%8A%B8%EB%B0%B1/aren-econyl%C2%AE%EA%B3%BC-%EA%B0%80%EC%A3%BD-%EB%93%9C%EB%A1%9C%EC%9A%B0%EC%8A%A4%ED%8A%B8%EB%A7%81-%EB%B0%B1%ED%8C%A9/MWKFATA03BK001.html,https://images.mcmworldwide.com/i/mcmworldwide/MWKFATA03BK001_01/MWKFATA03BK001/aren-econyl®과-가죽-드로우스트링-백팩?$large$&fmt=auto&qlt=default
여성,핸드백,백팩-벨트백,aren-비세토스-드로우스트링-백팩,MWKFATA01CO001,MWKFATA01CO001;MWKFATA02CO001;MWKFATA02PZ001;MWKGATA03PZ001,4,https://kr.mcmworldwide.com/ko_KR/%EC%97%AC%EC%84%B1/%ED%95%B8%EB%93%9C%EB%B0%B1/%EB%B0%B1%ED%8C%A9-%EB%B2%A8%ED%8A%B8%EB%B0%B1/aren-%EB%B9%84%EC%84%B8%ED%86%A0%EC%8A%A4-%EB%93%9C%EB%A1%9C%EC%9A%B0%EC%8A%A4%ED%8A%B8%EB%A7%81-%EB%B0%B1%ED%8C%A9/MWKFATA01CO001.html,https://images.mcmworldwide.com/i/mcmworldwide/MWKFATA01CO001_01/MWKFATA01CO001/aren-비세토스-드로우스트링-백팩?$large$&fmt=auto&qlt=default
여성,핸드백,백팩-벨트백,aren-맥시-모노그램-가죽-드로우스트링-백팩,MWKGSTA01QA001,MWKGSTA01QA001,1,https://kr.mcmworldwide.com/ko_KR/%EC%97%AC%EC%84%B1/%ED%95%B8%EB%93%9C%EB%B0%B1/%EB%B0%B1%ED%8C%A9-%EB%B2%A8%ED%8A%B8%EB%B0%B1/aren-%EB%A7%A5%EC%8B%9C-%EB%AA%A8%EB%85%B8%EA%B7%B8%EB%9E%A8-%EA%B0%80%EC%A3%BD-%EB%93%9C%EB%A1%9C%EC%9A%B0%EC%8A%A4%ED%8A%B8%EB%A7%81-%EB%B0%B1%ED%8C%A9/MWKGSTA01QA001.html,https://images.mcmworldwide.com/i/mcmworldwide/MWKGSTA01QA001_01/MWKGSTA01QA001/aren-맥시-모노그램-가죽-드로우스트링-백팩?$large$&fmt=auto&qlt=default
여성,핸드백,백팩-벨트백,diamant-3d-갤러틱-갈라-양가죽-벨트백,MWZGSAK01BK001,MWZGSAK01BK001,1,https://kr.mcmworldwide.com/ko_KR/%EC%97%AC%EC%84%B1/%ED%95%B8%EB%93%9C%EB%B0%B1/%EB%B0%B1%ED%8C%A9-%EB%B2%A8%ED%8A%B8%EB%B0%B1/diamant-3d-%EA%B0%A4%EB%9F%AC%ED%8B%B1-%EA%B0%88%EB%9D%BC-%EC%96%91%EA%B0%80%EC%A3%BD-%EB%B2%A8%ED%8A%B8%EB%B0%B1/MWZGSAK01BK001.html,https://images.mcmworldwide.com/i/mcmworldwide/MWZGSAK01BK001_01/MWZGSAK01BK001/diamant-3d-갤러틱-갈라-양가죽-벨트백?$large$&fmt=auto&qlt=default
여성,핸드백,백팩-벨트백,비세토스-스타크-베베-부-사이드-스터드-백팩,MMKAAVE13CO001,MMKAAVE13CO001,1,https://kr.mcmworldwide.com/ko_KR/%EC%97%AC%EC%84%B1/%ED%95%B8%EB%93%9C%EB%B0%B1/%EB%B0%B1%ED%8C%A9-%EB%B2%A8%ED%8A%B8%EB%B0%B1/%EB%B9%84%EC%84%B8%ED%86%A0%EC%8A%A4-%EC%8A%A4%ED%83%80%ED%81%AC-%EB%B2%A0%EB%B2%A0-%EB%B6%80-%EC%82%AC%EC%9D%B4%EB%93%9C-%EC%8A%A4%ED%84%B0%EB%93%9C-%EB%B0%B1%ED%8C%A9/MMKAAVE13CO001.html,https://images.mcmworldwide.com/i/mcmworldwide/MMKAAVE13CO001_01/MMKAAVE13CO001/비세토스-스타크-베베-부-사이드-스터드-백팩?$large$&fmt=auto&qlt=default
여성,핸드백,백팩-벨트백,pina-스터드-장식-카프스킨-드로우스트링-백팩,MWKGATA01BK001,MWKGATA01BK001,1,https://kr.mcmworldwide.com/ko_KR/%EC%97%AC%EC%84%B1/%ED%95%B8%EB%93%9C%EB%B0%B1/%EB%B0%B1%ED%8C%A9-%EB%B2%A8%ED%8A%B8%EB%B0%B1/pina-%EC%8A%A4%ED%84%B0%EB%93%9C-%EC%9E%A5%EC%8B%9D-%EC%B9%B4%ED%94%84%EC%8A%A4%ED%82%A8-%EB%93%9C%EB%A1%9C%EC%9A%B0%EC%8A%A4%ED%8A%B8%EB%A7%81-%EB%B0%B1%ED%8C%A9/MWKGATA01BK001.html,https://images.mcmworldwide.com/i/mcmworldwide/MWKGATA01BK001_01/MWKGATA01BK001/pina-스터드-장식-카프스킨-드로우스트링-백팩?$large$&fmt=auto&qlt=default
여성,핸드백,쇼퍼-토트백,aren-econyl®과-가죽-마마-쇼퍼,MWPFATA01BK001,MWPFATA01BK001,1,https://kr.mcmworldwide.com/ko_KR/%EC%97%AC%EC%84%B1/%ED%95%B8%EB%93%9C%EB%B0%B1/%EC%87%BC%ED%8D%BC-%ED%86%A0%ED%8A%B8%EB%B0%B1/aren-econyl%C2%AE%EA%B3%BC-%EA%B0%80%EC%A3%BD-%EB%A7%88%EB%A7%88-%EC%87%BC%ED%8D%BC/MWPFATA01BK001.html,https://images.mcmworldwide.com/i/mcmworldwide/MWPFATA01BK001_01/MWPFATA01BK001/aren-econyl®과-가죽-마마-쇼퍼?$large$&fmt=auto&qlt=default
여성,핸드백,쇼퍼-토트백,aren-모노그램-데님-자카드-멀티-쇼퍼,MWPFATA03HD001,MWPFATA03HD001,1,https://kr.mcmworldwide.com/ko_KR/%EC%97%AC%EC%84%B1/%ED%95%B8%EB%93%9C%EB%B0%B1/%EC%87%BC%ED%8D%BC-%ED%86%A0%ED%8A%B8%EB%B0%B1/aren-%EB%AA%A8%EB%85%B8%EA%B7%B8%EB%9E%A8-%EB%8D%B0%EB%8B%98-%EC%9E%90%EC%B9%B4%EB%93%9C-%EB%A9%80%ED%8B%B0-%EC%87%BC%ED%8D%BC/MWPFATA03HD001.html,https://images.mcmworldwide.com/i/mcmworldwide/MWPFATA03HD001_01/MWPFATA03HD001/aren-모노그램-데님-자카드-멀티-쇼퍼?$large$&fmt=auto&qlt=default
여성,핸드백,쇼퍼-토트백,aren-나파-가죽-쇼퍼,MWPFSTA02CK001,MWPFSTA02CK001,1,https://kr.mcmworldwide.com/ko_KR/%EC%97%AC%EC%84%B1/%ED%95%B8%EB%93%9C%EB%B0%B1/%EC%87%BC%ED%8D%BC-%ED%86%A0%ED%8A%B8%EB%B0%B1/aren-%EB%82%98%ED%8C%8C-%EA%B0%80%EC%A3%BD-%EC%87%BC%ED%8D%BC/MWPFSTA02CK001.html,https://images.mcmworldwide.com/i/mcmworldwide/MWPFSTA02CK001_01/MWPFSTA02CK001/aren-나파-가죽-쇼퍼?$large$&fmt=auto&qlt=default
여성,핸드백,쇼퍼-토트백,모노그램-프린트-가죽-소재의-aren-쇼퍼,MWPFSTA03WT001,MWPFSTA03WT001,1,https://kr.mcmworldwide.com/ko_KR/%EC%97%AC%EC%84%B1/%ED%95%B8%EB%93%9C%EB%B0%B1/%EC%87%BC%ED%8D%BC-%ED%86%A0%ED%8A%B8%EB%B0%B1/%EB%AA%A8%EB%85%B8%EA%B7%B8%EB%9E%A8-%ED%94%84%EB%A6%B0%ED%8A%B8-%EA%B0%80%EC%A3%BD-%EC%86%8C%EC%9E%AC%EC%9D%98-aren-%EC%87%BC%ED%8D%BC/MWPFSTA03WT001.html,https://images.mcmworldwide.com/i/mcmworldwide/MWPFSTA03WT001_01/MWPFSTA03WT001/모노그램-프린트-가죽-소재의-aren-쇼퍼?$large$&fmt=auto&qlt=default
여성,핸드백,쇼퍼-토트백,재생-나일론-및-모노그램-프린트-가죽-소재의-aren-쇼퍼,MWPFSTA04BK001,MWPFSTA04BK001,1,https://kr.mcmworldwide.com/ko_KR/%EC%97%AC%EC%84%B1/%ED%95%B8%EB%93%9C%EB%B0%B1/%EC%87%BC%ED%8D%BC-%ED%86%A0%ED%8A%B8%EB%B0%B1/%EC%9E%AC%EC%83%9D-%EB%82%98%EC%9D%BC%EB%A1%A0-%EB%B0%8F-%EB%AA%A8%EB%85%B8%EA%B7%B8%EB%9E%A8-%ED%94%84%EB%A6%B0%ED%8A%B8-%EA%B0%80%EC%A3%BD-%EC%86%8C%EC%9E%AC%EC%9D%98-aren-%EC%87%BC%ED%8D%BC/MWPFSTA04BK001.html,https://images.mcmworldwide.com/i/mcmworldwide/MWPFSTA04BK001_01/MWPFSTA04BK001/재생-나일론-및-모노그램-프린트-가죽-소재의-aren-쇼퍼?$large$&fmt=auto&qlt=default
여성,핸드백,쇼퍼-토트백,aren-비세토스-레더-믹스-쇼퍼,MWPGSTA02BK001,MWPGSTA02BK001;MWPGSTA02CO001;MWPGSTA02I8001;MWPGSTA02WT001,4,https://kr.mcmworldwide.com/ko_KR/%EC%97%AC%EC%84%B1/%ED%95%B8%EB%93%9C%EB%B0%B1/%EC%87%BC%ED%8D%BC-%ED%86%A0%ED%8A%B8%EB%B0%B1/aren-%EB%B9%84%EC%84%B8%ED%86%A0%EC%8A%A4-%EB%A0%88%EB%8D%94-%EB%AF%B9%EC%8A%A4-%EC%87%BC%ED%8D%BC/MWPGSTA02BK001.html,https://images.mcmworldwide.com/i/mcmworldwide/MWPGSTA02BK001_01/MWPGSTA02BK001/aren-비세토스-레더-믹스-쇼퍼?$large$&fmt=auto&qlt=default
여성,핸드백,쇼퍼-토트백,aren-비세토스-버킷-토트,MWTEATA01PZ001,MWTEATA01PZ001,1,https://kr.mcmworldwide.com/ko_KR/%EC%97%AC%EC%84%B1/%ED%95%B8%EB%93%9C%EB%B0%B1/%EC%87%BC%ED%8D%BC-%ED%86%A0%ED%8A%B8%EB%B0%B1/aren-%EB%B9%84%EC%84%B8%ED%86%A0%EC%8A%A4-%EB%B2%84%ED%82%B7-%ED%86%A0%ED%8A%B8/MWTEATA01PZ001.html,https://images.mcmworldwide.com/i/mcmworldwide/MWTEATA01PZ001_01/MWTEATA01PZ001/aren-비세토스-버킷-토트?$large$&fmt=auto&qlt=default
여성,핸드백,쇼퍼-토트백,aren-비세토스-스쿨-토트,MWTFATA01CO001,MWTFATA01CO001;MWTFATA02CO001;MWTGATA03PZ001;MWTGSTA02BK001;MWTGSTA034B001;MWTGSTA03BK001;MWTGSTA03PZ001,7,https://kr.mcmworldwide.com/ko_KR/%EC%97%AC%EC%84%B1/%ED%95%B8%EB%93%9C%EB%B0%B1/%EC%87%BC%ED%8D%BC-%ED%86%A0%ED%8A%B8%EB%B0%B1/aren-%EB%B9%84%EC%84%B8%ED%86%A0%EC%8A%A4-%EC%8A%A4%EC%BF%A8-%ED%86%A0%ED%8A%B8/MWTFATA01CO001.html,https://images.mcmworldwide.com/i/mcmworldwide/MWTFATA01CO001_01/MWTFATA01CO001/aren-비세토스-스쿨-토트?$large$&fmt=auto&qlt=default
여성,핸드백,쇼퍼-토트백,aren-패브릭-토트,MWTGSTA04BK001,MWTGSTA04BK001,1,https://kr.mcmworldwide.com/ko_KR/%EC%97%AC%EC%84%B1/%ED%95%B8%EB%93%9C%EB%B0%B1/%EC%87%BC%ED%8D%BC-%ED%86%A0%ED%8A%B8%EB%B0%B1/aren-%ED%8C%A8%EB%B8%8C%EB%A6%AD-%ED%86%A0%ED%8A%B8/MWTGSTA04BK001.html,https://images.mcmworldwide.com/i/mcmworldwide/MWTGSTA04BK001_01/MWTGSTA04BK001/aren-패브릭-토트?$large$&fmt=auto&qlt=default
여성,핸드백,쇼퍼-토트백,himmel-엠보스드-로고-레더-쇼퍼,MWPESAC04BK001,MWPESAC04BK001;MWPESAC04Y9001;MWPESAC05WG001;MWPESAC06BK001,4,https://kr.mcmworldwide.com/ko_KR/%EC%97%AC%EC%84%B1/%ED%95%B8%EB%93%9C%EB%B0%B1/%EC%87%BC%ED%8D%BC-%ED%86%A0%ED%8A%B8%EB%B0%B1/himmel-%EC%97%A0%EB%B3%B4%EC%8A%A4%EB%93%9C-%EB%A1%9C%EA%B3%A0-%EB%A0%88%EB%8D%94-%EC%87%BC%ED%8D%BC/MWPESAC04BK001.html,https://images.mcmworldwide.com/i/mcmworldwide/MWPESAC04BK001_01/MWPESAC04BK001/himmel-엠보스드-로고-레더-쇼퍼?$large$&fmt=auto&qlt=default
여성,핸드백,쇼퍼-토트백,himmel-카프스킨-펀칭-레더-쇼퍼,MWPGSAC01L8001,MWPGSAC01L8001,1,https://kr.mcmworldwide.com/ko_KR/%EC%97%AC%EC%84%B1/%ED%95%B8%EB%93%9C%EB%B0%B1/%EC%87%BC%ED%8D%BC-%ED%86%A0%ED%8A%B8%EB%B0%B1/himmel-%EC%B9%B4%ED%94%84%EC%8A%A4%ED%82%A8-%ED%8E%80%EC%B9%AD-%EB%A0%88%EB%8D%94-%EC%87%BC%ED%8D%BC/MWPGSAC01L8001.html,https://images.mcmworldwide.com/i/mcmworldwide/MWPGSAC01L8001_01/MWPGSAC01L8001/himmel-카프스킨-펀칭-레더-쇼퍼?$large$&fmt=auto&qlt=default
여성,핸드백,쇼퍼-토트백,leni-비세토스-쇼퍼,MWPEATA02CO001,MWPEATA02CO001,1,https://kr.mcmworldwide.com/ko_KR/%EC%97%AC%EC%84%B1/%ED%95%B8%EB%93%9C%EB%B0%B1/%EC%87%BC%ED%8D%BC-%ED%86%A0%ED%8A%B8%EB%B0%B1/leni-%EB%B9%84%EC%84%B8%ED%86%A0%EC%8A%A4-%EC%87%BC%ED%8D%BC/MWPEATA02CO001.html,https://images.mcmworldwide.com/i/mcmworldwide/MWPEATA02CO001_01/MWPEATA02CO001/leni-비세토스-쇼퍼?$large$&fmt=auto&qlt=default
여성,핸드백,쇼퍼-토트백,-leni-비세토스-쇼퍼,MWPGSTA01PZ001,MWPGSTA01PZ001,1,https://kr.mcmworldwide.com/ko_KR/%EC%97%AC%EC%84%B1/%ED%95%B8%EB%93%9C%EB%B0%B1/%EC%87%BC%ED%8D%BC-%ED%86%A0%ED%8A%B8%EB%B0%B1/-leni-%EB%B9%84%EC%84%B8%ED%86%A0%EC%8A%A4-%EC%87%BC%ED%8D%BC/MWPGSTA01PZ001.html,https://images.mcmworldwide.com/i/mcmworldwide/MWPGSTA01PZ001_01/MWPGSTA01PZ001/-leni-비세토스-쇼퍼?$large$&fmt=auto&qlt=default
여성,핸드백,쇼퍼-토트백,liz-비세토스-리버서블-쇼퍼,MWPCSVI01BK001,MWPCSVI01BK001,1,https://kr.mcmworldwide.com/ko_KR/%EC%97%AC%EC%84%B1/%ED%95%B8%EB%93%9C%EB%B0%B1/%EC%87%BC%ED%8D%BC-%ED%86%A0%ED%8A%B8%EB%B0%B1/liz-%EB%B9%84%EC%84%B8%ED%86%A0%EC%8A%A4-%EB%A6%AC%EB%B2%84%EC%84%9C%EB%B8%94-%EC%87%BC%ED%8D%BC/MWPCSVI01BK001.html,https://images.mcmworldwide.com/i/mcmworldwide/MWPCSVI01BK001_01/MWPCSVI01BK001/liz-비세토스-리버서블-쇼퍼?$large$&fmt=auto&qlt=default
여성,핸드백,쇼퍼-토트백,liz-리버서블-비세토스-쇼퍼,MWPCSVI01CO001,MWPCSVI01CO001;MWPCSVI01WT001;MWPDSLR02BK001;MWPDSLR02WT001;MWPDSLR04CO001,5,https://kr.mcmworldwide.com/ko_KR/%EC%97%AC%EC%84%B1/%ED%95%B8%EB%93%9C%EB%B0%B1/%EC%87%BC%ED%8D%BC-%ED%86%A0%ED%8A%B8%EB%B0%B1/liz-%EB%A6%AC%EB%B2%84%EC%84%9C%EB%B8%94-%EB%B9%84%EC%84%B8%ED%86%A0%EC%8A%A4-%EC%87%BC%ED%8D%BC/MWPCSVI01CO001.html,https://images.mcmworldwide.com/i/mcmworldwide/MWPCSVI01CO001_01/MWPCSVI01CO001/liz-리버서블-비세토스-쇼퍼?$large$&fmt=auto&qlt=default
여성,핸드백,쇼퍼-토트백,liz-비세토스-쇼퍼,MWPFSLR031F001,MWPFSLR031F001;MWPFSLR071F001,2,https://kr.mcmworldwide.com/ko_KR/%EC%97%AC%EC%84%B1/%ED%95%B8%EB%93%9C%EB%B0%B1/%EC%87%BC%ED%8D%BC-%ED%86%A0%ED%8A%B8%EB%B0%B1/liz-%EB%B9%84%EC%84%B8%ED%86%A0%EC%8A%A4-%EC%87%BC%ED%8D%BC/MWPFSLR031F001.html,https://images.mcmworldwide.com/i/mcmworldwide/MWPFSLR031F001_01/MWPFSLR031F001/liz-비세토스-쇼퍼?$large$&fmt=auto&qlt=default
여성,핸드백,쇼퍼-토트백,liz--비세토스-쇼퍼,MWPFSLR03K8001,MWPFSLR03K8001;MWPFSLR07K8001,2,https://kr.mcmworldwide.com/ko_KR/%EC%97%AC%EC%84%B1/%ED%95%B8%EB%93%9C%EB%B0%B1/%EC%87%BC%ED%8D%BC-%ED%86%A0%ED%8A%B8%EB%B0%B1/liz--%EB%B9%84%EC%84%B8%ED%86%A0%EC%8A%A4-%EC%87%BC%ED%8D%BC/MWPFSLR03K8001.html,https://images.mcmworldwide.com/i/mcmworldwide/MWPFSLR03K8001_01/MWPFSLR03K8001/liz--비세토스-쇼퍼?$large$&fmt=auto&qlt=default
여성,핸드백,쇼퍼-토트백,mcm-x-ateez-with-mingi-toni-탑-지퍼-비세토스-쇼퍼,MWPGAUP02BK001,MWPGAUP02BK001;MWPGAUP02CO001,2,https://kr.mcmworldwide.com/ko_KR/%EC%97%AC%EC%84%B1/%ED%95%B8%EB%93%9C%EB%B0%B1/%EC%87%BC%ED%8D%BC-%ED%86%A0%ED%8A%B8%EB%B0%B1/mcm-x-ateez-with-mingi-toni-%ED%83%91-%EC%A7%80%ED%8D%BC-%EB%B9%84%EC%84%B8%ED%86%A0%EC%8A%A4-%EC%87%BC%ED%8D%BC/MWPGAUP02BK001.html,https://images.mcmworldwide.com/i/mcmworldwide/MWPGAUP02BK001_01/MWPGAUP02BK001/mcm-x-ateez-with-mingi-toni-탑-지퍼-비세토스-쇼퍼?$large$&fmt=auto&qlt=default
여성,핸드백,쇼퍼-토트백,milla-그레인-가죽-토트,MWTGAMA02OQ001,MWTGAMA02OQ001,1,https://kr.mcmworldwide.com/ko_KR/%EC%97%AC%EC%84%B1/%ED%95%B8%EB%93%9C%EB%B0%B1/%EC%87%BC%ED%8D%BC-%ED%86%A0%ED%8A%B8%EB%B0%B1/milla-%EA%B7%B8%EB%A0%88%EC%9D%B8-%EA%B0%80%EC%A3%BD-%ED%86%A0%ED%8A%B8/MWTGAMA02OQ001.html,https://images.mcmworldwide.com/i/mcmworldwide/MWTGAMA02OQ001_01/MWTGAMA02OQ001/milla-그레인-가죽-토트?$large$&fmt=auto&qlt=default
여성,핸드백,쇼퍼-토트백,milla-스페니시-엠보스드-레더-토트,MWTGSMA01BK001,MWTGSMA01BK001;MWTGSMA02BK001;MWTGSMA02QA001,3,https://kr.mcmworldwide.com/ko_KR/%EC%97%AC%EC%84%B1/%ED%95%B8%EB%93%9C%EB%B0%B1/%EC%87%BC%ED%8D%BC-%ED%86%A0%ED%8A%B8%EB%B0%B1/milla-%EC%8A%A4%ED%8E%98%EB%8B%88%EC%8B%9C-%EC%97%A0%EB%B3%B4%EC%8A%A4%EB%93%9C-%EB%A0%88%EB%8D%94-%ED%86%A0%ED%8A%B8/MWTGSMA01BK001.html,https://images.mcmworldwide.com/i/mcmworldwide/MWTGSMA01BK001_01/MWTGSMA01BK001/milla-스페니시-엠보스드-레더-토트?$large$&fmt=auto&qlt=default
여성,핸드백,쇼퍼-토트백,münchen-맥시-모노그램-레더-토트,MWTDABO14BK001,MWTDABO14BK001,1,https://kr.mcmworldwide.com/ko_KR/%EC%97%AC%EC%84%B1/%ED%95%B8%EB%93%9C%EB%B0%B1/%EC%87%BC%ED%8D%BC-%ED%86%A0%ED%8A%B8%EB%B0%B1/m%C3%BCnchen-%EB%A7%A5%EC%8B%9C-%EB%AA%A8%EB%85%B8%EA%B7%B8%EB%9E%A8-%EB%A0%88%EB%8D%94-%ED%86%A0%ED%8A%B8/MWTDABO14BK001.html,https://images.mcmworldwide.com/i/mcmworldwide/MWTDABO14BK001_01/MWTDABO14BK001/münchen-맥시-모노그램-레더-토트?$large$&fmt=auto&qlt=default
여성,핸드백,쇼퍼-토트백,münchen-비세토스-토트,MWTESBO06CO001,MWTESBO06CO001,1,https://kr.mcmworldwide.com/ko_KR/%EC%97%AC%EC%84%B1/%ED%95%B8%EB%93%9C%EB%B0%B1/%EC%87%BC%ED%8D%BC-%ED%86%A0%ED%8A%B8%EB%B0%B1/m%C3%BCnchen-%EB%B9%84%EC%84%B8%ED%86%A0%EC%8A%A4-%ED%86%A0%ED%8A%B8/MWTESBO06CO001.html,https://images.mcmworldwide.com/i/mcmworldwide/MWTESBO06CO001_01/MWTESBO06CO001/münchen-비세토스-토트?$large$&fmt=auto&qlt=default
여성,핸드백,쇼퍼-토트백,münchen-다이아몬드-자카드-토트,MWTGABO01MT001,MWTGABO01MT001,1,https://kr.mcmworldwide.com/ko_KR/%EC%97%AC%EC%84%B1/%ED%95%B8%EB%93%9C%EB%B0%B1/%EC%87%BC%ED%8D%BC-%ED%86%A0%ED%8A%B8%EB%B0%B1/m%C3%BCnchen-%EB%8B%A4%EC%9D%B4%EC%95%84%EB%AA%AC%EB%93%9C-%EC%9E%90%EC%B9%B4%EB%93%9C-%ED%86%A0%ED%8A%B8/MWTGABO01MT001.html,https://images.mcmworldwide.com/i/mcmworldwide/MWTGABO01MT001_01/MWTGABO01MT001/münchen-다이아몬드-자카드-토트?$large$&fmt=auto&qlt=default
여성,핸드백,쇼퍼-토트백,münchen-로레토스-루렉스-자카드-토트,MWTGSBO02BK001,MWTGSBO02BK001,1,https://kr.mcmworldwide.com/ko_KR/%EC%97%AC%EC%84%B1/%ED%95%B8%EB%93%9C%EB%B0%B1/%EC%87%BC%ED%8D%BC-%ED%86%A0%ED%8A%B8%EB%B0%B1/m%C3%BCnchen-%EB%A1%9C%EB%A0%88%ED%86%A0%EC%8A%A4-%EB%A3%A8%EB%A0%89%EC%8A%A4-%EC%9E%90%EC%B9%B4%EB%93%9C-%ED%86%A0%ED%8A%B8/MWTGSBO02BK001.html,https://images.mcmworldwide.com/i/mcmworldwide/MWTGSBO02BK001_01/MWTGSBO02BK001/münchen-로레토스-루렉스-자카드-토트?$large$&fmt=auto&qlt=default
여성,핸드백,쇼퍼-토트백,비세토스-소재의-리즈-쇼퍼.,MWPFSLR03PZ001,MWPFSLR03PZ001;MWPFSLR07PZ001,2,https://kr.mcmworldwide.com/ko_KR/%EC%97%AC%EC%84%B1/%ED%95%B8%EB%93%9C%EB%B0%B1/%EC%87%BC%ED%8D%BC-%ED%86%A0%ED%8A%B8%EB%B0%B1/%EB%B9%84%EC%84%B8%ED%86%A0%EC%8A%A4-%EC%86%8C%EC%9E%AC%EC%9D%98-%EB%A6%AC%EC%A6%88-%EC%87%BC%ED%8D%BC./MWPFSLR03PZ001.html,https://images.mcmworldwide.com/i/mcmworldwide/MWPFSLR03PZ001_01/MWPFSLR03PZ001/비세토스-소재의-리즈-쇼퍼.?$large$&fmt=auto&qlt=default
여성,핸드백,쇼퍼-토트백,뮌헨-비세토스-토트,MWTCABO07CO001,MWTCABO07CO001,1,https://kr.mcmworldwide.com/ko_KR/%EC%97%AC%EC%84%B1/%ED%95%B8%EB%93%9C%EB%B0%B1/%EC%87%BC%ED%8D%BC-%ED%86%A0%ED%8A%B8%EB%B0%B1/%EB%AE%8C%ED%97%A8-%EB%B9%84%EC%84%B8%ED%86%A0%EC%8A%A4-%ED%86%A0%ED%8A%B8/MWTCABO07CO001.html,https://images.mcmworldwide.com/i/mcmworldwide/MWTCABO07CO001_01/MWTCABO07CO001/뮌헨-비세토스-토트?$large$&fmt=auto&qlt=default
여성,핸드백,쇼퍼-토트백,new-liz-엠보스드-모노그램-레더-쇼퍼,MWPGALR01BK001,MWPGALR01BK001;MWPGALR02BK001,2,https://kr.mcmworldwide.com/ko_KR/%EC%97%AC%EC%84%B1/%ED%95%B8%EB%93%9C%EB%B0%B1/%EC%87%BC%ED%8D%BC-%ED%86%A0%ED%8A%B8%EB%B0%B1/new-liz-%EC%97%A0%EB%B3%B4%EC%8A%A4%EB%93%9C-%EB%AA%A8%EB%85%B8%EA%B7%B8%EB%9E%A8-%EB%A0%88%EB%8D%94-%EC%87%BC%ED%8D%BC/MWPGALR01BK001.html,https://images.mcmworldwide.com/i/mcmworldwide/MWPGALR01BK001_01/MWPGALR01BK001/new-liz-엠보스드-모노그램-레더-쇼퍼?$large$&fmt=auto&qlt=default
여성,핸드백,쇼퍼-토트백,new-liz-비세토스-쇼퍼,MWPGSLR024B001,MWPGSLR024B001;MWPGSLR02BK001;MWPGSLR02CO001;MWPGSLR02I8001;MWPGSLR02PZ001;MWPGSLR03BK001;MWPGSLR03CO001;MWPGSLR03I8001;MWPGSLR03PZ001,9,https://kr.mcmworldwide.com/ko_KR/%EC%97%AC%EC%84%B1/%ED%95%B8%EB%93%9C%EB%B0%B1/%EC%87%BC%ED%8D%BC-%ED%86%A0%ED%8A%B8%EB%B0%B1/new-liz-%EB%B9%84%EC%84%B8%ED%86%A0%EC%8A%A4-%EC%87%BC%ED%8D%BC/MWPGSLR024B001.html,https://images.mcmworldwide.com/i/mcmworldwide/MWPGSLR024B001_01/MWPGSLR024B001/new-liz-비세토스-쇼퍼?$large$&fmt=auto&qlt=default
여성,핸드백,쇼퍼-토트백,pina-비세토스-스터드-장식-토트,MWTGATA01CO001,MWTGATA01CO001;MWTGATA02CO001,2,https://kr.mcmworldwide.com/ko_KR/%EC%97%AC%EC%84%B1/%ED%95%B8%EB%93%9C%EB%B0%B1/%EC%87%BC%ED%8D%BC-%ED%86%A0%ED%8A%B8%EB%B0%B1/pina-%EB%B9%84%EC%84%B8%ED%86%A0%EC%8A%A4-%EC%8A%A4%ED%84%B0%EB%93%9C-%EC%9E%A5%EC%8B%9D-%ED%86%A0%ED%8A%B8/MWTGATA01CO001.html,https://images.mcmworldwide.com/i/mcmworldwide/MWTGATA01CO001_01/MWTGATA01CO001/pina-비세토스-스터드-장식-토트?$large$&fmt=auto&qlt=default
여성,핸드백,쇼퍼-토트백,toni-비세토스-상단-지퍼-쇼퍼,MWPAATN04BK001,MWPAATN04BK001;MWPAATN04CO001;MWPAATN04I8001;MWPFSMT03CO001;MWPFSMT03PZ001;MWPFSMT06PZ001,6,https://kr.mcmworldwide.com/ko_KR/%EC%97%AC%EC%84%B1/%ED%95%B8%EB%93%9C%EB%B0%B1/%EC%87%BC%ED%8D%BC-%ED%86%A0%ED%8A%B8%EB%B0%B1/toni-%EB%B9%84%EC%84%B8%ED%86%A0%EC%8A%A4-%EC%83%81%EB%8B%A8-%EC%A7%80%ED%8D%BC-%EC%87%BC%ED%8D%BC/MWPAATN04BK001.html,https://images.mcmworldwide.com/i/mcmworldwide/MWPAATN04BK001_01/MWPAATN04BK001/toni-비세토스-상단-지퍼-쇼퍼?$large$&fmt=auto&qlt=default
여성,핸드백,쇼퍼-토트백,toni-메가-헤링본-비세토스-스터디드-탑-지퍼-쇼퍼,MWPFAMT01CO001,MWPFAMT01CO001,1,https://kr.mcmworldwide.com/ko_KR/%EC%97%AC%EC%84%B1/%ED%95%B8%EB%93%9C%EB%B0%B1/%EC%87%BC%ED%8D%BC-%ED%86%A0%ED%8A%B8%EB%B0%B1/toni-%EB%A9%94%EA%B0%80-%ED%97%A4%EB%A7%81%EB%B3%B8-%EB%B9%84%EC%84%B8%ED%86%A0%EC%8A%A4-%EC%8A%A4%ED%84%B0%EB%94%94%EB%93%9C-%ED%83%91-%EC%A7%80%ED%8D%BC-%EC%87%BC%ED%8D%BC/MWPFAMT01CO001.html,https://images.mcmworldwide.com/i/mcmworldwide/MWPFAMT01CO001_01/MWPFAMT01CO001/toni-메가-헤링본-비세토스-스터디드-탑-지퍼-쇼퍼?$large$&fmt=auto&qlt=default
여성,핸드백,쇼퍼-토트백,toni-비세토스-탑-지퍼-쇼퍼,MWPFAMT08K8001,MWPFAMT08K8001;MWPGSMT024B001;MWPGSMT02WT001;MWPGSMT03WT001,4,https://kr.mcmworldwide.com/ko_KR/%EC%97%AC%EC%84%B1/%ED%95%B8%EB%93%9C%EB%B0%B1/%EC%87%BC%ED%8D%BC-%ED%86%A0%ED%8A%B8%EB%B0%B1/toni-%EB%B9%84%EC%84%B8%ED%86%A0%EC%8A%A4-%ED%83%91-%EC%A7%80%ED%8D%BC-%EC%87%BC%ED%8D%BC/MWPFAMT08K8001.html,https://images.mcmworldwide.com/i/mcmworldwide/MWPFAMT08K8001_01/MWPFAMT08K8001/toni-비세토스-탑-지퍼-쇼퍼?$large$&fmt=auto&qlt=default
여성,핸드백,쇼퍼-토트백,toni-비세토스-탑-지퍼-숄더,MWPFSMT02BK001,MWPFSMT02BK001;MWPFSMT03BK001,2,https://kr.mcmworldwide.com/ko_KR/%EC%97%AC%EC%84%B1/%ED%95%B8%EB%93%9C%EB%B0%B1/%EC%87%BC%ED%8D%BC-%ED%86%A0%ED%8A%B8%EB%B0%B1/toni-%EB%B9%84%EC%84%B8%ED%86%A0%EC%8A%A4-%ED%83%91-%EC%A7%80%ED%8D%BC-%EC%88%84%EB%8D%94/MWPFSMT02BK001.html,https://images.mcmworldwide.com/i/mcmworldwide/MWPFSMT02BK001_01/MWPFSMT02BK001/toni-비세토스-탑-지퍼-숄더?$large$&fmt=auto&qlt=default
여성,핸드백,쇼퍼-토트백,toni-디스코-비세토스-탑-지퍼-쇼퍼,MWPGAMT01CO001,MWPGAMT01CO001,1,https://kr.mcmworldwide.com/ko_KR/%EC%97%AC%EC%84%B1/%ED%95%B8%EB%93%9C%EB%B0%B1/%EC%87%BC%ED%8D%BC-%ED%86%A0%ED%8A%B8%EB%B0%B1/toni-%EB%94%94%EC%8A%A4%EC%BD%94-%EB%B9%84%EC%84%B8%ED%86%A0%EC%8A%A4-%ED%83%91-%EC%A7%80%ED%8D%BC-%EC%87%BC%ED%8D%BC/MWPGAMT01CO001.html,https://images.mcmworldwide.com/i/mcmworldwide/MWPGAMT01CO001_01/MWPGAMT01CO001/toni-디스코-비세토스-탑-지퍼-쇼퍼?$large$&fmt=auto&qlt=default
여성,핸드백,쇼퍼-토트백,toni-맥시-모노그램-레더-탑-지퍼-쇼퍼,MWPGSMT04BK001,MWPGSMT04BK001;MWPGSMT04QA001,2,https://kr.mcmworldwide.com/ko_KR/%EC%97%AC%EC%84%B1/%ED%95%B8%EB%93%9C%EB%B0%B1/%EC%87%BC%ED%8D%BC-%ED%86%A0%ED%8A%B8%EB%B0%B1/toni-%EB%A7%A5%EC%8B%9C-%EB%AA%A8%EB%85%B8%EA%B7%B8%EB%9E%A8-%EB%A0%88%EB%8D%94-%ED%83%91-%EC%A7%80%ED%8D%BC-%EC%87%BC%ED%8D%BC/MWPGSMT04BK001.html,https://images.mcmworldwide.com/i/mcmworldwide/MWPGSMT04BK001_01/MWPGSMT04BK001/toni-맥시-모노그램-레더-탑-지퍼-쇼퍼?$large$&fmt=auto&qlt=default
여성,핸드백,쇼퍼-토트백,toni-라봇-비세토스-탑-지퍼-쇼퍼,MWPGSMT06CO001,MWPGSMT06CO001;MWPGSMT07CO001;MWPGSMT10BK001,3,https://kr.mcmworldwide.com/ko_KR/%EC%97%AC%EC%84%B1/%ED%95%B8%EB%93%9C%EB%B0%B1/%EC%87%BC%ED%8D%BC-%ED%86%A0%ED%8A%B8%EB%B0%B1/toni-%EB%9D%BC%EB%B4%87-%EB%B9%84%EC%84%B8%ED%86%A0%EC%8A%A4-%ED%83%91-%EC%A7%80%ED%8D%BC-%EC%87%BC%ED%8D%BC/MWPGSMT06CO001.html,https://images.mcmworldwide.com/i/mcmworldwide/MWPGSMT06CO001_01/MWPGSMT06CO001/toni-라봇-비세토스-탑-지퍼-쇼퍼?$large$&fmt=auto&qlt=default
여성,핸드백,쇼퍼-토트백,toni-그라데이션-탑-지퍼-쇼퍼,MWPGSMT12L8001,MWPGSMT12L8001,1,https://kr.mcmworldwide.com/ko_KR/%EC%97%AC%EC%84%B1/%ED%95%B8%EB%93%9C%EB%B0%B1/%EC%87%BC%ED%8D%BC-%ED%86%A0%ED%8A%B8%EB%B0%B1/toni-%EA%B7%B8%EB%9D%BC%EB%8D%B0%EC%9D%B4%EC%85%98-%ED%83%91-%EC%A7%80%ED%8D%BC-%EC%87%BC%ED%8D%BC/MWPGSMT12L8001.html,https://images.mcmworldwide.com/i/mcmworldwide/MWPGSMT12L8001_01/MWPGSMT12L8001/toni-그라데이션-탑-지퍼-쇼퍼?$large$&fmt=auto&qlt=default
여성,핸드백,숄더백-크로스백,디아망뜨-3d-카프레더-숄더백,MWSEAAK01CK001,MWSEAAK01CK001,1,https://kr.mcmworldwide.com/ko_KR/%EC%97%AC%EC%84%B1/%ED%95%B8%EB%93%9C%EB%B0%B1/%EC%88%84%EB%8D%94%EB%B0%B1-%ED%81%AC%EB%A1%9C%EC%8A%A4%EB%B0%B1/%EB%94%94%EC%95%84%EB%A7%9D%EB%9C%A8-3d-%EC%B9%B4%ED%94%84%EB%A0%88%EB%8D%94-%EC%88%84%EB%8D%94%EB%B0%B1/MWSEAAK01CK001.html,https://images.mcmworldwide.com/i/mcmworldwide/MWSEAAK01CK001_01/MWSEAAK01CK001/디아망뜨-3d-카프레더-숄더백?$large$&fmt=auto&qlt=default
여성,핸드백,숄더백-크로스백,디아망뜨-3d-비세토스-레더믹스-숄더백,MWSFSAK02CO001,MWSFSAK02CO001,1,https://kr.mcmworldwide.com/ko_KR/%EC%97%AC%EC%84%B1/%ED%95%B8%EB%93%9C%EB%B0%B1/%EC%88%84%EB%8D%94%EB%B0%B1-%ED%81%AC%EB%A1%9C%EC%8A%A4%EB%B0%B1/%EB%94%94%EC%95%84%EB%A7%9D%EB%9C%A8-3d-%EB%B9%84%EC%84%B8%ED%86%A0%EC%8A%A4-%EB%A0%88%EB%8D%94%EB%AF%B9%EC%8A%A4-%EC%88%84%EB%8D%94%EB%B0%B1/MWSFSAK02CO001.html,https://images.mcmworldwide.com/i/mcmworldwide/MWSFSAK02CO001_01/MWSFSAK02CO001/디아망뜨-3d-비세토스-레더믹스-숄더백?$large$&fmt=auto&qlt=default
여성,핸드백,숄더백-크로스백,aren-crescent-hobo-bag-in-visetos,MWHFATA02I8001,MWHFATA02I8001,1,https://kr.mcmworldwide.com/ko_KR/%EC%97%AC%EC%84%B1/%ED%95%B8%EB%93%9C%EB%B0%B1/%EC%88%84%EB%8D%94%EB%B0%B1-%ED%81%AC%EB%A1%9C%EC%8A%A4%EB%B0%B1/aren-crescent-hobo-bag-in-visetos/MWHFATA02I8001.html,https://images.mcmworldwide.com/i/mcmworldwide/MWHFATA02I8001_01/MWHFATA02I8001/aren-crescent-hobo-bag-in-visetos?$large$&fmt=auto&qlt=default
여성,핸드백,숄더백-크로스백,aren-econyl®과-모노그램-프린트-가죽-지퍼-호보,MWHFATA01BK001,MWHFATA01BK001,1,https://kr.mcmworldwide.com/ko_KR/%EC%97%AC%EC%84%B1/%ED%95%B8%EB%93%9C%EB%B0%B1/%EC%88%84%EB%8D%94%EB%B0%B1-%ED%81%AC%EB%A1%9C%EC%8A%A4%EB%B0%B1/aren-econyl%C2%AE%EA%B3%BC-%EB%AA%A8%EB%85%B8%EA%B7%B8%EB%9E%A8-%ED%94%84%EB%A6%B0%ED%8A%B8-%EA%B0%80%EC%A3%BD-%EC%A7%80%ED%8D%BC-%ED%98%B8%EB%B3%B4/MWHFATA01BK001.html,https://images.mcmworldwide.com/i/mcmworldwide/MWHFATA01BK001_01/MWHFATA01BK001/aren-econyl®과-모노그램-프린트-가죽-지퍼-호보?$large$&fmt=auto&qlt=default
여성,핸드백,숄더백-크로스백,aren-비세토스-호보,MWHESTA011F001,MWHESTA011F001;MWHESTA01BK001;MWHESTA01CO001;MWHESTA01PZ001;MWHESTA01WT001;MWHESTA02BK001;MWHESTA02CO001;MWHFATA02CO001;MWHFATA02PZ001,9,https://kr.mcmworldwide.com/ko_KR/%EC%97%AC%EC%84%B1/%ED%95%B8%EB%93%9C%EB%B0%B1/%EC%88%84%EB%8D%94%EB%B0%B1-%ED%81%AC%EB%A1%9C%EC%8A%A4%EB%B0%B1/aren-%EB%B9%84%EC%84%B8%ED%86%A0%EC%8A%A4-%ED%98%B8%EB%B3%B4/MWHESTA011F001.html,https://images.mcmworldwide.com/i/mcmworldwide/MWHESTA011F001_01/MWHESTA011F001/aren-비세토스-호보?$large$&fmt=auto&qlt=default
여성,핸드백,숄더백-크로스백,aren-맥시-모노그램-레더-호보,MWHESTA03BK001,MWHESTA03BK001;MWHESTA04BK001;MWHGSTA03QA001,3,https://kr.mcmworldwide.com/ko_KR/%EC%97%AC%EC%84%B1/%ED%95%B8%EB%93%9C%EB%B0%B1/%EC%88%84%EB%8D%94%EB%B0%B1-%ED%81%AC%EB%A1%9C%EC%8A%A4%EB%B0%B1/aren-%EB%A7%A5%EC%8B%9C-%EB%AA%A8%EB%85%B8%EA%B7%B8%EB%9E%A8-%EB%A0%88%EB%8D%94-%ED%98%B8%EB%B3%B4/MWHESTA03BK001.html,https://images.mcmworldwide.com/i/mcmworldwide/MWHESTA03BK001_01/MWHESTA03BK001/aren-맥시-모노그램-레더-호보?$large$&fmt=auto&qlt=default
여성,핸드백,숄더백-크로스백,aren-시퀸-램스킨-호보,MWHFSTA01BK001,MWHFSTA01BK001,1,https://kr.mcmworldwide.com/ko_KR/%EC%97%AC%EC%84%B1/%ED%95%B8%EB%93%9C%EB%B0%B1/%EC%88%84%EB%8D%94%EB%B0%B1-%ED%81%AC%EB%A1%9C%EC%8A%A4%EB%B0%B1/aren-%EC%8B%9C%ED%80%B8-%EB%9E%A8%EC%8A%A4%ED%82%A8-%ED%98%B8%EB%B3%B4/MWHFSTA01BK001.html,https://images.mcmworldwide.com/i/mcmworldwide/MWHFSTA01BK001_01/MWHFSTA01BK001/aren-시퀸-램스킨-호보?$large$&fmt=auto&qlt=default
여성,핸드백,숄더백-크로스백,aren-비세토스-듀오-호보,MWHFSTA03CO001,MWHFSTA03CO001;MWHGSTA04BK001;MWHGSTA04PZ001,3,https://kr.mcmworldwide.com/ko_KR/%EC%97%AC%EC%84%B1/%ED%95%B8%EB%93%9C%EB%B0%B1/%EC%88%84%EB%8D%94%EB%B0%B1-%ED%81%AC%EB%A1%9C%EC%8A%A4%EB%B0%B1/aren-%EB%B9%84%EC%84%B8%ED%86%A0%EC%8A%A4-%EB%93%80%EC%98%A4-%ED%98%B8%EB%B3%B4/MWHFSTA03CO001.html,https://images.mcmworldwide.com/i/mcmworldwide/MWHFSTA03CO001_01/MWHFSTA03CO001/aren-비세토스-듀오-호보?$large$&fmt=auto&qlt=default
여성,핸드백,숄더백-크로스백,재생-나일론-및-모노그램-프린트-가죽-소재의-aren-호보,MWHFSTA09BK001,MWHFSTA09BK001,1,https://kr.mcmworldwide.com/ko_KR/%EC%97%AC%EC%84%B1/%ED%95%B8%EB%93%9C%EB%B0%B1/%EC%88%84%EB%8D%94%EB%B0%B1-%ED%81%AC%EB%A1%9C%EC%8A%A4%EB%B0%B1/%EC%9E%AC%EC%83%9D-%EB%82%98%EC%9D%BC%EB%A1%A0-%EB%B0%8F-%EB%AA%A8%EB%85%B8%EA%B7%B8%EB%9E%A8-%ED%94%84%EB%A6%B0%ED%8A%B8-%EA%B0%80%EC%A3%BD-%EC%86%8C%EC%9E%AC%EC%9D%98-aren-%ED%98%B8%EB%B3%B4/MWHFSTA09BK001.html,https://images.mcmworldwide.com/i/mcmworldwide/MWHFSTA09BK001_01/MWHFSTA09BK001/재생-나일론-및-모노그램-프린트-가죽-소재의-aren-호보?$large$&fmt=auto&qlt=default
여성,핸드백,숄더백-크로스백,aren-리사이클-나일론-및-모노그램-프린트-가죽-호보,MWHFSTA09CO001,MWHFSTA09CO001,1,https://kr.mcmworldwide.com/ko_KR/%EC%97%AC%EC%84%B1/%ED%95%B8%EB%93%9C%EB%B0%B1/%EC%88%84%EB%8D%94%EB%B0%B1-%ED%81%AC%EB%A1%9C%EC%8A%A4%EB%B0%B1/aren-%EB%A6%AC%EC%82%AC%EC%9D%B4%ED%81%B4-%EB%82%98%EC%9D%BC%EB%A1%A0-%EB%B0%8F-%EB%AA%A8%EB%85%B8%EA%B7%B8%EB%9E%A8-%ED%94%84%EB%A6%B0%ED%8A%B8-%EA%B0%80%EC%A3%BD-%ED%98%B8%EB%B3%B4/MWHFSTA09CO001.html,https://images.mcmworldwide.com/i/mcmworldwide/MWHFSTA09CO001_01/MWHFSTA09CO001/aren-리사이클-나일론-및-모노그램-프린트-가죽-호보?$large$&fmt=auto&qlt=default
여성,핸드백,숄더백-크로스백,재생-나일론-및-비세토스-소재의-aren-듀오-호보,MWHFSTA10BK001,MWHFSTA10BK001,1,https://kr.mcmworldwide.com/ko_KR/%EC%97%AC%EC%84%B1/%ED%95%B8%EB%93%9C%EB%B0%B1/%EC%88%84%EB%8D%94%EB%B0%B1-%ED%81%AC%EB%A1%9C%EC%8A%A4%EB%B0%B1/%EC%9E%AC%EC%83%9D-%EB%82%98%EC%9D%BC%EB%A1%A0-%EB%B0%8F-%EB%B9%84%EC%84%B8%ED%86%A0%EC%8A%A4-%EC%86%8C%EC%9E%AC%EC%9D%98-aren-%EB%93%80%EC%98%A4-%ED%98%B8%EB%B3%B4/MWHFSTA10BK001.html,https://images.mcmworldwide.com/i/mcmworldwide/MWHFSTA10BK001_01/MWHFSTA10BK001/재생-나일론-및-비세토스-소재의-aren-듀오-호보?$large$&fmt=auto&qlt=default
여성,핸드백,숄더백-크로스백,aren-듀오-호보-맥시-비세토스와-카프스킨,MWHGATA014B001,MWHGATA014B001,1,https://kr.mcmworldwide.com/ko_KR/%EC%97%AC%EC%84%B1/%ED%95%B8%EB%93%9C%EB%B0%B1/%EC%88%84%EB%8D%94%EB%B0%B1-%ED%81%AC%EB%A1%9C%EC%8A%A4%EB%B0%B1/aren-%EB%93%80%EC%98%A4-%ED%98%B8%EB%B3%B4-%EB%A7%A5%EC%8B%9C-%EB%B9%84%EC%84%B8%ED%86%A0%EC%8A%A4%EC%99%80-%EC%B9%B4%ED%94%84%EC%8A%A4%ED%82%A8/MWHGATA014B001.html,https://images.mcmworldwide.com/i/mcmworldwide/MWHGATA014B001_01/MWHGATA014B001/aren-듀오-호보-맥시-비세토스와-카프스킨?$large$&fmt=auto&qlt=default
여성,핸드백,숄더백-크로스백,aren-맥시-비세토스-호보,MWHGATA024B001,MWHGATA024B001,1,https://kr.mcmworldwide.com/ko_KR/%EC%97%AC%EC%84%B1/%ED%95%B8%EB%93%9C%EB%B0%B1/%EC%88%84%EB%8D%94%EB%B0%B1-%ED%81%AC%EB%A1%9C%EC%8A%A4%EB%B0%B1/aren-%EB%A7%A5%EC%8B%9C-%EB%B9%84%EC%84%B8%ED%86%A0%EC%8A%A4-%ED%98%B8%EB%B3%B4/MWHGATA024B001.html,https://images.mcmworldwide.com/i/mcmworldwide/MWHGATA024B001_01/MWHGATA024B001/aren-맥시-비세토스-호보?$large$&fmt=auto&qlt=default
여성,핸드백,숄더백-크로스백,aren-나파-가죽-크로스바디,MWRFSTA01CK001,MWRFSTA01CK001,1,https://kr.mcmworldwide.com/ko_KR/%EC%97%AC%EC%84%B1/%ED%95%B8%EB%93%9C%EB%B0%B1/%EC%88%84%EB%8D%94%EB%B0%B1-%ED%81%AC%EB%A1%9C%EC%8A%A4%EB%B0%B1/aren-%EB%82%98%ED%8C%8C-%EA%B0%80%EC%A3%BD-%ED%81%AC%EB%A1%9C%EC%8A%A4%EB%B0%94%EB%94%94/MWRFSTA01CK001.html,https://images.mcmworldwide.com/i/mcmworldwide/MWRFSTA01CK001_01/MWRFSTA01CK001/aren-나파-가죽-크로스바디?$large$&fmt=auto&qlt=default
여성,핸드백,숄더백-크로스백,aren-모노그램-프린트-레더-크로스바디,MWRFSTA02WT001,MWRFSTA02WT001,1,https://kr.mcmworldwide.com/ko_KR/%EC%97%AC%EC%84%B1/%ED%95%B8%EB%93%9C%EB%B0%B1/%EC%88%84%EB%8D%94%EB%B0%B1-%ED%81%AC%EB%A1%9C%EC%8A%A4%EB%B0%B1/aren-%EB%AA%A8%EB%85%B8%EA%B7%B8%EB%9E%A8-%ED%94%84%EB%A6%B0%ED%8A%B8-%EB%A0%88%EB%8D%94-%ED%81%AC%EB%A1%9C%EC%8A%A4%EB%B0%94%EB%94%94/MWRFSTA02WT001.html,https://images.mcmworldwide.com/i/mcmworldwide/MWRFSTA02WT001_01/MWRFSTA02WT001/aren-모노그램-프린트-레더-크로스바디?$large$&fmt=auto&qlt=default
여성,핸드백,숄더백-크로스백,aren-비세토스-레더-믹스-베니티-케이스,MWRGATA05BK001,MWRGATA05BK001;MWRGATA05CO001;MWRGSTA02CO001;MWRGSTA02PZ001,4,https://kr.mcmworldwide.com/ko_KR/%EC%97%AC%EC%84%B1/%ED%95%B8%EB%93%9C%EB%B0%B1/%EC%88%84%EB%8D%94%EB%B0%B1-%ED%81%AC%EB%A1%9C%EC%8A%A4%EB%B0%B1/aren-%EB%B9%84%EC%84%B8%ED%86%A0%EC%8A%A4-%EB%A0%88%EB%8D%94-%EB%AF%B9%EC%8A%A4-%EB%B2%A0%EB%8B%88%ED%8B%B0-%EC%BC%80%EC%9D%B4%EC%8A%A4/MWRGATA05BK001.html,https://images.mcmworldwide.com/i/mcmworldwide/MWRGATA05BK001_01/MWRGATA05BK001/aren-비세토스-레더-믹스-베니티-케이스?$large$&fmt=auto&qlt=default
여성,핸드백,숄더백-크로스백,aren-맥시-모노그램-레더-베니티-케이스,MWRGSTA01BK001,MWRGSTA01BK001;MWRGSTA01OQ001;MWRGSTA01QA001,3,https://kr.mcmworldwide.com/ko_KR/%EC%97%AC%EC%84%B1/%ED%95%B8%EB%93%9C%EB%B0%B1/%EC%88%84%EB%8D%94%EB%B0%B1-%ED%81%AC%EB%A1%9C%EC%8A%A4%EB%B0%B1/aren-%EB%A7%A5%EC%8B%9C-%EB%AA%A8%EB%85%B8%EA%B7%B8%EB%9E%A8-%EB%A0%88%EB%8D%94-%EB%B2%A0%EB%8B%88%ED%8B%B0-%EC%BC%80%EC%9D%B4%EC%8A%A4/MWRGSTA01BK001.html,https://images.mcmworldwide.com/i/mcmworldwide/MWRGSTA01BK001_01/MWRGSTA01BK001/aren-맥시-모노그램-레더-베니티-케이스?$large$&fmt=auto&qlt=default
여성,핸드백,숄더백-크로스백,aren-비세토스-숄더백,MWRGSTA03BK001,MWRGSTA03BK001,1,https://kr.mcmworldwide.com/ko_KR/%EC%97%AC%EC%84%B1/%ED%95%B8%EB%93%9C%EB%B0%B1/%EC%88%84%EB%8D%94%EB%B0%B1-%ED%81%AC%EB%A1%9C%EC%8A%A4%EB%B0%B1/aren-%EB%B9%84%EC%84%B8%ED%86%A0%EC%8A%A4-%EC%88%84%EB%8D%94%EB%B0%B1/MWRGSTA03BK001.html,https://images.mcmworldwide.com/i/mcmworldwide/MWRGSTA03BK001_01/MWRGSTA03BK001/aren-비세토스-숄더백?$large$&fmt=auto&qlt=default
여성,핸드백,숄더백-크로스백,말의-해를-기념하는-aren-비세토스-체인-숄더백,MWRGSUP01CO001,MWRGSUP01CO001,1,https://kr.mcmworldwide.com/ko_KR/%EC%97%AC%EC%84%B1/%ED%95%B8%EB%93%9C%EB%B0%B1/%EC%88%84%EB%8D%94%EB%B0%B1-%ED%81%AC%EB%A1%9C%EC%8A%A4%EB%B0%B1/%EB%A7%90%EC%9D%98-%ED%95%B4%EB%A5%BC-%EA%B8%B0%EB%85%90%ED%95%98%EB%8A%94-aren-%EB%B9%84%EC%84%B8%ED%86%A0%EC%8A%A4-%EC%B2%B4%EC%9D%B8-%EC%88%84%EB%8D%94%EB%B0%B1/MWRGSUP01CO001.html,https://images.mcmworldwide.com/i/mcmworldwide/MWRGSUP01CO001_01/MWRGSUP01CO001/말의-해를-기념하는-aren-비세토스-체인-숄더백?$large$&fmt=auto&qlt=default
여성,핸드백,숄더백-크로스백,aren-레오파드-비세토스-체인백,MWRGSUP02CO001,MWRGSUP02CO001,1,https://kr.mcmworldwide.com/ko_KR/%EC%97%AC%EC%84%B1/%ED%95%B8%EB%93%9C%EB%B0%B1/%EC%88%84%EB%8D%94%EB%B0%B1-%ED%81%AC%EB%A1%9C%EC%8A%A4%EB%B0%B1/aren-%EB%A0%88%EC%98%A4%ED%8C%8C%EB%93%9C-%EB%B9%84%EC%84%B8%ED%86%A0%EC%8A%A4-%EC%B2%B4%EC%9D%B8%EB%B0%B1/MWRGSUP02CO001.html,https://images.mcmworldwide.com/i/mcmworldwide/MWRGSUP02CO001_01/MWRGSUP02CO001/aren-레오파드-비세토스-체인백?$large$&fmt=auto&qlt=default
여성,핸드백,숄더백-크로스백,aren-양가죽-숄더백,MWSGSTA04BW001,MWSGSTA04BW001;MWSGSTA05BW001,2,https://kr.mcmworldwide.com/ko_KR/%EC%97%AC%EC%84%B1/%ED%95%B8%EB%93%9C%EB%B0%B1/%EC%88%84%EB%8D%94%EB%B0%B1-%ED%81%AC%EB%A1%9C%EC%8A%A4%EB%B0%B1/aren-%EC%96%91%EA%B0%80%EC%A3%BD-%EC%88%84%EB%8D%94%EB%B0%B1/MWSGSTA04BW001.html,https://images.mcmworldwide.com/i/mcmworldwide/MWSGSTA04BW001_01/MWSGSTA04BW001/aren-양가죽-숄더백?$large$&fmt=auto&qlt=default
여성,핸드백,숄더백-크로스백,말의-해를-기념하는-aren-비세토스-숄더백,MWSGSUP01BK001,MWSGSUP01BK001;MWSGSUP01CO001,2,https://kr.mcmworldwide.com/ko_KR/%EC%97%AC%EC%84%B1/%ED%95%B8%EB%93%9C%EB%B0%B1/%EC%88%84%EB%8D%94%EB%B0%B1-%ED%81%AC%EB%A1%9C%EC%8A%A4%EB%B0%B1/%EB%A7%90%EC%9D%98-%ED%95%B4%EB%A5%BC-%EA%B8%B0%EB%85%90%ED%95%98%EB%8A%94-aren-%EB%B9%84%EC%84%B8%ED%86%A0%EC%8A%A4-%EC%88%84%EB%8D%94%EB%B0%B1/MWSGSUP01BK001.html,https://images.mcmworldwide.com/i/mcmworldwide/MWSGSUP01BK001_01/MWSGSUP01BK001/말의-해를-기념하는-aren-비세토스-숄더백?$large$&fmt=auto&qlt=default
여성,핸드백,숄더백-크로스백,aren-레오파드-비세토스--숄더백,MWSGSUP02BK001,MWSGSUP02BK001,1,https://kr.mcmworldwide.com/ko_KR/%EC%97%AC%EC%84%B1/%ED%95%B8%EB%93%9C%EB%B0%B1/%EC%88%84%EB%8D%94%EB%B0%B1-%ED%81%AC%EB%A1%9C%EC%8A%A4%EB%B0%B1/aren-%EB%A0%88%EC%98%A4%ED%8C%8C%EB%93%9C-%EB%B9%84%EC%84%B8%ED%86%A0%EC%8A%A4--%EC%88%84%EB%8D%94%EB%B0%B1/MWSGSUP02BK001.html,https://images.mcmworldwide.com/i/mcmworldwide/MWSGSUP02BK001_01/MWSGSUP02BK001/aren-레오파드-비세토스--숄더백?$large$&fmt=auto&qlt=default
여성,핸드백,숄더백-크로스백,dessau-drawstring-bag-in-visetos,MWDGADU04BK001,MWDGADU04BK001,1,https://kr.mcmworldwide.com/ko_KR/%EC%97%AC%EC%84%B1/%ED%95%B8%EB%93%9C%EB%B0%B1/%EC%88%84%EB%8D%94%EB%B0%B1-%ED%81%AC%EB%A1%9C%EC%8A%A4%EB%B0%B1/dessau-drawstring-bag-in-visetos/MWDGADU04BK001.html,https://images.mcmworldwide.com/i/mcmworldwide/MWDGADU04BK001_01/MWDGADU04BK001/dessau-drawstring-bag-in-visetos?$large$&fmt=auto&qlt=default
여성,핸드백,숄더백-크로스백,dessau-비세토스-드로우스트링-백,MWDGADU01CO001,MWDGADU01CO001;MWDGADU02BK001;MWDGADU02WT001;MWDGSDU03CO001,4,https://kr.mcmworldwide.com/ko_KR/%EC%97%AC%EC%84%B1/%ED%95%B8%EB%93%9C%EB%B0%B1/%EC%88%84%EB%8D%94%EB%B0%B1-%ED%81%AC%EB%A1%9C%EC%8A%A4%EB%B0%B1/dessau-%EB%B9%84%EC%84%B8%ED%86%A0%EC%8A%A4-%EB%93%9C%EB%A1%9C%EC%9A%B0%EC%8A%A4%ED%8A%B8%EB%A7%81-%EB%B0%B1/MWDGADU01CO001.html,https://images.mcmworldwide.com/i/mcmworldwide/MWDGADU01CO001_01/MWDGADU01CO001/dessau-비세토스-드로우스트링-백?$large$&fmt=auto&qlt=default
여성,핸드백,숄더백-크로스백,dessau-맥시-모노그램-레더-드로우스트링-백,MWDGSDU01BK001,MWDGSDU01BK001;MWDGSDU01QA001,2,https://kr.mcmworldwide.com/ko_KR/%EC%97%AC%EC%84%B1/%ED%95%B8%EB%93%9C%EB%B0%B1/%EC%88%84%EB%8D%94%EB%B0%B1-%ED%81%AC%EB%A1%9C%EC%8A%A4%EB%B0%B1/dessau-%EB%A7%A5%EC%8B%9C-%EB%AA%A8%EB%85%B8%EA%B7%B8%EB%9E%A8-%EB%A0%88%EB%8D%94-%EB%93%9C%EB%A1%9C%EC%9A%B0%EC%8A%A4%ED%8A%B8%EB%A7%81-%EB%B0%B1/MWDGSDU01BK001.html,https://images.mcmworldwide.com/i/mcmworldwide/MWDGSDU01BK001_01/MWDGSDU01BK001/dessau-맥시-모노그램-레더-드로우스트링-백?$large$&fmt=auto&qlt=default
여성,핸드백,숄더백-크로스백,diamant-3d-염소-가죽-숄더백,MWSEAAK02BK001,MWSEAAK02BK001,1,https://kr.mcmworldwide.com/ko_KR/%EC%97%AC%EC%84%B1/%ED%95%B8%EB%93%9C%EB%B0%B1/%EC%88%84%EB%8D%94%EB%B0%B1-%ED%81%AC%EB%A1%9C%EC%8A%A4%EB%B0%B1/diamant-3d-%EC%97%BC%EC%86%8C-%EA%B0%80%EC%A3%BD-%EC%88%84%EB%8D%94%EB%B0%B1/MWSEAAK02BK001.html,https://images.mcmworldwide.com/i/mcmworldwide/MWSEAAK02BK001_01/MWSEAAK02BK001/diamant-3d-염소-가죽-숄더백?$large$&fmt=auto&qlt=default
여성,핸드백,숄더백-크로스백,diamant-3d-비세토스-레더믹스-숄더백,MWSEAAK04BK001,MWSEAAK04BK001;MWSEAAK04CO001;MWSEAAK04WT001,3,https://kr.mcmworldwide.com/ko_KR/%EC%97%AC%EC%84%B1/%ED%95%B8%EB%93%9C%EB%B0%B1/%EC%88%84%EB%8D%94%EB%B0%B1-%ED%81%AC%EB%A1%9C%EC%8A%A4%EB%B0%B1/diamant-3d-%EB%B9%84%EC%84%B8%ED%86%A0%EC%8A%A4-%EB%A0%88%EB%8D%94%EB%AF%B9%EC%8A%A4-%EC%88%84%EB%8D%94%EB%B0%B1/MWSEAAK04BK001.html,https://images.mcmworldwide.com/i/mcmworldwide/MWSEAAK04BK001_01/MWSEAAK04BK001/diamant-3d-비세토스-레더믹스-숄더백?$large$&fmt=auto&qlt=default
여성,핸드백,숄더백-크로스백,diamant-3d-스웨이드와-송아지-가죽-숄더백,MWSEAAK07MT001,MWSEAAK07MT001,1,https://kr.mcmworldwide.com/ko_KR/%EC%97%AC%EC%84%B1/%ED%95%B8%EB%93%9C%EB%B0%B1/%EC%88%84%EB%8D%94%EB%B0%B1-%ED%81%AC%EB%A1%9C%EC%8A%A4%EB%B0%B1/diamant-3d-%EC%8A%A4%EC%9B%A8%EC%9D%B4%EB%93%9C%EC%99%80-%EC%86%A1%EC%95%84%EC%A7%80-%EA%B0%80%EC%A3%BD-%EC%88%84%EB%8D%94%EB%B0%B1/MWSEAAK07MT001.html,https://images.mcmworldwide.com/i/mcmworldwide/MWSEAAK07MT001_01/MWSEAAK07MT001/diamant-3d-스웨이드와-송아지-가죽-숄더백?$large$&fmt=auto&qlt=default
여성,핸드백,숄더백-크로스백,diamant-3d-메가-헤링본-스웨이드-숄더백,MWSFAAK01K9001,MWSFAAK01K9001,1,https://kr.mcmworldwide.com/ko_KR/%EC%97%AC%EC%84%B1/%ED%95%B8%EB%93%9C%EB%B0%B1/%EC%88%84%EB%8D%94%EB%B0%B1-%ED%81%AC%EB%A1%9C%EC%8A%A4%EB%B0%B1/diamant-3d-%EB%A9%94%EA%B0%80-%ED%97%A4%EB%A7%81%EB%B3%B8-%EC%8A%A4%EC%9B%A8%EC%9D%B4%EB%93%9C-%EC%88%84%EB%8D%94%EB%B0%B1/MWSFAAK01K9001.html,https://images.mcmworldwide.com/i/mcmworldwide/MWSFAAK01K9001_01/MWSFAAK01K9001/diamant-3d-메가-헤링본-스웨이드-숄더백?$large$&fmt=auto&qlt=default
여성,핸드백,숄더백-크로스백,diamant-3d-카프레더-숄더백,MWSFSAK01BK001,MWSFSAK01BK001,1,https://kr.mcmworldwide.com/ko_KR/%EC%97%AC%EC%84%B1/%ED%95%B8%EB%93%9C%EB%B0%B1/%EC%88%84%EB%8D%94%EB%B0%B1-%ED%81%AC%EB%A1%9C%EC%8A%A4%EB%B0%B1/diamant-3d-%EC%B9%B4%ED%94%84%EB%A0%88%EB%8D%94-%EC%88%84%EB%8D%94%EB%B0%B1/MWSFSAK01BK001.html,https://images.mcmworldwide.com/i/mcmworldwide/MWSFSAK01BK001_01/MWSFSAK01BK001/diamant-3d-카프레더-숄더백?$large$&fmt=auto&qlt=default
여성,핸드백,숄더백-크로스백,diamant-3d-카프스킨-숄더백,MWSGAAK01OQ001,MWSGAAK01OQ001,1,https://kr.mcmworldwide.com/ko_KR/%EC%97%AC%EC%84%B1/%ED%95%B8%EB%93%9C%EB%B0%B1/%EC%88%84%EB%8D%94%EB%B0%B1-%ED%81%AC%EB%A1%9C%EC%8A%A4%EB%B0%B1/diamant-3d-%EC%B9%B4%ED%94%84%EC%8A%A4%ED%82%A8-%EC%88%84%EB%8D%94%EB%B0%B1/MWSGAAK01OQ001.html,https://images.mcmworldwide.com/i/mcmworldwide/MWSGAAK01OQ001_01/MWSGAAK01OQ001/diamant-3d-카프스킨-숄더백?$large$&fmt=auto&qlt=default
여성,핸드백,숄더백-크로스백,diamant-3d-다이아몬드-자카드-숄더백,MWSGAAK02MT001,MWSGAAK02MT001,1,https://kr.mcmworldwide.com/ko_KR/%EC%97%AC%EC%84%B1/%ED%95%B8%EB%93%9C%EB%B0%B1/%EC%88%84%EB%8D%94%EB%B0%B1-%ED%81%AC%EB%A1%9C%EC%8A%A4%EB%B0%B1/diamant-3d-%EB%8B%A4%EC%9D%B4%EC%95%84%EB%AA%AC%EB%93%9C-%EC%9E%90%EC%B9%B4%EB%93%9C-%EC%88%84%EB%8D%94%EB%B0%B1/MWSGAAK02MT001.html,https://images.mcmworldwide.com/i/mcmworldwide/MWSGAAK02MT001_01/MWSGAAK02MT001/diamant-3d-다이아몬드-자카드-숄더백?$large$&fmt=auto&qlt=default
여성,핸드백,숄더백-크로스백,diamant-갤러틱-갈라-양가죽-3d-숄더백,MWSGSAK01BK001,MWSGSAK01BK001,1,https://kr.mcmworldwide.com/ko_KR/%EC%97%AC%EC%84%B1/%ED%95%B8%EB%93%9C%EB%B0%B1/%EC%88%84%EB%8D%94%EB%B0%B1-%ED%81%AC%EB%A1%9C%EC%8A%A4%EB%B0%B1/diamant-%EA%B0%A4%EB%9F%AC%ED%8B%B1-%EA%B0%88%EB%9D%BC-%EC%96%91%EA%B0%80%EC%A3%BD-3d-%EC%88%84%EB%8D%94%EB%B0%B1/MWSGSAK01BK001.html,https://images.mcmworldwide.com/i/mcmworldwide/MWSGSAK01BK001_01/MWSGSAK01BK001/diamant-갤러틱-갈라-양가죽-3d-숄더백?$large$&fmt=auto&qlt=default
여성,핸드백,숄더백-크로스백,diamond-카프-레더-숄더백,MWRESAK01BK001,MWRESAK01BK001,1,https://kr.mcmworldwide.com/ko_KR/%EC%97%AC%EC%84%B1/%ED%95%B8%EB%93%9C%EB%B0%B1/%EC%88%84%EB%8D%94%EB%B0%B1-%ED%81%AC%EB%A1%9C%EC%8A%A4%EB%B0%B1/diamond-%EC%B9%B4%ED%94%84-%EB%A0%88%EB%8D%94-%EC%88%84%EB%8D%94%EB%B0%B1/MWRESAK01BK001.html,https://images.mcmworldwide.com/i/mcmworldwide/MWRESAK01BK001_01/MWRESAK01BK001/diamond-카프-레더-숄더백?$large$&fmt=auto&qlt=default
여성,핸드백,숄더백-크로스백,diamond-엠보스드-레더,MWRESAK03BK001,MWRESAK03BK001;MWRESAK03CO001,2,https://kr.mcmworldwide.com/ko_KR/%EC%97%AC%EC%84%B1/%ED%95%B8%EB%93%9C%EB%B0%B1/%EC%88%84%EB%8D%94%EB%B0%B1-%ED%81%AC%EB%A1%9C%EC%8A%A4%EB%B0%B1/diamond-%EC%97%A0%EB%B3%B4%EC%8A%A4%EB%93%9C-%EB%A0%88%EB%8D%94/MWRESAK03BK001.html,https://images.mcmworldwide.com/i/mcmworldwide/MWRESAK03BK001_01/MWRESAK03BK001/diamond-엠보스드-레더?$large$&fmt=auto&qlt=default
여성,핸드백,숄더백-크로스백,diamond-시퀸-양가죽-백-,MWRFSAK01BK001,MWRFSAK01BK001;MWRFSAK06Q1001,2,https://kr.mcmworldwide.com/ko_KR/%EC%97%AC%EC%84%B1/%ED%95%B8%EB%93%9C%EB%B0%B1/%EC%88%84%EB%8D%94%EB%B0%B1-%ED%81%AC%EB%A1%9C%EC%8A%A4%EB%B0%B1/diamond-%EC%8B%9C%ED%80%B8-%EC%96%91%EA%B0%80%EC%A3%BD-%EB%B0%B1-/MWRFSAK01BK001.html,https://images.mcmworldwide.com/i/mcmworldwide/MWRFSAK01BK001_01/MWRFSAK01BK001/diamond-시퀸-양가죽-백-?$large$&fmt=auto&qlt=default
여성,핸드백,숄더백-크로스백,diamond--비세토스-레더-믹스-숄더백,MWRGAAK01BK001,MWRGAAK01BK001,1,https://kr.mcmworldwide.com/ko_KR/%EC%97%AC%EC%84%B1/%ED%95%B8%EB%93%9C%EB%B0%B1/%EC%88%84%EB%8D%94%EB%B0%B1-%ED%81%AC%EB%A1%9C%EC%8A%A4%EB%B0%B1/diamond--%EB%B9%84%EC%84%B8%ED%86%A0%EC%8A%A4-%EB%A0%88%EB%8D%94-%EB%AF%B9%EC%8A%A4-%EC%88%84%EB%8D%94%EB%B0%B1/MWRGAAK01BK001.html,https://images.mcmworldwide.com/i/mcmworldwide/MWRGAAK01BK001_01/MWRGAAK01BK001/diamond--비세토스-레더-믹스-숄더백?$large$&fmt=auto&qlt=default
여성,핸드백,숄더백-크로스백,dia-퀼팅-메탈릭-카프스킨-숄더백,MWSGADC02D6001,MWSGADC02D6001,1,https://kr.mcmworldwide.com/ko_KR/%EC%97%AC%EC%84%B1/%ED%95%B8%EB%93%9C%EB%B0%B1/%EC%88%84%EB%8D%94%EB%B0%B1-%ED%81%AC%EB%A1%9C%EC%8A%A4%EB%B0%B1/dia-%ED%80%BC%ED%8C%85-%EB%A9%94%ED%83%88%EB%A6%AD-%EC%B9%B4%ED%94%84%EC%8A%A4%ED%82%A8-%EC%88%84%EB%8D%94%EB%B0%B1/MWSGADC02D6001.html,https://images.mcmworldwide.com/i/mcmworldwide/MWSGADC02D6001_01/MWSGADC02D6001/dia-퀼팅-메탈릭-카프스킨-숄더백?$large$&fmt=auto&qlt=default
여성,핸드백,숄더백-크로스백,dia-퀼팅-카프스킨-숄더백,MWSGADC03BK001,MWSGADC03BK001,1,https://kr.mcmworldwide.com/ko_KR/%EC%97%AC%EC%84%B1/%ED%95%B8%EB%93%9C%EB%B0%B1/%EC%88%84%EB%8D%94%EB%B0%B1-%ED%81%AC%EB%A1%9C%EC%8A%A4%EB%B0%B1/dia-%ED%80%BC%ED%8C%85-%EC%B9%B4%ED%94%84%EC%8A%A4%ED%82%A8-%EC%88%84%EB%8D%94%EB%B0%B1/MWSGADC03BK001.html,https://images.mcmworldwide.com/i/mcmworldwide/MWSGADC03BK001_01/MWSGADC03BK001/dia-퀼팅-카프스킨-숄더백?$large$&fmt=auto&qlt=default
여성,핸드백,숄더백-크로스백,himmel-시퀸-드로우스트링-백,MWDESAC03DG001,MWDESAC03DG001,1,https://kr.mcmworldwide.com/ko_KR/%EC%97%AC%EC%84%B1/%ED%95%B8%EB%93%9C%EB%B0%B1/%EC%88%84%EB%8D%94%EB%B0%B1-%ED%81%AC%EB%A1%9C%EC%8A%A4%EB%B0%B1/himmel-%EC%8B%9C%ED%80%B8-%EB%93%9C%EB%A1%9C%EC%9A%B0%EC%8A%A4%ED%8A%B8%EB%A7%81-%EB%B0%B1/MWDESAC03DG001.html,https://images.mcmworldwide.com/i/mcmworldwide/MWDESAC03DG001_01/MWDESAC03DG001/himmel-시퀸-드로우스트링-백?$large$&fmt=auto&qlt=default
여성,핸드백,숄더백-크로스백,himmel-시퀸-숄더백,MWSESAC04SV001,MWSESAC04SV001;MWSESAC05DG001,2,https://kr.mcmworldwide.com/ko_KR/%EC%97%AC%EC%84%B1/%ED%95%B8%EB%93%9C%EB%B0%B1/%EC%88%84%EB%8D%94%EB%B0%B1-%ED%81%AC%EB%A1%9C%EC%8A%A4%EB%B0%B1/himmel-%EC%8B%9C%ED%80%B8-%EC%88%84%EB%8D%94%EB%B0%B1/MWSESAC04SV001.html,https://images.mcmworldwide.com/i/mcmworldwide/MWSESAC04SV001_01/MWSESAC04SV001/himmel-시퀸-숄더백?$large$&fmt=auto&qlt=default
여성,핸드백,숄더백-크로스백,himmel-크리스탈-새틴-숄더백,MWSESAC07L9001,MWSESAC07L9001,1,https://kr.mcmworldwide.com/ko_KR/%EC%97%AC%EC%84%B1/%ED%95%B8%EB%93%9C%EB%B0%B1/%EC%88%84%EB%8D%94%EB%B0%B1-%ED%81%AC%EB%A1%9C%EC%8A%A4%EB%B0%B1/himmel-%ED%81%AC%EB%A6%AC%EC%8A%A4%ED%83%88-%EC%83%88%ED%8B%B4-%EC%88%84%EB%8D%94%EB%B0%B1/MWSESAC07L9001.html,https://images.mcmworldwide.com/i/mcmworldwide/MWSESAC07L9001_01/MWSESAC07L9001/himmel-크리스탈-새틴-숄더백?$large$&fmt=auto&qlt=default
여성,핸드백,숄더백-크로스백,mcm-x-be@rbrick-참이-있는-aren-숄더백,MMSFATA01EG001,MMSFATA01EG001;MMSFATA01GK001;MMSFATA01IG001,3,https://kr.mcmworldwide.com/ko_KR/%EC%97%AC%EC%84%B1/%ED%95%B8%EB%93%9C%EB%B0%B1/%EC%88%84%EB%8D%94%EB%B0%B1-%ED%81%AC%EB%A1%9C%EC%8A%A4%EB%B0%B1/mcm-x-be%40rbrick-%EC%B0%B8%EC%9D%B4-%EC%9E%88%EB%8A%94-aren-%EC%88%84%EB%8D%94%EB%B0%B1/MMSFATA01EG001.html,https://images.mcmworldwide.com/i/mcmworldwide/MMSFATA01EG001_01/MMSFATA01EG001/mcm-x-be@rbrick-참이-있는-aren-숄더백?$large$&fmt=auto&qlt=default
여성,핸드백,숄더백-크로스백,데사우-비세토스-드로우스트링-백,MWDCSDU02WT001,MWDCSDU02WT001,1,https://kr.mcmworldwide.com/ko_KR/%EC%97%AC%EC%84%B1/%ED%95%B8%EB%93%9C%EB%B0%B1/%EC%88%84%EB%8D%94%EB%B0%B1-%ED%81%AC%EB%A1%9C%EC%8A%A4%EB%B0%B1/%EB%8D%B0%EC%82%AC%EC%9A%B0-%EB%B9%84%EC%84%B8%ED%86%A0%EC%8A%A4-%EB%93%9C%EB%A1%9C%EC%9A%B0%EC%8A%A4%ED%8A%B8%EB%A7%81-%EB%B0%B1/MWDCSDU02WT001.html,https://images.mcmworldwide.com/i/mcmworldwide/MWDCSDU02WT001_01/MWDCSDU02WT001/데사우-비세토스-드로우스트링-백?$large$&fmt=auto&qlt=default
여성,핸드백,숄더백-크로스백,비세토스-오리지널-락스타-베니티-케이스,MWRAAVI01CO001,MWRAAVI01CO001,1,https://kr.mcmworldwide.com/ko_KR/%EC%97%AC%EC%84%B1/%ED%95%B8%EB%93%9C%EB%B0%B1/%EC%88%84%EB%8D%94%EB%B0%B1-%ED%81%AC%EB%A1%9C%EC%8A%A4%EB%B0%B1/%EB%B9%84%EC%84%B8%ED%86%A0%EC%8A%A4-%EC%98%A4%EB%A6%AC%EC%A7%80%EB%84%90-%EB%9D%BD%EC%8A%A4%ED%83%80-%EB%B2%A0%EB%8B%88%ED%8B%B0-%EC%BC%80%EC%9D%B4%EC%8A%A4/MWRAAVI01CO001.html,https://images.mcmworldwide.com/i/mcmworldwide/MWRAAVI01CO001_01/MWRAAVI01CO001/비세토스-오리지널-락스타-베니티-케이스?$large$&fmt=auto&qlt=default
여성,핸드백,숄더백-크로스백,비세토스-아렌-숄더-백.,MWREATA01CO001,MWREATA01CO001,1,https://kr.mcmworldwide.com/ko_KR/%EC%97%AC%EC%84%B1/%ED%95%B8%EB%93%9C%EB%B0%B1/%EC%88%84%EB%8D%94%EB%B0%B1-%ED%81%AC%EB%A1%9C%EC%8A%A4%EB%B0%B1/%EB%B9%84%EC%84%B8%ED%86%A0%EC%8A%A4-%EC%95%84%EB%A0%8C-%EC%88%84%EB%8D%94-%EB%B0%B1./MWREATA01CO001.html,https://images.mcmworldwide.com/i/mcmworldwide/MWREATA01CO001_01/MWREATA01CO001/비세토스-아렌-숄더-백.?$large$&fmt=auto&qlt=default
여성,핸드백,숄더백-크로스백,비세토스-레더-믹스-다이아몬드-숄더백,MWRESAK02CO001,MWRESAK02CO001,1,https://kr.mcmworldwide.com/ko_KR/%EC%97%AC%EC%84%B1/%ED%95%B8%EB%93%9C%EB%B0%B1/%EC%88%84%EB%8D%94%EB%B0%B1-%ED%81%AC%EB%A1%9C%EC%8A%A4%EB%B0%B1/%EB%B9%84%EC%84%B8%ED%86%A0%EC%8A%A4-%EB%A0%88%EB%8D%94-%EB%AF%B9%EC%8A%A4-%EB%8B%A4%EC%9D%B4%EC%95%84%EB%AA%AC%EB%93%9C-%EC%88%84%EB%8D%94%EB%B0%B1/MWRESAK02CO001.html,https://images.mcmworldwide.com/i/mcmworldwide/MWRESAK02CO001_01/MWRESAK02CO001/비세토스-레더-믹스-다이아몬드-숄더백?$large$&fmt=auto&qlt=default
여성,핸드백,숄더백-크로스백,트라비아-크러쉬드-레더-퀼티드-숄더백,MWSCSLM03BK001,MWSCSLM03BK001,1,https://kr.mcmworldwide.com/ko_KR/%EC%97%AC%EC%84%B1/%ED%95%B8%EB%93%9C%EB%B0%B1/%EC%88%84%EB%8D%94%EB%B0%B1-%ED%81%AC%EB%A1%9C%EC%8A%A4%EB%B0%B1/%ED%8A%B8%EB%9D%BC%EB%B9%84%EC%95%84-%ED%81%AC%EB%9F%AC%EC%89%AC%EB%93%9C-%EB%A0%88%EB%8D%94-%ED%80%BC%ED%8B%B0%EB%93%9C-%EC%88%84%EB%8D%94%EB%B0%B1/MWSCSLM03BK001.html,https://images.mcmworldwide.com/i/mcmworldwide/MWSCSLM03BK001_01/MWSCSLM03BK001/트라비아-크러쉬드-레더-퀼티드-숄더백?$large$&fmt=auto&qlt=default
여성,핸드백,숄더백-크로스백,pina-drawstring-bag-in-studded-calfskin,MWDGADU03BK001,MWDGADU03BK001,1,https://kr.mcmworldwide.com/ko_KR/%EC%97%AC%EC%84%B1/%ED%95%B8%EB%93%9C%EB%B0%B1/%EC%88%84%EB%8D%94%EB%B0%B1-%ED%81%AC%EB%A1%9C%EC%8A%A4%EB%B0%B1/pina-drawstring-bag-in-studded-calfskin/MWDGADU03BK001.html,https://images.mcmworldwide.com/i/mcmworldwide/MWDGADU03BK001_01/MWDGADU03BK001/pina-drawstring-bag-in-studded-calfskin?$large$&fmt=auto&qlt=default
여성,핸드백,숄더백-크로스백,pina-비세토스-탬버린-백-,MWRGAOB01CO001,MWRGAOB01CO001,1,https://kr.mcmworldwide.com/ko_KR/%EC%97%AC%EC%84%B1/%ED%95%B8%EB%93%9C%EB%B0%B1/%EC%88%84%EB%8D%94%EB%B0%B1-%ED%81%AC%EB%A1%9C%EC%8A%A4%EB%B0%B1/pina-%EB%B9%84%EC%84%B8%ED%86%A0%EC%8A%A4-%ED%83%AC%EB%B2%84%EB%A6%B0-%EB%B0%B1-/MWRGAOB01CO001.html,https://images.mcmworldwide.com/i/mcmworldwide/MWRGAOB01CO001_01/MWRGAOB01CO001/pina-비세토스-탬버린-백-?$large$&fmt=auto&qlt=default
여성,핸드백,숄더백-크로스백,pina-스터드-장식-카프스킨-탬버린-백,MWRGAOB03BK001,MWRGAOB03BK001,1,https://kr.mcmworldwide.com/ko_KR/%EC%97%AC%EC%84%B1/%ED%95%B8%EB%93%9C%EB%B0%B1/%EC%88%84%EB%8D%94%EB%B0%B1-%ED%81%AC%EB%A1%9C%EC%8A%A4%EB%B0%B1/pina-%EC%8A%A4%ED%84%B0%EB%93%9C-%EC%9E%A5%EC%8B%9D-%EC%B9%B4%ED%94%84%EC%8A%A4%ED%82%A8-%ED%83%AC%EB%B2%84%EB%A6%B0-%EB%B0%B1/MWRGAOB03BK001.html,https://images.mcmworldwide.com/i/mcmworldwide/MWRGAOB03BK001_01/MWRGAOB03BK001/pina-스터드-장식-카프스킨-탬버린-백?$large$&fmt=auto&qlt=default
여성,핸드백,숄더백-크로스백,pina-스터드-장식-카프스킨-베니티-케이스,MWRGATA01BK001,MWRGATA01BK001,1,https://kr.mcmworldwide.com/ko_KR/%EC%97%AC%EC%84%B1/%ED%95%B8%EB%93%9C%EB%B0%B1/%EC%88%84%EB%8D%94%EB%B0%B1-%ED%81%AC%EB%A1%9C%EC%8A%A4%EB%B0%B1/pina-%EC%8A%A4%ED%84%B0%EB%93%9C-%EC%9E%A5%EC%8B%9D-%EC%B9%B4%ED%94%84%EC%8A%A4%ED%82%A8-%EB%B2%A0%EB%8B%88%ED%8B%B0-%EC%BC%80%EC%9D%B4%EC%8A%A4/MWRGATA01BK001.html,https://images.mcmworldwide.com/i/mcmworldwide/MWRGATA01BK001_01/MWRGATA01BK001/pina-스터드-장식-카프스킨-베니티-케이스?$large$&fmt=auto&qlt=default
여성,핸드백,숄더백-크로스백,soft-diamond-엠보스드-레더-숄더백,MWREAAK02CK001,MWREAAK02CK001,1,https://kr.mcmworldwide.com/ko_KR/%EC%97%AC%EC%84%B1/%ED%95%B8%EB%93%9C%EB%B0%B1/%EC%88%84%EB%8D%94%EB%B0%B1-%ED%81%AC%EB%A1%9C%EC%8A%A4%EB%B0%B1/soft-diamond-%EC%97%A0%EB%B3%B4%EC%8A%A4%EB%93%9C-%EB%A0%88%EB%8D%94-%EC%88%84%EB%8D%94%EB%B0%B1/MWREAAK02CK001.html,https://images.mcmworldwide.com/i/mcmworldwide/MWREAAK02CK001_01/MWREAAK02CK001/soft-diamond-엠보스드-레더-숄더백?$large$&fmt=auto&qlt=default
여성,핸드백,숄더백-크로스백,tracy-crossbody-in-visetos-leather-mix,MWRGAXT01PZ001,MWRGAXT01PZ001,1,https://kr.mcmworldwide.com/ko_KR/%EC%97%AC%EC%84%B1/%ED%95%B8%EB%93%9C%EB%B0%B1/%EC%88%84%EB%8D%94%EB%B0%B1-%ED%81%AC%EB%A1%9C%EC%8A%A4%EB%B0%B1/tracy-crossbody-in-visetos-leather-mix/MWRGAXT01PZ001.html,https://images.mcmworldwide.com/i/mcmworldwide/MWRGAXT01PZ001_01/MWRGAXT01PZ001/tracy-crossbody-in-visetos-leather-mix?$large$&fmt=auto&qlt=default
여성,핸드백,숄더백-크로스백,tracy-hobo-in-visetos,MWHGAXT03CO001,MWHGAXT03CO001,1,https://kr.mcmworldwide.com/ko_KR/%EC%97%AC%EC%84%B1/%ED%95%B8%EB%93%9C%EB%B0%B1/%EC%88%84%EB%8D%94%EB%B0%B1-%ED%81%AC%EB%A1%9C%EC%8A%A4%EB%B0%B1/tracy-hobo-in-visetos/MWHGAXT03CO001.html,https://images.mcmworldwide.com/i/mcmworldwide/MWHGAXT03CO001_01/MWHGAXT03CO001/tracy-hobo-in-visetos?$large$&fmt=auto&qlt=default
여성,핸드백,숄더백-크로스백,tracy-비세토스-레더-믹스-사첼,MWEGSXT01CO001,MWEGSXT01CO001,1,https://kr.mcmworldwide.com/ko_KR/%EC%97%AC%EC%84%B1/%ED%95%B8%EB%93%9C%EB%B0%B1/%EC%88%84%EB%8D%94%EB%B0%B1-%ED%81%AC%EB%A1%9C%EC%8A%A4%EB%B0%B1/tracy-%EB%B9%84%EC%84%B8%ED%86%A0%EC%8A%A4-%EB%A0%88%EB%8D%94-%EB%AF%B9%EC%8A%A4-%EC%82%AC%EC%B2%BC/MWEGSXT01CO001.html,https://images.mcmworldwide.com/i/mcmworldwide/MWEGSXT01CO001_01/MWEGSXT01CO001/tracy-비세토스-레더-믹스-사첼?$large$&fmt=auto&qlt=default
여성,핸드백,숄더백-크로스백,tracy-비세토스-크로스바디,MWRAAME01CO001,MWRAAME01CO001;MWRBAWO05BK001;MWRBAWO05CO001;MWRFAXT01PZ001;MWRFSXT01BK001;MWRFSXT01CO001,6,https://kr.mcmworldwide.com/ko_KR/%EC%97%AC%EC%84%B1/%ED%95%B8%EB%93%9C%EB%B0%B1/%EC%88%84%EB%8D%94%EB%B0%B1-%ED%81%AC%EB%A1%9C%EC%8A%A4%EB%B0%B1/tracy-%EB%B9%84%EC%84%B8%ED%86%A0%EC%8A%A4-%ED%81%AC%EB%A1%9C%EC%8A%A4%EB%B0%94%EB%94%94/MWRAAME01CO001.html,https://images.mcmworldwide.com/i/mcmworldwide/MWRAAME01CO001_01/MWRAAME01CO001/tracy-비세토스-크로스바디?$large$&fmt=auto&qlt=default
여성,핸드백,숄더백-크로스백,tracy-비세토스-레더-믹스-크로스바디,MWRGSXT01BK001,MWRGSXT01BK001;MWRGSXT01CO001,2,https://kr.mcmworldwide.com/ko_KR/%EC%97%AC%EC%84%B1/%ED%95%B8%EB%93%9C%EB%B0%B1/%EC%88%84%EB%8D%94%EB%B0%B1-%ED%81%AC%EB%A1%9C%EC%8A%A4%EB%B0%B1/tracy-%EB%B9%84%EC%84%B8%ED%86%A0%EC%8A%A4-%EB%A0%88%EB%8D%94-%EB%AF%B9%EC%8A%A4-%ED%81%AC%EB%A1%9C%EC%8A%A4%EB%B0%94%EB%94%94/MWRGSXT01BK001.html,https://images.mcmworldwide.com/i/mcmworldwide/MWRGSXT01BK001_01/MWRGSXT01BK001/tracy-비세토스-레더-믹스-크로스바디?$large$&fmt=auto&qlt=default
여성,핸드백,숄더백-크로스백,tracy-비세토스-체인-지갑,MWRGSXT02CO001,MWRGSXT02CO001,1,https://kr.mcmworldwide.com/ko_KR/%EC%97%AC%EC%84%B1/%ED%95%B8%EB%93%9C%EB%B0%B1/%EC%88%84%EB%8D%94%EB%B0%B1-%ED%81%AC%EB%A1%9C%EC%8A%A4%EB%B0%B1/tracy-%EB%B9%84%EC%84%B8%ED%86%A0%EC%8A%A4-%EC%B2%B4%EC%9D%B8-%EC%A7%80%EA%B0%91/MWRGSXT02CO001.html,https://images.mcmworldwide.com/i/mcmworldwide/MWRGSXT02CO001_01/MWRGSXT02CO001/tracy-비세토스-체인-지갑?$large$&fmt=auto&qlt=default
여성,핸드백,숄더백-크로스백,tracy-비세토스-숄더백,MWSGAXT03CO001,MWSGAXT03CO001,1,https://kr.mcmworldwide.com/ko_KR/%EC%97%AC%EC%84%B1/%ED%95%B8%EB%93%9C%EB%B0%B1/%EC%88%84%EB%8D%94%EB%B0%B1-%ED%81%AC%EB%A1%9C%EC%8A%A4%EB%B0%B1/tracy-%EB%B9%84%EC%84%B8%ED%86%A0%EC%8A%A4-%EC%88%84%EB%8D%94%EB%B0%B1/MWSGAXT03CO001.html,https://images.mcmworldwide.com/i/mcmworldwide/MWSGAXT03CO001_01/MWSGAXT03CO001/tracy-비세토스-숄더백?$large$&fmt=auto&qlt=default
여성,핸드백,숄더백-크로스백,travia-크러쉬드-레더-퀼티드-숄더백,MWSCSLM02BK001,MWSCSLM02BK001;MWSCSLM04BK001,2,https://kr.mcmworldwide.com/ko_KR/%EC%97%AC%EC%84%B1/%ED%95%B8%EB%93%9C%EB%B0%B1/%EC%88%84%EB%8D%94%EB%B0%B1-%ED%81%AC%EB%A1%9C%EC%8A%A4%EB%B0%B1/travia-%ED%81%AC%EB%9F%AC%EC%89%AC%EB%93%9C-%EB%A0%88%EB%8D%94-%ED%80%BC%ED%8B%B0%EB%93%9C-%EC%88%84%EB%8D%94%EB%B0%B1/MWSCSLM02BK001.html,https://images.mcmworldwide.com/i/mcmworldwide/MWSCSLM02BK001_01/MWSCSLM02BK001/travia-크러쉬드-레더-퀼티드-숄더백?$large$&fmt=auto&qlt=default
여성,핸드백,숄더백-크로스백,travia-크러쉬드-레더-스터드-숄더백,MWSDALM01BK001,MWSDALM01BK001,1,https://kr.mcmworldwide.com/ko_KR/%EC%97%AC%EC%84%B1/%ED%95%B8%EB%93%9C%EB%B0%B1/%EC%88%84%EB%8D%94%EB%B0%B1-%ED%81%AC%EB%A1%9C%EC%8A%A4%EB%B0%B1/travia-%ED%81%AC%EB%9F%AC%EC%89%AC%EB%93%9C-%EB%A0%88%EB%8D%94-%EC%8A%A4%ED%84%B0%EB%93%9C-%EC%88%84%EB%8D%94%EB%B0%B1/MWSDALM01BK001.html,https://images.mcmworldwide.com/i/mcmworldwide/MWSDALM01BK001_01/MWSDALM01BK001/travia-크러쉬드-레더-스터드-숄더백?$large$&fmt=auto&qlt=default
여성,핸드백,숄더백-크로스백,travia-크리스탈-새틴-나일론-퀼트-숄더백,MWSDALM02BK001,MWSDALM02BK001,1,https://kr.mcmworldwide.com/ko_KR/%EC%97%AC%EC%84%B1/%ED%95%B8%EB%93%9C%EB%B0%B1/%EC%88%84%EB%8D%94%EB%B0%B1-%ED%81%AC%EB%A1%9C%EC%8A%A4%EB%B0%B1/travia-%ED%81%AC%EB%A6%AC%EC%8A%A4%ED%83%88-%EC%83%88%ED%8B%B4-%EB%82%98%EC%9D%BC%EB%A1%A0-%ED%80%BC%ED%8A%B8-%EC%88%84%EB%8D%94%EB%B0%B1/MWSDALM02BK001.html,https://images.mcmworldwide.com/i/mcmworldwide/MWSDALM02BK001_01/MWSDALM02BK001/travia-크리스탈-새틴-나일론-퀼트-숄더백?$large$&fmt=auto&qlt=default
여성,핸드백,숄더백-크로스백,travia-크러쉬드-카프-레더-퀼팅-숄더백,MWSDSLM02SA001,MWSDSLM02SA001;MWSDSLM03SA001,2,https://kr.mcmworldwide.com/ko_KR/%EC%97%AC%EC%84%B1/%ED%95%B8%EB%93%9C%EB%B0%B1/%EC%88%84%EB%8D%94%EB%B0%B1-%ED%81%AC%EB%A1%9C%EC%8A%A4%EB%B0%B1/travia-%ED%81%AC%EB%9F%AC%EC%89%AC%EB%93%9C-%EC%B9%B4%ED%94%84-%EB%A0%88%EB%8D%94-%ED%80%BC%ED%8C%85-%EC%88%84%EB%8D%94%EB%B0%B1/MWSDSLM02SA001.html,https://images.mcmworldwide.com/i/mcmworldwide/MWSDSLM02SA001_01/MWSDSLM02SA001/travia-크러쉬드-카프-레더-퀼팅-숄더백?$large$&fmt=auto&qlt=default
여성,핸드백,숄더백-크로스백/aren-맥시-모노그램-레더-e,w-숄더백,MWSGSTA01BK001,MWSGSTA01BK001;MWSGSTA01OQ001;MWSGSTA01QA001,3,https://kr.mcmworldwide.com/ko_KR/%EC%97%AC%EC%84%B1/%ED%95%B8%EB%93%9C%EB%B0%B1/%EC%88%84%EB%8D%94%EB%B0%B1-%ED%81%AC%EB%A1%9C%EC%8A%A4%EB%B0%B1/aren-%EB%A7%A5%EC%8B%9C-%EB%AA%A8%EB%85%B8%EA%B7%B8%EB%9E%A8-%EB%A0%88%EB%8D%94-e%2Fw-%EC%88%84%EB%8D%94%EB%B0%B1/MWSGSTA01BK001.html,https://images.mcmworldwide.com/i/mcmworldwide/MWSGSTA01BK001_01/MWSGSTA01BK001/w-숄더백?$large$&fmt=auto&qlt=default
여성,핸드백,숄더백-크로스백/aren-비세토스-e,w-숄더백,MWSGATA01BK001,MWSGATA01BK001;MWSGATA01I8001;MWSGATA01PZ001;MWSGSTA02CO001,4,https://kr.mcmworldwide.com/ko_KR/%EC%97%AC%EC%84%B1/%ED%95%B8%EB%93%9C%EB%B0%B1/%EC%88%84%EB%8D%94%EB%B0%B1-%ED%81%AC%EB%A1%9C%EC%8A%A4%EB%B0%B1/aren-%EB%B9%84%EC%84%B8%ED%86%A0%EC%8A%A4-e%2Fw-%EC%88%84%EB%8D%94%EB%B0%B1/MWSGATA01BK001.html,https://images.mcmworldwide.com/i/mcmworldwide/MWSGATA01BK001_01/MWSGATA01BK001/w-숄더백?$large$&fmt=auto&qlt=default
여성,핸드백,클러치-파우치,aren-맥시-모노그램-레더-체인-크로스바디,MYZFSTA01BK001,MYZFSTA01BK001;MYZGSTA07QA001,2,https://kr.mcmworldwide.com/ko_KR/%EC%97%AC%EC%84%B1/%ED%95%B8%EB%93%9C%EB%B0%B1/%ED%81%B4%EB%9F%AC%EC%B9%98-%ED%8C%8C%EC%9A%B0%EC%B9%98/aren-%EB%A7%A5%EC%8B%9C-%EB%AA%A8%EB%85%B8%EA%B7%B8%EB%9E%A8-%EB%A0%88%EB%8D%94-%EC%B2%B4%EC%9D%B8-%ED%81%AC%EB%A1%9C%EC%8A%A4%EB%B0%94%EB%94%94/MYZFSTA01BK001.html,https://images.mcmworldwide.com/i/mcmworldwide/MYZFSTA01BK001_01/MYZFSTA01BK001/aren-맥시-모노그램-레더-체인-크로스바디?$large$&fmt=auto&qlt=default
여성,핸드백,클러치-파우치,aren-비세토스-크로스바디-파우치,MYZGATA01BK001,MYZGATA01BK001;MYZGATA01CO001,2,https://kr.mcmworldwide.com/ko_KR/%EC%97%AC%EC%84%B1/%ED%95%B8%EB%93%9C%EB%B0%B1/%ED%81%B4%EB%9F%AC%EC%B9%98-%ED%8C%8C%EC%9A%B0%EC%B9%98/aren-%EB%B9%84%EC%84%B8%ED%86%A0%EC%8A%A4-%ED%81%AC%EB%A1%9C%EC%8A%A4%EB%B0%94%EB%94%94-%ED%8C%8C%EC%9A%B0%EC%B9%98/MYZGATA01BK001.html,https://images.mcmworldwide.com/i/mcmworldwide/MYZGATA01BK001_01/MYZGATA01BK001/aren-비세토스-크로스바디-파우치?$large$&fmt=auto&qlt=default
여성,핸드백,클러치-파우치,aren-디스코-비세토스-크로스바디-파우치,MYZGATA03CO001,MYZGATA03CO001,1,https://kr.mcmworldwide.com/ko_KR/%EC%97%AC%EC%84%B1/%ED%95%B8%EB%93%9C%EB%B0%B1/%ED%81%B4%EB%9F%AC%EC%B9%98-%ED%8C%8C%EC%9A%B0%EC%B9%98/aren-%EB%94%94%EC%8A%A4%EC%BD%94-%EB%B9%84%EC%84%B8%ED%86%A0%EC%8A%A4-%ED%81%AC%EB%A1%9C%EC%8A%A4%EB%B0%94%EB%94%94-%ED%8C%8C%EC%9A%B0%EC%B9%98/MYZGATA03CO001.html,https://images.mcmworldwide.com/i/mcmworldwide/MYZGATA03CO001_01/MYZGATA03CO001/aren-디스코-비세토스-크로스바디-파우치?$large$&fmt=auto&qlt=default
여성,핸드백,클러치-파우치,aren-비세토스-트라이엥글-크로스바디,MYZGATA05CO001,MYZGATA05CO001,1,https://kr.mcmworldwide.com/ko_KR/%EC%97%AC%EC%84%B1/%ED%95%B8%EB%93%9C%EB%B0%B1/%ED%81%B4%EB%9F%AC%EC%B9%98-%ED%8C%8C%EC%9A%B0%EC%B9%98/aren-%EB%B9%84%EC%84%B8%ED%86%A0%EC%8A%A4-%ED%8A%B8%EB%9D%BC%EC%9D%B4%EC%97%A5%EA%B8%80-%ED%81%AC%EB%A1%9C%EC%8A%A4%EB%B0%94%EB%94%94/MYZGATA05CO001.html,https://images.mcmworldwide.com/i/mcmworldwide/MYZGATA05CO001_01/MYZGATA05CO001/aren-비세토스-트라이엥글-크로스바디?$large$&fmt=auto&qlt=default
여성,핸드백,클러치-파우치,aren-라봇-비세토스-크로스바디-파우치,MYZGSTA02CO001,MYZGSTA02CO001,1,https://kr.mcmworldwide.com/ko_KR/%EC%97%AC%EC%84%B1/%ED%95%B8%EB%93%9C%EB%B0%B1/%ED%81%B4%EB%9F%AC%EC%B9%98-%ED%8C%8C%EC%9A%B0%EC%B9%98/aren-%EB%9D%BC%EB%B4%87-%EB%B9%84%EC%84%B8%ED%86%A0%EC%8A%A4-%ED%81%AC%EB%A1%9C%EC%8A%A4%EB%B0%94%EB%94%94-%ED%8C%8C%EC%9A%B0%EC%B9%98/MYZGSTA02CO001.html,https://images.mcmworldwide.com/i/mcmworldwide/MYZGSTA02CO001_01/MYZGSTA02CO001/aren-라봇-비세토스-크로스바디-파우치?$large$&fmt=auto&qlt=default
여성,핸드백,클러치-파우치,aren-그라데이션-비세토스-손목-스트랩-파우치,MYZGSTA04L8001,MYZGSTA04L8001,1,https://kr.mcmworldwide.com/ko_KR/%EC%97%AC%EC%84%B1/%ED%95%B8%EB%93%9C%EB%B0%B1/%ED%81%B4%EB%9F%AC%EC%B9%98-%ED%8C%8C%EC%9A%B0%EC%B9%98/aren-%EA%B7%B8%EB%9D%BC%EB%8D%B0%EC%9D%B4%EC%85%98-%EB%B9%84%EC%84%B8%ED%86%A0%EC%8A%A4-%EC%86%90%EB%AA%A9-%EC%8A%A4%ED%8A%B8%EB%9E%A9-%ED%8C%8C%EC%9A%B0%EC%B9%98/MYZGSTA04L8001.html,https://images.mcmworldwide.com/i/mcmworldwide/MYZGSTA04L8001_01/MYZGSTA04L8001/aren-그라데이션-비세토스-손목-스트랩-파우치?$large$&fmt=auto&qlt=default
여성,핸드백,클러치-파우치,diamond-비세토스-레더-믹스-클러치,MWCGAAK01CO001,MWCGAAK01CO001,1,https://kr.mcmworldwide.com/ko_KR/%EC%97%AC%EC%84%B1/%ED%95%B8%EB%93%9C%EB%B0%B1/%ED%81%B4%EB%9F%AC%EC%B9%98-%ED%8C%8C%EC%9A%B0%EC%B9%98/diamond-%EB%B9%84%EC%84%B8%ED%86%A0%EC%8A%A4-%EB%A0%88%EB%8D%94-%EB%AF%B9%EC%8A%A4-%ED%81%B4%EB%9F%AC%EC%B9%98/MWCGAAK01CO001.html,https://images.mcmworldwide.com/i/mcmworldwide/MWCGAAK01CO001_01/MWCGAAK01CO001/diamond-비세토스-레더-믹스-클러치?$large$&fmt=auto&qlt=default
여성,핸드백,클러치-파우치,diamond-로레토스-루렉스-자카드-클러치,MWCGSAK01BK001,MWCGSAK01BK001,1,https://kr.mcmworldwide.com/ko_KR/%EC%97%AC%EC%84%B1/%ED%95%B8%EB%93%9C%EB%B0%B1/%ED%81%B4%EB%9F%AC%EC%B9%98-%ED%8C%8C%EC%9A%B0%EC%B9%98/diamond-%EB%A1%9C%EB%A0%88%ED%86%A0%EC%8A%A4-%EB%A3%A8%EB%A0%89%EC%8A%A4-%EC%9E%90%EC%B9%B4%EB%93%9C-%ED%81%B4%EB%9F%AC%EC%B9%98/MWCGSAK01BK001.html,https://images.mcmworldwide.com/i/mcmworldwide/MWCGSAK01BK001_01/MWCGSAK01BK001/diamond-로레토스-루렉스-자카드-클러치?$large$&fmt=auto&qlt=default
여성,핸드백,클러치-파우치,mcm-x-we-the-best-비세토스-크로스바디-파우치,MYZGATA10CO001,MYZGATA10CO001,1,https://kr.mcmworldwide.com/ko_KR/%EC%97%AC%EC%84%B1/%ED%95%B8%EB%93%9C%EB%B0%B1/%ED%81%B4%EB%9F%AC%EC%B9%98-%ED%8C%8C%EC%9A%B0%EC%B9%98/mcm-x-we-the-best-%EB%B9%84%EC%84%B8%ED%86%A0%EC%8A%A4-%ED%81%AC%EB%A1%9C%EC%8A%A4%EB%B0%94%EB%94%94-%ED%8C%8C%EC%9A%B0%EC%B9%98/MYZGATA10CO001.html,https://images.mcmworldwide.com/i/mcmworldwide/MYZGATA10CO001_01/MYZGATA10CO001/mcm-x-we-the-best-비세토스-크로스바디-파우치?$large$&fmt=auto&qlt=default
여성,핸드백,클러치-파우치,비세토스-오리지널-크로스바디-파우치,MYZAAVI02K8001,MYZAAVI02K8001;MYZAAVI02PZ001;MYZAAVI02WT001,3,https://kr.mcmworldwide.com/ko_KR/%EC%97%AC%EC%84%B1/%ED%95%B8%EB%93%9C%EB%B0%B1/%ED%81%B4%EB%9F%AC%EC%B9%98-%ED%8C%8C%EC%9A%B0%EC%B9%98/%EB%B9%84%EC%84%B8%ED%86%A0%EC%8A%A4-%EC%98%A4%EB%A6%AC%EC%A7%80%EB%84%90-%ED%81%AC%EB%A1%9C%EC%8A%A4%EB%B0%94%EB%94%94-%ED%8C%8C%EC%9A%B0%EC%B9%98/MYZAAVI02K8001.html,https://images.mcmworldwide.com/i/mcmworldwide/MYZAAVI02K8001_01/MYZAAVI02K8001/비세토스-오리지널-크로스바디-파우치?$large$&fmt=auto&qlt=default
여성,핸드백,클러치-파우치,체인-스트랩이-더해진-라봇-비세토스-스탠딩-파우치,MYZGSTA03BK001,MYZGSTA03BK001,1,https://kr.mcmworldwide.com/ko_KR/%EC%97%AC%EC%84%B1/%ED%95%B8%EB%93%9C%EB%B0%B1/%ED%81%B4%EB%9F%AC%EC%B9%98-%ED%8C%8C%EC%9A%B0%EC%B9%98/%EC%B2%B4%EC%9D%B8-%EC%8A%A4%ED%8A%B8%EB%9E%A9%EC%9D%B4-%EB%8D%94%ED%95%B4%EC%A7%84-%EB%9D%BC%EB%B4%87-%EB%B9%84%EC%84%B8%ED%86%A0%EC%8A%A4-%EC%8A%A4%ED%83%A0%EB%94%A9-%ED%8C%8C%EC%9A%B0%EC%B9%98/MYZGSTA03BK001.html,https://images.mcmworldwide.com/i/mcmworldwide/MYZGSTA03BK001_01/MYZGSTA03BK001/체인-스트랩이-더해진-라봇-비세토스-스탠딩-파우치?$large$&fmt=auto&qlt=default
여성,핸드백,클러치-파우치,비세토스-크로스바디-파우치,MYZGSTA094B001,MYZGSTA094B001,1,https://kr.mcmworldwide.com/ko_KR/%EC%97%AC%EC%84%B1/%ED%95%B8%EB%93%9C%EB%B0%B1/%ED%81%B4%EB%9F%AC%EC%B9%98-%ED%8C%8C%EC%9A%B0%EC%B9%98/%EB%B9%84%EC%84%B8%ED%86%A0%EC%8A%A4-%ED%81%AC%EB%A1%9C%EC%8A%A4%EB%B0%94%EB%94%94-%ED%8C%8C%EC%9A%B0%EC%B9%98/MYZGSTA094B001.html,https://images.mcmworldwide.com/i/mcmworldwide/MYZGSTA094B001_01/MYZGSTA094B001/비세토스-크로스바디-파우치?$large$&fmt=auto&qlt=default
여성,핸드백,탑-핸들백,ella-비세토스-보스턴-백,MWBESEA01BK001,MWBESEA01BK001;MWBESEA01CO001;MWBESEA01PZ001;MWBESEA01WT001;MWBESEA02BK001;MWBESEA02CO001;MWBESEA02PZ001;MWBESEA02WT001;MWBESEA03BK001;MWBESEA03CO001;MWBFAEA01CO001;MWBFAEA03BK001;MWBFAEA03CO001,13,https://kr.mcmworldwide.com/ko_KR/%EC%97%AC%EC%84%B1/%ED%95%B8%EB%93%9C%EB%B0%B1/%ED%83%91-%ED%95%B8%EB%93%A4%EB%B0%B1/ella-%EB%B9%84%EC%84%B8%ED%86%A0%EC%8A%A4-%EB%B3%B4%EC%8A%A4%ED%84%B4-%EB%B0%B1/MWBESEA01BK001.html,https://images.mcmworldwide.com/i/mcmworldwide/MWBESEA01BK001_01/MWBESEA01BK001/ella-비세토스-보스턴-백?$large$&fmt=auto&qlt=default
여성,핸드백,탑-핸들백,ella-맥시-모노그램-레더-보스턴-백,MWBESEA04BK001,MWBESEA04BK001;MWBESEA06BK001;MWBGSEA03QA001,3,https://kr.mcmworldwide.com/ko_KR/%EC%97%AC%EC%84%B1/%ED%95%B8%EB%93%9C%EB%B0%B1/%ED%83%91-%ED%95%B8%EB%93%A4%EB%B0%B1/ella-%EB%A7%A5%EC%8B%9C-%EB%AA%A8%EB%85%B8%EA%B7%B8%EB%9E%A8-%EB%A0%88%EB%8D%94-%EB%B3%B4%EC%8A%A4%ED%84%B4-%EB%B0%B1/MWBESEA04BK001.html,https://images.mcmworldwide.com/i/mcmworldwide/MWBESEA04BK001_01/MWBESEA04BK001/ella-맥시-모노그램-레더-보스턴-백?$large$&fmt=auto&qlt=default
여성,핸드백,탑-핸들백,ella-비세토스-보스톤,MWBFAEA031F001,MWBFAEA031F001,1,https://kr.mcmworldwide.com/ko_KR/%EC%97%AC%EC%84%B1/%ED%95%B8%EB%93%9C%EB%B0%B1/%ED%83%91-%ED%95%B8%EB%93%A4%EB%B0%B1/ella-%EB%B9%84%EC%84%B8%ED%86%A0%EC%8A%A4-%EB%B3%B4%EC%8A%A4%ED%86%A4/MWBFAEA031F001.html,https://images.mcmworldwide.com/i/mcmworldwide/MWBFAEA031F001_01/MWBFAEA031F001/ella-비세토스-보스톤?$large$&fmt=auto&qlt=default
여성,핸드백,탑-핸들백,-ella-디스코-비세토스-보스턴,MWBGAEA01CO001,MWBGAEA01CO001,1,https://kr.mcmworldwide.com/ko_KR/%EC%97%AC%EC%84%B1/%ED%95%B8%EB%93%9C%EB%B0%B1/%ED%83%91-%ED%95%B8%EB%93%A4%EB%B0%B1/-ella-%EB%94%94%EC%8A%A4%EC%BD%94-%EB%B9%84%EC%84%B8%ED%86%A0%EC%8A%A4-%EB%B3%B4%EC%8A%A4%ED%84%B4/MWBGAEA01CO001.html,https://images.mcmworldwide.com/i/mcmworldwide/MWBGAEA01CO001_01/MWBGAEA01CO001/-ella-디스코-비세토스-보스턴?$large$&fmt=auto&qlt=default
여성,핸드백,탑-핸들백,ella-맥시-비세토스-보스턴-백,MWBGSEA024B001,MWBGSEA024B001,1,https://kr.mcmworldwide.com/ko_KR/%EC%97%AC%EC%84%B1/%ED%95%B8%EB%93%9C%EB%B0%B1/%ED%83%91-%ED%95%B8%EB%93%A4%EB%B0%B1/ella-%EB%A7%A5%EC%8B%9C-%EB%B9%84%EC%84%B8%ED%86%A0%EC%8A%A4-%EB%B3%B4%EC%8A%A4%ED%84%B4-%EB%B0%B1/MWBGSEA024B001.html,https://images.mcmworldwide.com/i/mcmworldwide/MWBGSEA024B001_01/MWBGSEA024B001/ella-맥시-비세토스-보스턴-백?$large$&fmt=auto&qlt=default
여성,핸드백,탑-핸들백,ella-라봇-비세토스-보스턴-백,MWBGSEA04CO001,MWBGSEA04CO001;MWBGSEA05BK001,2,https://kr.mcmworldwide.com/ko_KR/%EC%97%AC%EC%84%B1/%ED%95%B8%EB%93%9C%EB%B0%B1/%ED%83%91-%ED%95%B8%EB%93%A4%EB%B0%B1/ella-%EB%9D%BC%EB%B4%87-%EB%B9%84%EC%84%B8%ED%86%A0%EC%8A%A4-%EB%B3%B4%EC%8A%A4%ED%84%B4-%EB%B0%B1/MWBGSEA04CO001.html,https://images.mcmworldwide.com/i/mcmworldwide/MWBGSEA04CO001_01/MWBGSEA04CO001/ella-라봇-비세토스-보스턴-백?$large$&fmt=auto&qlt=default
여성,핸드백,탑-핸들백,ella-로레토스-루렉스-자카드-보스턴-백,MWBGSEA06BK001,MWBGSEA06BK001,1,https://kr.mcmworldwide.com/ko_KR/%EC%97%AC%EC%84%B1/%ED%95%B8%EB%93%9C%EB%B0%B1/%ED%83%91-%ED%95%B8%EB%93%A4%EB%B0%B1/ella-%EB%A1%9C%EB%A0%88%ED%86%A0%EC%8A%A4-%EB%A3%A8%EB%A0%89%EC%8A%A4-%EC%9E%90%EC%B9%B4%EB%93%9C-%EB%B3%B4%EC%8A%A4%ED%84%B4-%EB%B0%B1/MWBGSEA06BK001.html,https://images.mcmworldwide.com/i/mcmworldwide/MWBGSEA06BK001_01/MWBGSEA06BK001/ella-로레토스-루렉스-자카드-보스턴-백?$large$&fmt=auto&qlt=default
여성,핸드백,탑-핸들백,ella-비세토스-보스턴,MWBGSEA08I8001,MWBGSEA08I8001;MWBGSEA08WT001,2,https://kr.mcmworldwide.com/ko_KR/%EC%97%AC%EC%84%B1/%ED%95%B8%EB%93%9C%EB%B0%B1/%ED%83%91-%ED%95%B8%EB%93%A4%EB%B0%B1/ella-%EB%B9%84%EC%84%B8%ED%86%A0%EC%8A%A4-%EB%B3%B4%EC%8A%A4%ED%84%B4/MWBGSEA08I8001.html,https://images.mcmworldwide.com/i/mcmworldwide/MWBGSEA08I8001_01/MWBGSEA08I8001/ella-비세토스-보스턴?$large$&fmt=auto&qlt=default
여성,핸드백,탑-핸들백,mcm-x-ateez-with-mingi-ella-비세토스-보스턴,MWBGAUP01CO001,MWBGAUP01CO001;MWBGAUP02CO001,2,https://kr.mcmworldwide.com/ko_KR/%EC%97%AC%EC%84%B1/%ED%95%B8%EB%93%9C%EB%B0%B1/%ED%83%91-%ED%95%B8%EB%93%A4%EB%B0%B1/mcm-x-ateez-with-mingi-ella-%EB%B9%84%EC%84%B8%ED%86%A0%EC%8A%A4-%EB%B3%B4%EC%8A%A4%ED%84%B4/MWBGAUP01CO001.html,https://images.mcmworldwide.com/i/mcmworldwide/MWBGAUP01CO001_01/MWBGAUP01CO001/mcm-x-ateez-with-mingi-ella-비세토스-보스턴?$large$&fmt=auto&qlt=default
여성,핸드백,탑-핸들백,비세토스-오리지널-보스턴-백,MWBAASE03CO001,MWBAASE03CO001,1,https://kr.mcmworldwide.com/ko_KR/%EC%97%AC%EC%84%B1/%ED%95%B8%EB%93%9C%EB%B0%B1/%ED%83%91-%ED%95%B8%EB%93%A4%EB%B0%B1/%EB%B9%84%EC%84%B8%ED%86%A0%EC%8A%A4-%EC%98%A4%EB%A6%AC%EC%A7%80%EB%84%90-%EB%B3%B4%EC%8A%A4%ED%84%B4-%EB%B0%B1/MWBAASE03CO001.html,https://images.mcmworldwide.com/i/mcmworldwide/MWBAASE03CO001_01/MWBAASE03CO001/비세토스-오리지널-보스턴-백?$large$&fmt=auto&qlt=default
트래블,러기지-백,(전체),aren-노바-모노그램-econyl®-위켄더,MMVGATT06BK001,MMVGATT06BK001,1,https://kr.mcmworldwide.com/ko_KR/%ED%8A%B8%EB%9E%98%EB%B8%94/%EB%9F%AC%EA%B8%B0%EC%A7%80-%EB%B0%B1/aren-%EB%85%B8%EB%B0%94-%EB%AA%A8%EB%85%B8%EA%B7%B8%EB%9E%A8-econyl%C2%AE-%EC%9C%84%EC%BC%84%EB%8D%94/MMVGATT06BK001.html,https://images.mcmworldwide.com/i/mcmworldwide/MMVGATT06BK001_01/MMVGATT06BK001/aren-노바-모노그램-econyl®-위켄더?$large$&fmt=auto&qlt=default
트래블,러기지-백,(전체),mcm-x-we-the-best-ottomar-비세토스-위켄더-백,MMVGATT08CO001,MMVGATT08CO001,1,https://kr.mcmworldwide.com/ko_KR/%ED%8A%B8%EB%9E%98%EB%B8%94/%EB%9F%AC%EA%B8%B0%EC%A7%80-%EB%B0%B1/mcm-x-we-the-best-ottomar-%EB%B9%84%EC%84%B8%ED%86%A0%EC%8A%A4-%EC%9C%84%EC%BC%84%EB%8D%94-%EB%B0%B1/MMVGATT08CO001.html,https://images.mcmworldwide.com/i/mcmworldwide/MMVGATT08CO001_01/MMVGATT08CO001/mcm-x-we-the-best-ottomar-비세토스-위켄더-백?$large$&fmt=auto&qlt=default
트래블,러기지-백,(전체),비세토스-소재의-오토마-위켄더-백.,MMVAAVY02BK001,MMVAAVY02BK001;MMVAAVY02CO001;MMVAAVY03BK001;MMVAAVY03CO001,4,https://kr.mcmworldwide.com/ko_KR/%ED%8A%B8%EB%9E%98%EB%B8%94/%EB%9F%AC%EA%B8%B0%EC%A7%80-%EB%B0%B1/%EB%B9%84%EC%84%B8%ED%86%A0%EC%8A%A4-%EC%86%8C%EC%9E%AC%EC%9D%98-%EC%98%A4%ED%86%A0%EB%A7%88-%EC%9C%84%EC%BC%84%EB%8D%94-%EB%B0%B1./MMVAAVY02BK001.html,https://images.mcmworldwide.com/i/mcmworldwide/MMVAAVY02BK001_01/MMVAAVY02BK001/비세토스-소재의-오토마-위켄더-백.?$large$&fmt=auto&qlt=default
트래블,러기지-백,(전체),ottomar-econyl®-가죽-위켄더-백팩,MMVFATT01BK001,MMVFATT01BK001,1,https://kr.mcmworldwide.com/ko_KR/%ED%8A%B8%EB%9E%98%EB%B8%94/%EB%9F%AC%EA%B8%B0%EC%A7%80-%EB%B0%B1/ottomar-econyl%C2%AE-%EA%B0%80%EC%A3%BD-%EC%9C%84%EC%BC%84%EB%8D%94-%EB%B0%B1%ED%8C%A9/MMVFATT01BK001.html,https://images.mcmworldwide.com/i/mcmworldwide/MMVFATT01BK001_01/MMVFATT01BK001/ottomar-econyl®-가죽-위켄더-백팩?$large$&fmt=auto&qlt=default
트래블,러기지-백,(전체),ottomar-econyl®과-가죽을-사용한-위켄더-백팩,MMVFATT01K8001,MMVFATT01K8001,1,https://kr.mcmworldwide.com/ko_KR/%ED%8A%B8%EB%9E%98%EB%B8%94/%EB%9F%AC%EA%B8%B0%EC%A7%80-%EB%B0%B1/ottomar-econyl%C2%AE%EA%B3%BC-%EA%B0%80%EC%A3%BD%EC%9D%84-%EC%82%AC%EC%9A%A9%ED%95%9C-%EC%9C%84%EC%BC%84%EB%8D%94-%EB%B0%B1%ED%8C%A9/MMVFATT01K8001.html,https://images.mcmworldwide.com/i/mcmworldwide/MMVFATT01K8001_01/MMVFATT01K8001/ottomar-econyl®과-가죽을-사용한-위켄더-백팩?$large$&fmt=auto&qlt=default
트래블,러기지-백,(전체),ottomar-비세토스-위켄더-백,MMVAAVY01WT001,MMVAAVY01WT001;MMVFATT02K8001,2,https://kr.mcmworldwide.com/ko_KR/%ED%8A%B8%EB%9E%98%EB%B8%94/%EB%9F%AC%EA%B8%B0%EC%A7%80-%EB%B0%B1/ottomar-%EB%B9%84%EC%84%B8%ED%86%A0%EC%8A%A4-%EC%9C%84%EC%BC%84%EB%8D%94-%EB%B0%B1/MMVAAVY01WT001.html,https://images.mcmworldwide.com/i/mcmworldwide/MMVAAVY01WT001_01/MMVAAVY01WT001/ottomar-비세토스-위켄더-백?$large$&fmt=auto&qlt=default
트래블,러기지-백,(전체),ottomar-맥시-모노그램-레더-위켄더-백,MMVFSTT04VC001,MMVFSTT04VC001,1,https://kr.mcmworldwide.com/ko_KR/%ED%8A%B8%EB%9E%98%EB%B8%94/%EB%9F%AC%EA%B8%B0%EC%A7%80-%EB%B0%B1/ottomar-%EB%A7%A5%EC%8B%9C-%EB%AA%A8%EB%85%B8%EA%B7%B8%EB%9E%A8-%EB%A0%88%EB%8D%94-%EC%9C%84%EC%BC%84%EB%8D%94-%EB%B0%B1/MMVFSTT04VC001.html,https://images.mcmworldwide.com/i/mcmworldwide/MMVFSTT04VC001_01/MMVFSTT04VC001/ottomar-맥시-모노그램-레더-위켄더-백?$large$&fmt=auto&qlt=default
트래블,러기지-백,(전체),ottomar-비세토스-위켄더,MMVGATT01BK001,MMVGATT01BK001;MMVGATT01CO001;MMVGATT01PZ001;MMVGATT07K8001,4,https://kr.mcmworldwide.com/ko_KR/%ED%8A%B8%EB%9E%98%EB%B8%94/%EB%9F%AC%EA%B8%B0%EC%A7%80-%EB%B0%B1/ottomar-%EB%B9%84%EC%84%B8%ED%86%A0%EC%8A%A4-%EC%9C%84%EC%BC%84%EB%8D%94/MMVGATT01BK001.html,https://images.mcmworldwide.com/i/mcmworldwide/MMVGATT01BK001_01/MMVGATT01BK001/ottomar-비세토스-위켄더?$large$&fmt=auto&qlt=default
트래블,러기지-백,(전체),ottomar-맥시-비세토스-위켄더,MMVGATT024B001,MMVGATT024B001,1,https://kr.mcmworldwide.com/ko_KR/%ED%8A%B8%EB%9E%98%EB%B8%94/%EB%9F%AC%EA%B8%B0%EC%A7%80-%EB%B0%B1/ottomar-%EB%A7%A5%EC%8B%9C-%EB%B9%84%EC%84%B8%ED%86%A0%EC%8A%A4-%EC%9C%84%EC%BC%84%EB%8D%94/MMVGATT024B001.html,https://images.mcmworldwide.com/i/mcmworldwide/MMVGATT024B001_01/MMVGATT024B001/ottomar-맥시-비세토스-위켄더?$large$&fmt=auto&qlt=default
트래블,러기지-백,(전체),ottomar-디스코-비세토스-위켄더,MMVGATT03CO001,MMVGATT03CO001,1,https://kr.mcmworldwide.com/ko_KR/%ED%8A%B8%EB%9E%98%EB%B8%94/%EB%9F%AC%EA%B8%B0%EC%A7%80-%EB%B0%B1/ottomar-%EB%94%94%EC%8A%A4%EC%BD%94-%EB%B9%84%EC%84%B8%ED%86%A0%EC%8A%A4-%EC%9C%84%EC%BC%84%EB%8D%94/MMVGATT03CO001.html,https://images.mcmworldwide.com/i/mcmworldwide/MMVGATT03CO001_01/MMVGATT03CO001/ottomar-디스코-비세토스-위켄더?$large$&fmt=auto&qlt=default
트래블,러기지-백,(전체),ottomar-다이아몬드-퀼팅-레더-위켄더,MMVGATT04BK001,MMVGATT04BK001,1,https://kr.mcmworldwide.com/ko_KR/%ED%8A%B8%EB%9E%98%EB%B8%94/%EB%9F%AC%EA%B8%B0%EC%A7%80-%EB%B0%B1/ottomar-%EB%8B%A4%EC%9D%B4%EC%95%84%EB%AA%AC%EB%93%9C-%ED%80%BC%ED%8C%85-%EB%A0%88%EB%8D%94-%EC%9C%84%EC%BC%84%EB%8D%94/MMVGATT04BK001.html,https://images.mcmworldwide.com/i/mcmworldwide/MMVGATT04BK001_01/MMVGATT04BK001/ottomar-다이아몬드-퀼팅-레더-위켄더?$large$&fmt=auto&qlt=default
트래블,러기지-백,(전체),ottomar-라봇-비세토스-위켄더,MMVGSTT01CO001,MMVGSTT01CO001,1,https://kr.mcmworldwide.com/ko_KR/%ED%8A%B8%EB%9E%98%EB%B8%94/%EB%9F%AC%EA%B8%B0%EC%A7%80-%EB%B0%B1/ottomar-%EB%9D%BC%EB%B4%87-%EB%B9%84%EC%84%B8%ED%86%A0%EC%8A%A4-%EC%9C%84%EC%BC%84%EB%8D%94/MMVGSTT01CO001.html,https://images.mcmworldwide.com/i/mcmworldwide/MMVGSTT01CO001_01/MMVGSTT01CO001/ottomar-라봇-비세토스-위켄더?$large$&fmt=auto&qlt=default
트래블,러기지-백,(전체),ottomar-그라데이션-비세토스-위켄더,MMVGSTT02L8001,MMVGSTT02L8001,1,https://kr.mcmworldwide.com/ko_KR/%ED%8A%B8%EB%9E%98%EB%B8%94/%EB%9F%AC%EA%B8%B0%EC%A7%80-%EB%B0%B1/ottomar-%EA%B7%B8%EB%9D%BC%EB%8D%B0%EC%9D%B4%EC%85%98-%EB%B9%84%EC%84%B8%ED%86%A0%EC%8A%A4-%EC%9C%84%EC%BC%84%EB%8D%94/MMVGSTT02L8001.html,https://images.mcmworldwide.com/i/mcmworldwide/MMVGSTT02L8001_01/MMVGSTT02L8001/ottomar-그라데이션-비세토스-위켄더?$large$&fmt=auto&qlt=default
트래블,러기지-백,(전체),ottomar-비세토스-가먼트-백,MMVGSTT03BK001,MMVGSTT03BK001;MMVGSTT03CO001,2,https://kr.mcmworldwide.com/ko_KR/%ED%8A%B8%EB%9E%98%EB%B8%94/%EB%9F%AC%EA%B8%B0%EC%A7%80-%EB%B0%B1/ottomar-%EB%B9%84%EC%84%B8%ED%86%A0%EC%8A%A4-%EA%B0%80%EB%A8%BC%ED%8A%B8-%EB%B0%B1/MMVGSTT03BK001.html,https://images.mcmworldwide.com/i/mcmworldwide/MMVGSTT03BK001_01/MMVGSTT03BK001/ottomar-비세토스-가먼트-백?$large$&fmt=auto&qlt=default
트래블,트래블-액세서리,(전체),aren-비세토스-코스메틱-파우치,MYZGSTA01CO001,MYZGSTA01CO001;MYZGSTA08PZ001,2,https://kr.mcmworldwide.com/ko_KR/%ED%8A%B8%EB%9E%98%EB%B8%94/%ED%8A%B8%EB%9E%98%EB%B8%94-%EC%95%A1%EC%84%B8%EC%84%9C%EB%A6%AC/aren-%EB%B9%84%EC%84%B8%ED%86%A0%EC%8A%A4-%EC%BD%94%EC%8A%A4%EB%A9%94%ED%8B%B1-%ED%8C%8C%EC%9A%B0%EC%B9%98/MYZGSTA01CO001.html,https://images.mcmworldwide.com/i/mcmworldwide/MYZGSTA01CO001_01/MYZGSTA01CO001/aren-비세토스-코스메틱-파우치?$large$&fmt=auto&qlt=default
트래블,트래블-액세서리,(전체),ottomar-econyl®과-가죽이-더해진-토일레트리-백,MXZFATT01BK001,MXZFATT01BK001;MXZFATT03BK001,2,https://kr.mcmworldwide.com/ko_KR/%ED%8A%B8%EB%9E%98%EB%B8%94/%ED%8A%B8%EB%9E%98%EB%B8%94-%EC%95%A1%EC%84%B8%EC%84%9C%EB%A6%AC/ottomar-econyl%C2%AE%EA%B3%BC-%EA%B0%80%EC%A3%BD%EC%9D%B4-%EB%8D%94%ED%95%B4%EC%A7%84-%ED%86%A0%EC%9D%BC%EB%A0%88%ED%8A%B8%EB%A6%AC-%EB%B0%B1/MXZFATT01BK001.html,https://images.mcmworldwide.com/i/mcmworldwide/MXZFATT01BK001_01/MXZFATT01BK001/ottomar-econyl®과-가죽이-더해진-토일레트리-백?$large$&fmt=auto&qlt=default
트래블,트래블-액세서리,(전체),ottomar-인조-퍼와-비세토스-mars-dog-보틀-홀더,MXZGATT03CO001,MXZGATT03CO001,1,https://kr.mcmworldwide.com/ko_KR/%ED%8A%B8%EB%9E%98%EB%B8%94/%ED%8A%B8%EB%9E%98%EB%B8%94-%EC%95%A1%EC%84%B8%EC%84%9C%EB%A6%AC/ottomar-%EC%9D%B8%EC%A1%B0-%ED%8D%BC%EC%99%80-%EB%B9%84%EC%84%B8%ED%86%A0%EC%8A%A4-mars-dog-%EB%B3%B4%ED%8B%80-%ED%99%80%EB%8D%94/MXZGATT03CO001.html,https://images.mcmworldwide.com/i/mcmworldwide/MXZGATT03CO001_01/MXZGATT03CO001/ottomar-인조-퍼와-비세토스-mars-dog-보틀-홀더?$large$&fmt=auto&qlt=default
트래블,트래블-액세서리,(전체),ottomar-비세토스-여권-지갑,MXVESTT02BK001,MXVESTT02BK001;MXVFATT01BK001;MXVFATT01CO001,3,https://kr.mcmworldwide.com/ko_KR/%ED%8A%B8%EB%9E%98%EB%B8%94/%ED%8A%B8%EB%9E%98%EB%B8%94-%EC%95%A1%EC%84%B8%EC%84%9C%EB%A6%AC/ottomar-%EB%B9%84%EC%84%B8%ED%86%A0%EC%8A%A4-%EC%97%AC%EA%B6%8C-%EC%A7%80%EA%B0%91/MXVESTT02BK001.html,https://images.mcmworldwide.com/i/mcmworldwide/MXVESTT02BK001_01/MXVESTT02BK001/ottomar-비세토스-여권-지갑?$large$&fmt=auto&qlt=default
트래블,트래블-액세서리,(전체),ottomar-비세토스-여권-케이스,MXVFATT014B001,MXVFATT014B001,1,https://kr.mcmworldwide.com/ko_KR/%ED%8A%B8%EB%9E%98%EB%B8%94/%ED%8A%B8%EB%9E%98%EB%B8%94-%EC%95%A1%EC%84%B8%EC%84%9C%EB%A6%AC/ottomar-%EB%B9%84%EC%84%B8%ED%86%A0%EC%8A%A4-%EC%97%AC%EA%B6%8C-%EC%BC%80%EC%9D%B4%EC%8A%A4/MXVFATT014B001.html,https://images.mcmworldwide.com/i/mcmworldwide/MXVFATT014B001_01/MXVFATT014B001/ottomar-비세토스-여권-케이스?$large$&fmt=auto&qlt=default
트래블,트래블-액세서리,(전체),ottomar-맥시-모노그램-레더-여권-케이스,MXVFATT02BK001,MXVFATT02BK001,1,https://kr.mcmworldwide.com/ko_KR/%ED%8A%B8%EB%9E%98%EB%B8%94/%ED%8A%B8%EB%9E%98%EB%B8%94-%EC%95%A1%EC%84%B8%EC%84%9C%EB%A6%AC/ottomar-%EB%A7%A5%EC%8B%9C-%EB%AA%A8%EB%85%B8%EA%B7%B8%EB%9E%A8-%EB%A0%88%EB%8D%94-%EC%97%AC%EA%B6%8C-%EC%BC%80%EC%9D%B4%EC%8A%A4/MXVFATT02BK001.html,https://images.mcmworldwide.com/i/mcmworldwide/MXVFATT02BK001_01/MXVFATT02BK001/ottomar-맥시-모노그램-레더-여권-케이스?$large$&fmt=auto&qlt=default
트래블,트래블-액세서리,(전체),ottomar-라봇-비세토스-여권-지갑,MXVGSTT01CO001,MXVGSTT01CO001,1,https://kr.mcmworldwide.com/ko_KR/%ED%8A%B8%EB%9E%98%EB%B8%94/%ED%8A%B8%EB%9E%98%EB%B8%94-%EC%95%A1%EC%84%B8%EC%84%9C%EB%A6%AC/ottomar-%EB%9D%BC%EB%B4%87-%EB%B9%84%EC%84%B8%ED%86%A0%EC%8A%A4-%EC%97%AC%EA%B6%8C-%EC%A7%80%EA%B0%91/MXVGSTT01CO001.html,https://images.mcmworldwide.com/i/mcmworldwide/MXVGSTT01CO001_01/MXVGSTT01CO001/ottomar-라봇-비세토스-여권-지갑?$large$&fmt=auto&qlt=default
트래블,트래블-액세서리,(전체),ottomar-비세토스-트래블-케이스,MXZESTT02BK001,MXZESTT02BK001;MXZESTT02CO001;MXZESTT03BK001;MXZESTT03CO001,4,https://kr.mcmworldwide.com/ko_KR/%ED%8A%B8%EB%9E%98%EB%B8%94/%ED%8A%B8%EB%9E%98%EB%B8%94-%EC%95%A1%EC%84%B8%EC%84%9C%EB%A6%AC/ottomar-%EB%B9%84%EC%84%B8%ED%86%A0%EC%8A%A4-%ED%8A%B8%EB%9E%98%EB%B8%94-%EC%BC%80%EC%9D%B4%EC%8A%A4/MXZESTT02BK001.html,https://images.mcmworldwide.com/i/mcmworldwide/MXZESTT02BK001_01/MXZESTT02BK001/ottomar-비세토스-트래블-케이스?$large$&fmt=auto&qlt=default
트래블,트래블-액세서리,(전체),ottomar-비세토스-토일레트리-백,MXZESTT06BK001,MXZESTT06BK001;MXZESTT06CO001;MXZFATT02CO001,3,https://kr.mcmworldwide.com/ko_KR/%ED%8A%B8%EB%9E%98%EB%B8%94/%ED%8A%B8%EB%9E%98%EB%B8%94-%EC%95%A1%EC%84%B8%EC%84%9C%EB%A6%AC/ottomar-%EB%B9%84%EC%84%B8%ED%86%A0%EC%8A%A4-%ED%86%A0%EC%9D%BC%EB%A0%88%ED%8A%B8%EB%A6%AC-%EB%B0%B1/MXZESTT06BK001.html,https://images.mcmworldwide.com/i/mcmworldwide/MXZESTT06BK001_01/MXZESTT06BK001/ottomar-비세토스-토일레트리-백?$large$&fmt=auto&qlt=default
트래블,트래블-액세서리,(전체),ottomar-비세토스-러기지-택,MXZFATT07CO001,MXZFATT07CO001,1,https://kr.mcmworldwide.com/ko_KR/%ED%8A%B8%EB%9E%98%EB%B8%94/%ED%8A%B8%EB%9E%98%EB%B8%94-%EC%95%A1%EC%84%B8%EC%84%9C%EB%A6%AC/ottomar-%EB%B9%84%EC%84%B8%ED%86%A0%EC%8A%A4-%EB%9F%AC%EA%B8%B0%EC%A7%80-%ED%83%9D/MXZFATT07CO001.html,https://images.mcmworldwide.com/i/mcmworldwide/MXZFATT07CO001_01/MXZFATT07CO001/ottomar-비세토스-러기지-택?$large$&fmt=auto&qlt=default
트래블,트래블-액세서리,(전체),ottomar-비세토스-트래블-파우치,MXZFSTT03CO001,MXZFSTT03CO001;MXZFSTT04CO001;MXZGATT024B001,3,https://kr.mcmworldwide.com/ko_KR/%ED%8A%B8%EB%9E%98%EB%B8%94/%ED%8A%B8%EB%9E%98%EB%B8%94-%EC%95%A1%EC%84%B8%EC%84%9C%EB%A6%AC/ottomar-%EB%B9%84%EC%84%B8%ED%86%A0%EC%8A%A4-%ED%8A%B8%EB%9E%98%EB%B8%94-%ED%8C%8C%EC%9A%B0%EC%B9%98/MXZFSTT03CO001.html,https://images.mcmworldwide.com/i/mcmworldwide/MXZFSTT03CO001_01/MXZFSTT03CO001/ottomar-비세토스-트래블-파우치?$large$&fmt=auto&qlt=default
트래블,트래블-액세서리,(전체),ottomar-맥시-비세토스-토일레트리-백,MXZGATT014B001,MXZGATT014B001,1,https://kr.mcmworldwide.com/ko_KR/%ED%8A%B8%EB%9E%98%EB%B8%94/%ED%8A%B8%EB%9E%98%EB%B8%94-%EC%95%A1%EC%84%B8%EC%84%9C%EB%A6%AC/ottomar-%EB%A7%A5%EC%8B%9C-%EB%B9%84%EC%84%B8%ED%86%A0%EC%8A%A4-%ED%86%A0%EC%9D%BC%EB%A0%88%ED%8A%B8%EB%A6%AC-%EB%B0%B1/MXZGATT014B001.html,https://images.mcmworldwide.com/i/mcmworldwide/MXZGATT014B001_01/MXZGATT014B001/ottomar-맥시-비세토스-토일레트리-백?$large$&fmt=auto&qlt=default
트래블,트렁크,(전체),비세토스-모자-박스,MEZDSMM04CO001,MEZDSMM04CO001;MEZDSMM05CO001;MEZGSMM06PZ001,3,https://kr.mcmworldwide.com/ko_KR/%ED%8A%B8%EB%9E%98%EB%B8%94/%ED%8A%B8%EB%A0%81%ED%81%AC/%EB%B9%84%EC%84%B8%ED%86%A0%EC%8A%A4-%EB%AA%A8%EC%9E%90-%EB%B0%95%EC%8A%A4/MEZDSMM04CO001.html,https://images.mcmworldwide.com/i/mcmworldwide/MEZDSMM04CO001_01/MEZDSMM04CO001/비세토스-모자-박스?$large$&fmt=auto&qlt=default
트래블,트렁크,(전체),비세토스-수트케이스,MEZDSMM14CO001,MEZDSMM14CO001;MEZDSMM15CO001;MEZESMM05CO001;MEZESMM06CO001;MEZGSMM03PZ001;MEZGSMM04PZ001;MEZGSMM05PZ001,7,https://kr.mcmworldwide.com/ko_KR/%ED%8A%B8%EB%9E%98%EB%B8%94/%ED%8A%B8%EB%A0%81%ED%81%AC/%EB%B9%84%EC%84%B8%ED%86%A0%EC%8A%A4-%EC%88%98%ED%8A%B8%EC%BC%80%EC%9D%B4%EC%8A%A4/MEZDSMM14CO001.html,https://images.mcmworldwide.com/i/mcmworldwide/MEZDSMM14CO001_01/MEZDSMM14CO001/비세토스-수트케이스?$large$&fmt=auto&qlt=default
트래블,트롤리-더플백,(전체),mcm-트래블-컬렉션-트래블-캐리어(21인치),MUV6SHE28BK001,MUV6SHE28BK001,1,https://kr.mcmworldwide.com/ko_KR/%ED%8A%B8%EB%9E%98%EB%B8%94/%ED%8A%B8%EB%A1%A4%EB%A6%AC-%EB%8D%94%ED%94%8C%EB%B0%B1/mcm-%ED%8A%B8%EB%9E%98%EB%B8%94-%EC%BB%AC%EB%A0%89%EC%85%98-%ED%8A%B8%EB%9E%98%EB%B8%94-%EC%BA%90%EB%A6%AC%EC%96%B4(21%EC%9D%B8%EC%B9%98)/MUV6SHE28BK001.html,https://images.mcmworldwide.com/i/mcmworldwide/MUV6SHE28BK001_01/MUV6SHE28BK001/mcm-트래블-컬렉션-트래블-캐리어(21인치)?$large$&fmt=auto&qlt=default
트래블,트롤리-더플백,(전체),mcm-x-harper-collective-라지-체크인,MMVEATT06BK001,MMVEATT06BK001,1,https://kr.mcmworldwide.com/ko_KR/%ED%8A%B8%EB%9E%98%EB%B8%94/%ED%8A%B8%EB%A1%A4%EB%A6%AC-%EB%8D%94%ED%94%8C%EB%B0%B1/mcm-x-harper-collective-%EB%9D%BC%EC%A7%80-%EC%B2%B4%ED%81%AC%EC%9D%B8/MMVEATT06BK001.html,https://images.mcmworldwide.com/i/mcmworldwide/MMVEATT06BK001_01/MMVEATT06BK001/mcm-x-harper-collective-라지-체크인?$large$&fmt=auto&qlt=default
트래블,트롤리-더플백,(전체),mcm-x-harper-collective-캐빈-익스펜더블,MMVEATT07BK001,MMVEATT07BK001,1,https://kr.mcmworldwide.com/ko_KR/%ED%8A%B8%EB%9E%98%EB%B8%94/%ED%8A%B8%EB%A1%A4%EB%A6%AC-%EB%8D%94%ED%94%8C%EB%B0%B1/mcm-x-harper-collective-%EC%BA%90%EB%B9%88-%EC%9D%B5%EC%8A%A4%ED%8E%9C%EB%8D%94%EB%B8%94/MMVEATT07BK001.html,https://images.mcmworldwide.com/i/mcmworldwide/MMVEATT07BK001_01/MMVEATT07BK001/mcm-x-harper-collective-캐빈-익스펜더블?$large$&fmt=auto&qlt=default
트래블,트롤리-더플백,(전체),mcm-x-harper-collective-캐빈,MMVEATT08BK001,MMVEATT08BK001,1,https://kr.mcmworldwide.com/ko_KR/%ED%8A%B8%EB%9E%98%EB%B8%94/%ED%8A%B8%EB%A1%A4%EB%A6%AC-%EB%8D%94%ED%94%8C%EB%B0%B1/mcm-x-harper-collective-%EC%BA%90%EB%B9%88/MMVEATT08BK001.html,https://images.mcmworldwide.com/i/mcmworldwide/MMVEATT08BK001_01/MMVEATT08BK001/mcm-x-harper-collective-캐빈?$large$&fmt=auto&qlt=default
트래블,트롤리-더플백,(전체),mcm-x-rawrow-ottomar-체크인-트롤리,MMVFATT04D5001,MMVFATT04D5001,1,https://kr.mcmworldwide.com/ko_KR/%ED%8A%B8%EB%9E%98%EB%B8%94/%ED%8A%B8%EB%A1%A4%EB%A6%AC-%EB%8D%94%ED%94%8C%EB%B0%B1/mcm-x-rawrow-ottomar-%EC%B2%B4%ED%81%AC%EC%9D%B8-%ED%8A%B8%EB%A1%A4%EB%A6%AC/MMVFATT04D5001.html,https://images.mcmworldwide.com/i/mcmworldwide/MMVFATT04D5001_01/MMVFATT04D5001/mcm-x-rawrow-ottomar-체크인-트롤리?$large$&fmt=auto&qlt=default
트래블,트롤리-더플백,(전체),mcm-x-rawrow-ottomar 트롤리,MMVFATT05D5001,MMVFATT05D5001,1,https://kr.mcmworldwide.com/ko_KR/%ED%8A%B8%EB%9E%98%EB%B8%94/%ED%8A%B8%EB%A1%A4%EB%A6%AC-%EB%8D%94%ED%94%8C%EB%B0%B1/mcm-x-rawrow-ottomar%C2%A0%ED%8A%B8%EB%A1%A4%EB%A6%AC/MMVFATT05D5001.html,https://images.mcmworldwide.com/i/mcmworldwide/MMVFATT05D5001_01/MMVFATT05D5001/mcm-x-rawrow-ottomar 트롤리?$large$&fmt=auto&qlt=default
트래블,트롤리-더플백,(전체),ottomar-비세토스-트롤리,MMVDSTT02BK001,MMVDSTT02BK001;MMVDSTT02CO001,2,https://kr.mcmworldwide.com/ko_KR/%ED%8A%B8%EB%9E%98%EB%B8%94/%ED%8A%B8%EB%A1%A4%EB%A6%AC-%EB%8D%94%ED%94%8C%EB%B0%B1/ottomar-%EB%B9%84%EC%84%B8%ED%86%A0%EC%8A%A4-%ED%8A%B8%EB%A1%A4%EB%A6%AC/MMVDSTT02BK001.html,https://images.mcmworldwide.com/i/mcmworldwide/MMVDSTT02BK001_01/MMVDSTT02BK001/ottomar-비세토스-트롤리?$large$&fmt=auto&qlt=default
트래블,트롤리-더플백,(전체),ottomar-비세토스-캐빈-트롤리,MMVGSTT04BK001,MMVGSTT04BK001;MMVGSTT04CO001,2,https://kr.mcmworldwide.com/ko_KR/%ED%8A%B8%EB%9E%98%EB%B8%94/%ED%8A%B8%EB%A1%A4%EB%A6%AC-%EB%8D%94%ED%94%8C%EB%B0%B1/ottomar-%EB%B9%84%EC%84%B8%ED%86%A0%EC%8A%A4-%EC%BA%90%EB%B9%88-%ED%8A%B8%EB%A1%A4%EB%A6%AC/MMVGSTT04BK001.html,https://images.mcmworldwide.com/i/mcmworldwide/MMVGSTT04BK001_01/MMVGSTT04BK001/ottomar-비세토스-캐빈-트롤리?$large$&fmt=auto&qlt=default
